target,followed_starting_date,source,following_end_date
97,0,0,30
149,0,0,30
221,0,0,30
276,0,0,30
482,0,0,30
493,0,0,30
545,0,0,30
713,0,0,30
866,0,0,30
926,0,0,30
561,1,0,30
325,2,0,30
495,2,0,30
995,2,0,30
131,3,0,30
438,3,0,30
514,3,0,30
794,4,0,30
864,5,0,30
892,5,0,30
944,5,0,30
762,6,0,30
198,8,0,30
743,8,0,30
972,8,0,30
319,9,0,30
653,9,0,30
978,10,0,30
815,11,0,30
930,11,0,30
988,11,0,30
8,12,0,30
87,12,0,30
601,12,0,30
830,12,0,30
199,16,0,30
893,17,0,30
458,18,0,30
788,18,0,30
661,19,0,30
735,19,0,30
965,23,0,30
86,0,1,30
318,0,1,30
481,0,1,30
600,0,1,30
977,0,1,30
220,1,1,30
544,1,1,30
964,1,1,30
198,2,1,30
494,2,1,30
863,2,1,30
892,2,1,30
437,3,1,30
513,3,1,30
712,3,1,30
148,4,1,30
275,4,1,30
929,4,1,30
492,5,1,30
925,5,1,30
987,5,1,30
742,6,1,30
787,7,1,30
891,7,1,30
793,8,1,30
943,8,1,30
652,9,1,30
197,10,1,30
457,10,1,30
96,11,1,30
761,11,1,30
971,11,1,30
817,13,1,30
829,15,1,30
130,16,1,30
734,17,1,30
865,17,1,30
814,19,1,30
660,20,1,30
994,21,1,30
560,22,1,30
324,23,1,30
7,24,1,30
85,0,2,30
129,0,2,30
196,0,2,30
456,0,2,30
493,0,2,30
760,0,2,30
543,1,2,30
786,1,2,30
828,2,2,30
993,2,2,30
741,3,2,30
942,3,2,30
436,4,2,30
599,4,2,30
733,4,2,30
813,4,2,30
924,4,2,30
491,5,2,30
659,5,2,30
976,5,2,30
986,5,2,30
95,6,2,30
651,6,2,30
816,6,2,30
890,6,2,30
792,7,2,30
891,7,2,30
970,7,2,30
274,8,2,30
219,9,2,30
928,9,2,30
323,10,2,30
963,10,2,30
6,11,2,30
512,11,2,30
559,11,2,30
480,12,2,30
862,12,2,30
864,12,2,30
197,14,2,30
147,19,2,30
711,23,2,30
317,26,2,30
5,0,3,30
84,0,3,30
94,0,3,30
455,0,3,30
479,0,3,30
542,0,3,30
740,0,3,30
759,0,3,30
273,1,3,30
322,1,3,30
558,1,3,30
658,1,3,30
710,1,3,30
785,1,3,30
889,1,3,30
941,1,3,30
128,2,3,30
146,2,3,30
650,2,3,30
992,2,3,30
863,3,3,30
598,4,3,30
732,4,3,30
812,4,3,30
975,5,3,30
985,5,3,30
511,6,3,30
490,7,3,30
969,7,3,30
962,8,3,30
316,10,3,30
492,10,3,30
791,11,3,30
815,11,3,30
195,15,3,30
923,17,3,30
827,18,3,30
196,19,3,30
218,19,3,30
435,21,3,30
890,21,3,30
927,24,3,30
272,0,4,30
478,0,4,30
557,0,4,30
709,0,4,30
826,0,4,30
127,1,4,30
145,1,4,30
195,1,4,30
315,1,4,30
434,1,4,30
657,1,4,30
811,1,4,30
814,1,4,30
889,1,4,30
984,1,4,30
991,2,4,30
93,3,4,30
784,3,4,30
860,3,4,30
321,4,4,30
731,4,4,30
862,4,4,30
922,4,4,30
217,5,4,30
454,6,4,30
597,6,4,30
649,6,4,30
489,7,4,30
491,7,4,30
940,7,4,30
790,8,4,30
541,9,4,30
758,9,4,30
974,9,4,30
510,11,4,30
739,11,4,30
961,12,4,30
888,13,4,30
194,15,4,30
968,17,4,30
3,0,5,30
144,0,5,30
193,0,5,30
859,0,5,30
921,0,5,30
973,0,5,30
194,1,5,30
216,1,5,30
488,1,5,30
490,1,5,30
648,1,5,30
757,1,5,30
813,1,5,30
983,1,5,30
92,2,5,30
656,2,5,30
789,2,5,30
825,2,5,30
320,3,5,30
967,3,5,30
990,3,5,30
810,4,5,30
82,5,5,30
509,5,5,30
596,5,5,30
730,5,5,30
925,5,5,30
783,6,5,30
939,7,5,30
453,8,5,30
271,9,5,30
708,10,5,30
477,11,5,30
433,12,5,30
888,12,5,30
126,15,5,30
556,19,5,30
960,19,5,30
887,22,5,30
540,24,5,30
738,24,5,30
861,25,5,30
314,28,5,30
91,0,6,30
756,0,6,30
989,0,6,30
125,1,6,30
452,1,6,30
487,1,6,30
647,1,6,30
707,1,6,30
824,1,6,30
886,1,6,30
920,1,6,30
81,2,6,30
193,2,6,30
215,2,6,30
782,2,6,30
982,2,6,30
319,3,6,30
860,3,6,30
313,4,6,30
737,4,6,30
924,4,6,30
143,5,6,30
508,5,6,30
729,5,6,30
788,5,6,30
476,7,6,30
489,7,6,30
539,7,6,30
812,7,6,30
555,8,6,30
595,8,6,30
938,8,6,30
959,10,6,30
192,11,6,30
270,12,6,30
432,13,6,30
655,13,6,30
966,19,6,30
858,21,6,30
887,21,6,30
809,24,6,30
2,26,6,30
972,28,6,30
80,0,7,30
90,0,7,30
318,0,7,30
431,0,7,30
475,0,7,30
507,0,7,30
859,0,7,30
937,0,7,30
486,1,7,30
538,1,7,30
646,1,7,30
706,1,7,30
886,1,7,30
654,2,7,30
736,2,7,30
811,2,7,30
885,2,7,30
755,3,7,30
958,3,7,30
594,4,7,30
269,5,7,30
312,5,7,30
488,6,7,30
781,6,7,30
787,6,7,30
919,6,7,30
191,7,7,30
728,7,7,30
808,7,7,30
554,8,7,30
823,8,7,30
1,9,7,30
981,10,7,30
971,11,7,30
857,12,7,30
451,15,7,30
142,16,7,30
923,17,7,30
192,19,7,30
965,23,7,30
988,23,7,30
214,25,7,30
124,28,7,30
191,0,8,30
450,0,8,30
936,0,8,30
89,1,8,30
537,1,8,30
645,1,8,30
705,1,8,30
856,1,8,30
858,1,8,30
964,1,8,30
735,2,8,30
754,2,8,30
780,2,8,30
970,2,8,30
487,3,8,30
653,3,8,30
810,3,8,30
980,3,8,30
79,4,8,30
593,4,8,30
786,4,8,30
884,4,8,30
918,4,8,30
987,4,8,30
0,5,8,30
141,5,8,30
213,5,8,30
311,5,8,30
317,5,8,30
474,5,8,30
268,6,8,30
506,6,8,30
485,7,8,30
957,7,8,30
553,9,8,30
807,14,8,30
822,15,8,30
190,22,8,30
123,23,8,30
885,26,8,30
727,28,8,30
922,29,8,30
189,0,9,30
473,0,9,30
505,0,9,30
935,0,9,30
536,1,9,30
855,1,9,30
979,1,9,30
78,2,9,30
449,2,9,30
726,3,9,30
884,4,9,30
963,4,9,30
88,5,9,30
190,5,9,30
212,5,9,30
592,5,9,30
644,5,9,30
753,5,9,30
267,6,9,30
704,6,9,30
122,7,9,30
316,7,9,30
821,7,9,30
857,7,9,30
969,7,9,30
986,7,9,30
652,9,9,30
883,9,9,30
779,10,9,30
484,11,9,30
956,11,9,30
429,12,9,30
140,14,9,30
552,14,9,30
806,15,9,30
734,16,9,30
921,16,9,30
486,18,9,30
809,19,9,30
310,20,9,30
785,25,9,30
188,0,10,30
309,0,10,30
472,0,10,30
87,1,10,30
121,1,10,30
448,1,10,30
504,1,10,30
752,1,10,30
882,1,10,30
485,3,10,30
551,3,10,30
854,3,10,30
934,3,10,30
985,3,10,30
77,4,10,30
139,4,10,30
784,4,10,30
808,4,10,30
189,5,10,30
315,5,10,30
535,5,10,30
725,5,10,30
856,5,10,30
883,5,10,30
651,6,10,30
703,6,10,30
483,7,10,30
733,7,10,30
820,8,10,30
920,8,10,30
962,8,10,30
968,8,10,30
778,10,10,30
266,11,10,30
428,11,10,30
955,12,10,30
211,13,10,30
805,13,10,30
978,15,10,30
643,16,10,30
591,17,10,30
916,23,10,30
471,0,11,30
482,0,11,30
550,0,11,30
751,0,11,30
977,0,11,30
447,1,11,30
503,1,11,30
534,1,11,30
819,1,11,30
853,1,11,30
882,1,11,30
984,1,11,30
314,2,11,30
86,3,11,30
427,3,11,30
915,3,11,30
210,4,11,30
777,4,11,30
954,4,11,30
265,5,11,30
933,5,11,30
76,6,11,30
590,6,11,30
807,6,11,30
187,7,11,30
732,7,11,30
967,8,11,30
484,11,11,30
804,11,11,30
138,12,11,30
650,12,11,30
961,12,11,30
855,13,11,30
308,14,11,30
783,14,11,30
642,15,11,30
702,15,11,30
120,17,11,30
188,24,11,30
919,25,11,30
881,27,11,30
446,0,12,30
481,0,12,30
549,0,12,30
589,0,12,30
750,0,12,30
854,0,12,30
187,1,12,30
307,1,12,30
470,1,12,30
502,1,12,30
533,1,12,30
983,1,12,30
119,2,12,30
960,2,12,30
85,3,12,30
137,4,12,30
641,4,12,30
880,4,12,30
976,4,12,30
723,5,12,30
803,5,12,30
953,5,12,30
313,6,12,30
649,6,12,30
701,7,12,30
918,7,12,30
186,8,12,30
483,8,12,30
776,8,12,30
881,10,12,30
264,12,12,30
932,12,12,30
731,14,12,30
426,15,12,30
806,15,12,30
852,16,12,30
75,17,12,30
914,22,12,30
209,23,12,30
782,24,12,30
966,26,12,30
74,0,13,30
445,0,13,30
482,0,13,30
588,0,13,30
730,0,13,30
851,0,13,30
880,0,13,30
913,0,13,30
965,0,13,30
118,1,13,30
185,1,13,30
501,1,13,30
532,1,13,30
640,1,13,30
648,1,13,30
817,1,13,30
959,2,13,30
84,3,13,30
931,3,13,30
982,3,13,30
548,4,13,30
805,4,13,30
312,5,13,30
879,5,13,30
917,5,13,30
952,5,13,30
469,6,13,30
722,6,13,30
306,7,13,30
700,9,13,30
853,9,13,30
975,9,13,30
802,10,13,30
263,12,13,30
480,12,13,30
749,13,13,30
186,15,13,30
208,15,13,30
136,20,13,30
775,23,13,30
425,24,13,30
481,0,14,30
647,0,14,30
117,1,14,30
305,1,14,30
500,1,14,30
816,1,14,30
729,2,14,30
780,2,14,30
879,2,14,30
639,3,14,30
699,3,14,30
958,3,14,30
262,4,14,30
468,4,14,30
850,4,14,30
916,4,14,30
964,4,14,30
73,5,14,30
135,5,14,30
311,5,14,30
83,6,14,30
185,6,14,30
748,6,14,30
951,6,14,30
721,7,14,30
801,7,14,30
878,7,14,30
930,7,14,30
981,8,14,30
184,9,14,30
444,9,14,30
587,9,14,30
974,9,14,30
207,10,14,30
479,10,14,30
531,10,14,30
852,10,14,30
912,10,14,30
804,13,14,30
774,17,14,30
424,18,14,30
547,20,14,30
530,0,15,30
638,0,15,30
957,0,15,30
499,1,15,30
646,1,15,30
720,1,15,30
915,1,15,30
206,2,15,30
423,2,15,30
800,2,15,30
851,2,15,30
261,3,15,30
134,4,15,30
698,4,15,30
878,4,15,30
929,4,15,30
963,4,15,30
82,5,15,30
980,5,15,30
72,6,15,30
183,6,15,30
310,6,15,30
747,6,15,30
728,7,15,30
803,7,15,30
478,8,15,30
911,8,15,30
973,8,15,30
184,9,15,30
304,9,15,30
773,9,15,30
877,9,15,30
849,10,15,30
443,11,15,30
467,11,15,30
586,11,15,30
815,12,15,30
950,12,15,30
546,13,15,30
480,14,15,30
779,15,15,30
116,23,15,30
309,0,16,30
479,0,16,30
545,0,16,30
645,0,16,30
697,0,16,30
303,1,16,30
814,1,16,30
979,1,16,30
81,2,16,30
133,2,16,30
956,2,16,30
585,3,16,30
719,3,16,30
910,3,16,30
637,4,16,30
850,4,16,30
914,5,16,30
183,6,16,30
877,6,16,30
115,7,16,30
182,7,16,30
928,7,16,30
962,7,16,30
260,8,16,30
422,8,16,30
727,8,16,30
746,8,16,30
972,8,16,30
498,10,16,30
466,12,16,30
802,12,16,30
477,13,16,30
848,13,16,30
529,14,16,30
949,15,16,30
71,16,16,30
799,20,16,30
442,21,16,30
772,22,16,30
778,25,16,30
205,27,16,30
80,0,17,30
204,0,17,30
465,0,17,30
478,0,17,30
801,0,17,30
913,0,17,30
181,1,17,30
302,1,17,30
421,1,17,30
636,1,17,30
813,1,17,30
849,1,17,30
70,2,17,30
259,2,17,30
745,2,17,30
476,3,17,30
528,3,17,30
726,3,17,30
771,3,17,30
875,3,17,30
909,3,17,30
544,4,17,30
777,4,17,30
644,5,17,30
696,5,17,30
718,5,17,30
798,5,17,30
132,6,17,30
876,6,17,30
114,7,17,30
182,7,17,30
955,7,17,30
961,7,17,30
497,9,17,30
978,10,17,30
584,11,17,30
927,11,17,30
308,14,17,30
948,15,17,30
971,17,17,30
441,24,17,30
847,28,17,30
301,0,18,30
440,0,18,30
475,0,18,30
496,0,18,30
643,0,18,30
977,0,18,30
635,1,18,30
797,1,18,30
800,1,18,30
874,1,18,30
908,1,18,30
970,1,18,30
180,2,18,30
258,2,18,30
420,2,18,30
960,2,18,30
203,3,18,30
744,3,18,30
770,3,18,30
181,4,18,30
307,4,18,30
954,4,18,30
527,5,18,30
725,5,18,30
543,6,18,30
875,6,18,30
583,7,18,30
69,8,18,30
776,8,18,30
79,9,18,30
848,9,18,30
113,11,18,30
717,11,18,30
926,11,18,30
846,13,18,30
812,14,18,30
912,14,18,30
695,16,18,30
131,17,18,30
477,20,18,30
464,24,18,30
947,26,18,30
112,0,19,30
300,0,19,30
419,0,19,30
439,0,19,30
542,0,19,30
694,0,19,30
716,0,19,30
911,0,19,30
953,0,19,30
257,1,19,30
873,1,19,30
907,1,19,30
78,2,19,30
180,2,19,30
495,2,19,30
811,2,19,30
946,2,19,30
959,2,19,30
179,3,19,30
474,3,19,30
526,3,19,30
743,3,19,30
769,3,19,30
582,5,19,30
796,5,19,30
845,5,19,30
925,5,19,30
306,6,19,30
969,6,19,30
775,7,19,30
874,7,19,30
68,8,19,30
463,8,19,30
202,9,19,30
847,9,19,30
634,11,19,30
642,12,19,30
976,13,19,30
476,15,19,30
130,16,19,30
799,20,19,30
724,22,19,30
129,0,20,30
473,0,20,30
693,0,20,30
798,0,20,30
67,1,20,30
111,1,20,30
723,1,20,30
742,1,20,30
795,1,20,30
844,1,20,30
906,1,20,30
494,2,20,30
768,2,20,30
256,3,20,30
299,3,20,30
810,3,20,30
945,3,20,30
952,3,20,30
305,4,20,30
438,4,20,30
641,4,20,30
581,5,20,30
910,5,20,30
958,5,20,30
924,6,20,30
462,7,20,30
873,7,20,30
178,9,20,30
541,9,20,30
975,9,20,30
633,12,20,30
846,12,20,30
774,13,20,30
201,15,20,30
872,16,20,30
77,19,20,30
418,21,20,30
715,21,20,30
179,24,20,30
475,27,20,30
298,0,21,30
472,0,21,30
493,0,21,30
580,0,21,30
632,0,21,30
957,0,21,30
66,1,21,30
524,1,21,30
640,1,21,30
797,1,21,30
843,2,21,30
909,2,21,30
974,2,21,30
255,3,21,30
474,3,21,30
692,3,21,30
741,3,21,30
767,3,21,30
437,4,21,30
461,4,21,30
722,6,21,30
773,6,21,30
951,6,21,30
872,7,21,30
794,8,21,30
128,9,21,30
304,9,21,30
178,11,21,30
871,11,21,30
417,12,21,30
110,13,21,30
714,13,21,30
967,13,21,30
923,17,21,30
809,19,21,30
944,19,21,30
177,20,21,30
200,21,21,30
76,22,21,30
540,25,21,30
905,27,21,30
845,28,21,30
460,0,22,30
471,0,22,30
631,0,22,30
808,0,22,30
904,0,22,30
109,1,22,30
254,1,22,30
303,1,22,30
691,1,22,30
844,1,22,30
176,2,22,30
297,2,22,30
842,2,22,30
908,2,22,30
950,2,22,30
956,2,22,30
199,3,22,30
766,3,22,30
870,3,22,30
127,4,22,30
436,4,22,30
473,4,22,30
523,4,22,30
713,4,22,30
740,4,22,30
871,4,22,30
177,5,22,30
492,5,22,30
796,5,22,30
579,6,22,30
65,8,22,30
793,8,22,30
943,8,22,30
639,9,22,30
973,9,22,30
75,10,22,30
416,12,22,30
721,12,22,30
772,13,22,30
539,14,22,30
922,14,22,30
966,22,22,30
74,0,23,30
108,0,23,30
459,0,23,30
765,0,23,30
903,0,23,30
253,1,23,30
302,1,23,30
470,1,23,30
472,1,23,30
538,1,23,30
690,1,23,30
921,1,23,30
198,2,23,30
578,2,23,30
843,2,23,30
907,2,23,30
739,3,23,30
771,3,23,30
870,3,23,30
942,3,23,30
175,4,23,30
176,4,23,30
296,4,23,30
415,4,23,30
869,4,23,30
491,5,23,30
126,6,23,30
807,6,23,30
955,6,23,30
522,7,23,30
792,7,23,30
638,11,23,30
720,12,23,30
841,14,23,30
435,16,23,30
712,18,23,30
965,18,23,30
64,19,23,30
795,23,23,30
949,23,23,30
630,26,23,30
972,28,23,30
629,0,24,30
764,0,24,30
840,0,24,30
902,0,24,30
125,1,24,30
434,1,24,30
458,1,24,30
490,1,24,30
521,1,24,30
537,1,24,30
920,1,24,30
719,2,24,30
842,2,24,30
770,3,24,30
941,3,24,30
174,4,24,30
175,4,24,30
471,4,24,30
637,4,24,30
73,5,24,30
252,5,24,30
469,6,24,30
954,6,24,30
964,7,24,30
689,8,24,30
791,9,24,30
197,10,24,30
794,10,24,30
868,10,24,30
906,10,24,30
971,12,24,30
738,13,24,30
295,15,24,30
301,16,24,30
577,17,24,30
948,20,24,30
806,22,24,30
107,24,24,30
711,25,24,30
414,28,24,30
63,29,24,30
869,29,24,30
62,0,25,30
628,0,25,30
763,0,25,30
72,1,25,30
174,1,25,30
294,1,25,30
536,1,25,30
576,1,25,30
636,1,25,30
718,1,25,30
769,1,25,30
970,1,25,30
489,2,25,30
805,2,25,30
999,2,25,30
251,3,25,30
947,3,25,30
173,4,25,30
468,4,25,30
688,4,25,30
737,4,25,30
953,5,25,30
520,7,25,30
905,7,25,30
940,7,25,30
710,8,25,30
196,10,25,30
867,10,25,30
963,10,25,30
433,12,25,30
457,12,25,30
124,14,25,30
470,14,25,30
790,14,25,30
413,18,25,30
868,20,25,30
300,23,25,30
841,24,25,30
106,25,25,30
839,26,25,30
793,27,25,30
901,27,25,30
71,0,26,30
172,0,26,30
412,0,26,30
456,0,26,30
627,0,26,30
866,0,26,30
998,0,26,30
105,1,26,30
173,1,26,30
195,1,26,30
293,1,26,30
432,1,26,30
488,1,26,30
635,1,26,30
867,1,26,30
709,2,26,30
736,2,26,30
900,2,26,30
250,3,26,30
687,3,26,30
768,3,26,30
952,3,26,30
123,4,26,30
519,4,26,30
535,5,26,30
575,5,26,30
467,6,26,30
762,6,26,30
946,6,26,30
717,7,26,30
792,7,26,30
918,7,26,30
939,7,26,30
969,7,26,30
469,8,26,30
61,9,26,30
962,10,26,30
804,11,26,30
840,11,26,30
838,16,26,30
789,20,26,30
904,28,26,30
172,0,27,30
249,0,27,30
455,0,27,30
917,0,27,30
997,0,27,30
60,1,27,30
194,1,27,30
487,1,27,30
767,1,27,30
899,1,27,30
70,2,27,30
468,2,27,30
708,2,27,30
735,2,27,30
104,3,27,30
803,3,27,30
945,3,27,30
171,4,27,30
574,4,27,30
951,4,27,30
686,5,27,30
903,5,27,30
626,6,27,30
938,6,27,30
122,7,27,30
431,8,27,30
968,8,27,30
292,9,27,30
839,9,27,30
716,10,27,30
837,10,27,30
518,11,27,30
534,11,27,30
634,11,27,30
865,11,27,30
411,12,27,30
961,12,27,30
791,14,27,30
761,15,27,30
788,22,27,30
866,22,27,30
298,27,27,30
466,29,27,30
410,0,28,30
465,0,28,30
625,0,28,30
760,0,28,30
297,1,28,30
486,1,28,30
707,1,28,30
715,1,28,30
864,1,28,30
937,1,28,30
59,2,28,30
193,2,28,30
248,2,28,30
467,2,28,30
902,2,28,30
950,2,28,30
960,2,28,30
573,3,28,30
766,3,28,30
802,3,28,30
170,4,28,30
291,4,28,30
790,4,28,30
916,4,28,30
103,5,28,30
454,5,28,30
944,5,28,30
967,5,28,30
787,6,28,30
898,6,28,30
836,7,28,30
996,7,28,30
69,8,28,30
430,8,28,30
171,9,28,30
517,9,28,30
533,9,28,30
685,9,28,30
838,11,28,30
633,12,28,30
865,21,28,30
734,25,28,30
121,27,28,30
632,0,29,30
759,0,29,30
765,0,29,30
706,1,29,30
901,1,29,30
464,2,29,30
624,2,29,30
786,2,29,30
789,2,29,30
959,2,29,30
995,2,29,30
485,3,29,30
572,3,29,30
863,3,29,30
58,4,29,30
296,4,29,30
733,4,29,30
801,4,29,30
102,5,29,30
453,5,29,30
516,5,29,30
409,6,29,30
897,6,29,30
170,7,29,30
68,8,29,30
120,8,29,30
169,8,29,30
532,8,29,30
943,8,29,30
247,9,29,30
936,9,29,30
192,11,29,30
835,11,29,30
949,11,29,30
864,12,29,30
684,13,29,30
466,18,29,30
714,18,29,30
837,21,29,30
429,22,29,30
915,23,29,30
290,24,29,30
168,0,30,30
191,0,30,30
465,0,30,30
631,0,30,30
713,0,30,30
764,0,30,30
705,1,30,30
732,1,30,30
834,1,30,30
101,2,30,30
119,2,30,30
428,2,30,30
683,2,30,30
800,2,30,30
408,3,30,30
785,3,30,30
863,3,30,30
935,3,30,30
942,3,30,30
958,3,30,30
57,4,30,30
515,4,30,30
295,5,30,30
914,5,30,30
531,6,30,30
994,6,30,30
169,7,30,30
246,8,30,30
463,8,30,30
788,8,30,30
896,8,30,30
623,9,30,30
862,9,30,30
484,11,30,30
948,11,30,30
836,13,30,30
289,15,30,30
67,17,30,30
571,18,30,30
758,18,30,30
452,24,30,30
56,0,31,30
763,0,31,30
833,0,31,30
913,0,31,30
245,1,31,30
294,1,31,30
462,1,31,30
731,1,31,30
757,1,31,30
861,1,31,30
899,1,31,30
964,1,31,30
66,2,31,30
570,2,31,30
934,2,31,30
993,2,31,30
100,3,31,30
427,3,31,30
514,3,31,30
530,3,31,30
682,3,31,30
712,3,31,30
784,3,31,30
895,3,31,30
941,3,31,30
190,5,31,30
288,6,31,30
704,6,31,30
957,7,31,30
168,8,31,30
118,9,31,30
483,9,31,30
799,9,31,30
464,10,31,30
787,10,31,30
167,11,31,30
451,11,31,30
947,11,31,30
407,16,31,30
862,18,31,30
835,21,31,30
630,24,31,30
99,0,32,30
629,0,32,30
756,0,32,30
798,0,32,30
832,0,32,30
894,0,32,30
244,1,32,30
293,1,32,30
406,1,32,30
450,1,32,30
730,1,32,30
861,1,32,30
946,2,32,30
992,2,32,30
513,3,32,30
703,3,32,30
762,3,32,30
482,4,32,30
681,4,32,30
786,4,32,30
55,5,32,30
167,5,32,30
189,5,32,30
287,5,32,30
933,5,32,30
783,6,32,30
898,6,32,30
569,7,32,30
940,7,32,30
65,8,32,30
166,8,32,30
461,8,32,30
860,8,32,30
956,8,32,30
463,9,32,30
912,10,32,30
963,10,32,30
529,14,32,30
117,15,32,30
426,15,32,30
621,18,32,30
711,23,32,30
834,29,32,30
460,0,33,30
628,0,33,30
831,0,33,30
833,0,33,30
462,1,33,30
710,1,33,30
729,1,33,30
797,1,33,30
116,2,33,30
449,2,33,30
991,2,33,30
945,3,33,30
897,4,33,30
98,5,33,30
166,5,33,30
680,5,33,30
785,5,33,30
528,6,33,30
568,6,33,30
782,6,33,30
955,6,33,30
188,7,33,30
481,7,33,30
939,7,33,30
859,8,33,30
911,8,33,30
962,8,33,30
64,9,33,30
292,9,33,30
165,10,33,30
755,10,33,30
761,10,33,30
860,10,33,30
286,11,33,30
512,11,33,30
932,12,33,30
620,13,33,30
54,15,33,30
702,15,33,30
893,17,33,30
243,20,33,30
425,24,33,30
405,25,33,30
459,0,34,30
627,0,34,30
709,0,34,30
781,0,34,30
784,0,34,30
832,0,34,30
859,0,34,30
892,0,34,30
448,1,34,30
527,1,34,30
63,2,34,30
754,2,34,30
938,2,34,30
954,2,34,30
242,3,34,30
567,3,34,30
760,3,34,30
910,3,34,30
931,3,34,30
53,4,34,30
896,4,34,30
164,5,34,30
480,5,34,30
679,5,34,30
796,5,34,30
830,5,34,30
944,5,34,30
115,6,34,30
511,6,34,30
187,7,34,30
701,8,34,30
165,9,34,30
404,9,34,30
990,11,34,30
461,14,34,30
291,15,34,30
619,17,34,30
961,17,34,30
424,18,34,30
728,19,34,30
97,21,34,30
858,22,34,30
285,25,34,30
62,0,35,30
284,0,35,30
460,0,35,30
780,0,35,30
831,0,35,30
930,0,35,30
52,1,35,30
447,1,35,30
458,1,35,30
510,1,35,30
795,1,35,30
858,1,35,30
937,1,35,30
708,2,35,30
759,2,35,30
960,2,35,30
241,3,35,30
526,3,35,30
895,3,35,30
909,3,35,30
290,5,35,30
479,5,35,30
164,6,35,30
626,6,35,30
753,6,35,30
989,6,35,30
96,7,35,30
114,7,35,30
857,7,35,30
163,8,35,30
566,8,35,30
727,8,35,30
700,9,35,30
943,11,35,30
403,12,35,30
618,12,35,30
186,14,35,30
783,14,35,30
953,15,35,30
423,16,35,30
829,16,35,30
678,19,35,30
289,0,36,30
446,0,36,30
459,0,36,30
509,0,36,30
625,0,36,30
894,0,36,30
51,1,36,30
185,1,36,30
752,1,36,30
856,1,36,30
988,1,36,30
240,2,36,30
782,2,36,30
857,2,36,30
959,2,36,30
677,3,36,30
699,3,36,30
422,4,36,30
565,4,36,30
617,4,36,30
726,4,36,30
929,4,36,30
478,5,36,30
707,5,36,30
828,5,36,30
830,5,36,30
113,6,36,30
457,6,36,30
890,6,36,30
95,7,36,30
402,9,36,30
908,9,36,30
936,9,36,30
952,9,36,30
942,10,36,30
61,12,36,30
283,12,36,30
525,12,36,30
758,14,36,30
779,15,36,30
163,19,36,30
162,21,36,30
794,27,36,30
445,0,37,30
456,0,37,30
781,0,37,30
60,1,37,30
421,1,37,30
458,1,37,30
751,1,37,30
757,1,37,30
855,1,37,30
941,1,37,30
94,2,37,30
184,2,37,30
928,2,37,30
676,3,37,30
856,3,37,30
889,3,37,30
935,3,37,30
477,4,37,30
524,4,37,30
698,4,37,30
987,4,37,30
162,5,37,30
508,5,37,30
616,5,37,30
706,5,37,30
725,5,37,30
958,5,37,30
112,6,37,30
288,6,37,30
624,6,37,30
829,6,37,30
239,8,37,30
907,8,37,30
793,9,37,30
951,10,37,30
161,12,37,30
282,12,37,30
564,12,37,30
401,13,37,30
827,15,37,30
778,16,37,30
893,18,37,30
50,29,37,30
161,0,38,30
455,0,38,30
507,0,38,30
756,0,38,30
780,0,38,30
957,0,38,30
444,1,38,30
854,2,38,30
892,2,38,30
934,2,38,30
950,2,38,30
93,3,38,30
563,3,38,30
750,3,38,30
855,3,38,30
281,4,38,30
400,4,38,30
476,4,38,30
523,4,38,30
287,5,38,30
420,5,38,30
697,5,38,30
777,5,38,30
986,5,38,30
183,6,38,30
457,6,38,30
623,6,38,30
705,6,38,30
792,7,38,30
59,8,38,30
615,8,38,30
49,10,38,30
906,10,38,30
160,11,38,30
927,11,38,30
888,12,38,30
238,13,38,30
826,14,38,30
111,16,38,30
675,16,38,30
940,16,38,30
828,20,38,30
160,0,39,30
456,0,39,30
58,1,39,30
159,1,39,30
286,1,39,30
723,1,39,30
48,2,39,30
92,2,39,30
443,2,39,30
522,2,39,30
956,2,39,30
999,2,39,30
399,3,39,30
562,3,39,30
696,3,39,30
755,3,39,30
776,3,39,30
854,3,39,30
891,3,39,30
475,4,39,30
614,4,39,30
749,4,39,30
419,5,39,30
454,5,39,30
933,5,39,30
985,5,39,30
506,6,39,30
622,6,39,30
704,6,39,30
779,6,39,30
182,7,39,30
905,7,39,30
926,7,39,30
853,8,39,30
674,9,39,30
827,9,39,30
825,10,39,30
939,10,39,30
791,11,39,30
949,11,39,30
280,12,39,30
110,15,39,30
237,19,39,30
887,21,39,30
398,0,40,30
455,0,40,30
505,0,40,30
824,0,40,30
826,0,40,30
159,1,40,30
521,1,40,30
561,1,40,30
853,1,40,30
886,1,40,30
47,2,40,30
57,2,40,30
613,2,40,30
673,2,40,30
748,2,40,30
938,2,40,30
775,3,40,30
181,4,40,30
418,5,40,30
453,5,40,30
474,5,40,30
925,5,40,30
279,6,40,30
621,6,40,30
703,6,40,30
722,6,40,30
955,6,40,30
998,6,40,30
158,7,40,30
285,7,40,30
442,7,40,30
236,8,40,30
790,8,40,30
91,9,40,30
695,10,40,30
852,10,40,30
984,10,40,30
754,11,40,30
948,11,40,30
778,16,40,30
890,17,40,30
904,17,40,30
932,21,40,30
108,0,41,30
284,0,41,30
937,0,41,30
46,1,41,30
157,1,41,30
441,1,41,30
620,1,41,30
672,1,41,30
851,1,41,30
931,1,41,30
56,2,41,30
520,2,41,30
825,2,41,30
885,2,41,30
954,2,41,30
747,3,41,30
889,3,41,30
397,4,41,30
924,4,41,30
997,4,41,30
90,5,41,30
417,5,41,30
454,5,41,30
753,5,41,30
903,5,41,30
694,6,41,30
789,6,41,30
278,7,41,30
504,8,41,30
180,10,41,30
823,10,41,30
947,11,41,30
983,11,41,30
612,12,41,30
721,12,41,30
774,13,41,30
235,15,41,30
473,15,41,30
852,16,41,30
702,18,41,30
452,23,41,30
158,24,41,30
560,28,41,30
440,0,42,30
822,0,42,30
923,0,42,30
936,0,42,30
946,0,42,30
953,0,42,30
982,0,42,30
156,1,42,30
701,1,42,30
720,1,42,30
773,1,42,30
824,1,42,30
851,1,42,30
45,2,42,30
472,2,42,30
55,3,42,30
179,3,42,30
519,4,42,30
611,4,42,30
850,4,42,30
89,5,42,30
277,5,42,30
396,5,42,30
453,5,42,30
503,5,42,30
619,5,42,30
788,5,42,30
888,5,42,30
693,6,42,30
107,7,42,30
902,7,42,30
930,7,42,30
234,8,42,30
746,8,42,30
776,8,42,30
559,11,42,30
671,11,42,30
283,12,42,30
416,12,42,30
752,12,42,30
996,15,42,30
451,22,42,30
884,25,42,30
155,0,43,30
276,0,43,30
439,0,43,30
450,0,43,30
745,0,43,30
751,0,43,30
935,0,43,30
945,0,43,30
981,0,43,30
518,1,43,30
558,1,43,30
610,1,43,30
618,1,43,30
772,1,43,30
849,1,43,30
901,1,43,30
719,3,43,30
952,3,43,30
995,3,43,30
44,4,43,30
156,4,43,30
233,4,43,30
471,4,43,30
850,4,43,30
88,5,43,30
883,5,43,30
415,6,43,30
502,6,43,30
775,7,43,30
821,7,43,30
929,7,43,30
106,10,43,30
395,10,43,30
823,10,43,30
178,11,43,30
922,11,43,30
282,12,43,30
787,12,43,30
670,13,43,30
54,15,43,30
692,17,43,30
887,22,43,30
700,24,43,30
452,25,43,30
43,0,44,30
105,0,44,30
557,0,44,30
750,0,44,30
822,0,44,30
980,0,44,30
87,1,44,30
517,1,44,30
609,1,44,30
691,1,44,30
771,1,44,30
849,1,44,30
882,1,44,30
921,1,44,30
155,2,44,30
275,2,44,30
449,2,44,30
900,2,44,30
934,2,44,30
53,4,44,30
501,4,44,30
617,5,44,30
944,5,44,30
414,6,44,30
438,6,44,30
994,6,44,30
154,7,44,30
281,7,44,30
718,7,44,30
848,7,44,30
928,7,44,30
394,8,44,30
699,8,44,30
232,10,44,30
951,10,44,30
999,10,44,30
451,11,44,30
669,12,44,30
470,13,44,30
786,13,44,30
886,13,44,30
774,16,44,30
177,19,44,30
820,19,44,30
744,27,44,30
979,0,45,30
42,1,45,30
154,1,45,30
450,1,45,30
516,1,45,30
690,1,45,30
773,1,45,30
819,1,45,30
899,1,45,30
920,1,45,30
280,2,45,30
556,2,45,30
881,2,45,30
885,2,45,30
86,3,45,30
608,3,45,30
785,3,45,30
176,4,45,30
698,4,45,30
749,4,45,30
770,4,45,30
616,5,45,30
933,5,45,30
950,5,45,30
993,6,45,30
717,7,45,30
821,7,45,30
847,7,45,30
848,7,45,30
469,8,45,30
743,8,45,30
943,8,45,30
153,9,45,30
393,9,45,30
998,9,45,30
500,11,45,30
927,12,45,30
104,13,45,30
668,13,45,30
274,17,45,30
413,18,45,30
231,21,45,30
448,24,45,30
437,27,45,30
230,0,46,30
412,0,46,30
697,0,46,30
748,0,46,30
880,0,46,30
926,0,46,30
153,1,46,30
279,1,46,30
769,1,46,30
772,1,46,30
41,2,46,30
555,2,46,30
85,3,46,30
784,3,46,30
942,3,46,30
175,4,46,30
515,4,46,30
742,4,46,30
818,4,46,30
884,4,46,30
152,5,46,30
607,5,46,30
667,5,46,30
898,6,46,30
992,6,46,30
847,7,46,30
449,8,46,30
615,8,46,30
689,8,46,30
392,10,46,30
499,10,46,30
716,10,46,30
820,11,46,30
949,11,46,30
997,13,46,30
103,15,46,30
468,15,46,30
846,17,46,30
273,20,46,30
436,20,46,30
932,21,46,30
978,21,46,30
447,22,46,30
919,25,46,30
514,1,47,30
715,1,47,30
771,1,47,30
817,1,47,30
931,1,47,30
941,1,47,30
40,2,47,30
554,2,47,30
84,3,47,30
151,3,47,30
696,3,47,30
747,3,47,30
819,3,47,30
897,3,47,30
174,4,47,30
498,4,47,30
614,4,47,30
688,4,47,30
741,4,47,30
918,4,47,30
879,5,47,30
883,5,47,30
925,5,47,30
391,6,47,30
467,6,47,30
606,6,47,30
783,6,47,30
152,7,47,30
448,7,47,30
102,8,47,30
229,8,47,30
435,9,47,30
278,10,47,30
446,10,47,30
50,11,47,30
948,11,47,30
996,11,47,30
411,12,47,30
666,12,47,30
768,12,47,30
846,12,47,30
272,14,47,30
991,15,47,30
977,22,47,30
410,0,48,30
740,0,48,30
917,0,48,30
930,0,48,30
434,1,48,30
605,1,48,30
767,1,48,30
816,1,48,30
882,1,48,30
101,2,48,30
173,2,48,30
782,2,48,30
995,2,48,30
150,3,48,30
151,3,48,30
228,3,48,30
497,3,48,30
770,3,48,30
818,4,48,30
896,4,48,30
976,4,48,30
39,6,48,30
83,6,48,30
665,6,48,30
553,7,48,30
746,7,48,30
878,7,48,30
990,7,48,30
513,8,48,30
271,9,48,30
390,10,48,30
445,10,48,30
695,10,48,30
947,11,48,30
49,12,48,30
277,12,48,30
466,12,48,30
687,12,48,30
845,13,48,30
924,13,48,30
940,14,48,30
714,18,48,30
613,19,48,30
447,22,48,30
844,27,48,30
150,0,49,30
172,0,49,30
276,0,49,30
433,0,49,30
465,0,49,30
694,0,49,30
713,0,49,30
745,0,49,30
923,0,49,30
946,0,49,30
989,0,49,30
100,1,49,30
496,1,49,30
604,1,49,30
817,1,49,30
844,1,49,30
48,2,49,30
769,3,49,30
444,4,49,30
739,4,49,30
916,4,49,30
82,5,49,30
686,5,49,30
409,6,49,30
781,6,49,30
877,6,49,30
389,7,49,30
815,7,49,30
929,7,49,30
664,8,49,30
843,8,49,30
895,8,49,30
512,9,49,30
881,10,49,30
766,13,49,30
939,13,49,30
38,14,49,30
446,14,49,30
552,14,49,30
975,14,49,30
994,18,49,30
270,19,49,30
227,22,49,30
612,25,49,30
149,27,49,30
99,0,50,30
149,0,50,30
693,0,50,30
894,0,50,30
945,0,50,30
685,1,50,30
744,1,50,30
816,1,50,30
915,1,50,30
988,1,50,30
47,2,50,30
171,2,50,30
275,2,50,30
445,2,50,30
464,2,50,30
495,2,50,30
768,2,50,30
843,2,50,30
938,2,50,30
37,3,50,30
408,3,50,30
511,3,50,30
712,3,50,30
780,3,50,30
443,4,50,30
611,4,50,30
922,4,50,30
226,5,50,30
663,5,50,30
880,5,50,30
148,6,50,30
765,6,50,30
814,6,50,30
876,6,50,30
928,7,50,30
551,8,50,30
993,10,50,30
81,12,50,30
432,13,50,30
603,15,50,30
842,17,50,30
974,19,50,30
388,20,50,30
738,29,50,30
550,0,51,30
684,0,51,30
921,0,51,30
937,0,51,30
973,0,51,30
510,1,51,30
407,2,51,30
444,2,51,30
494,2,51,30
842,2,51,30
879,2,51,30
98,3,51,30
274,3,51,30
692,3,51,30
767,3,51,30
80,4,51,30
431,5,51,30
662,5,51,30
813,5,51,30
914,5,51,30
992,5,51,30
36,6,51,30
148,6,51,30
841,6,51,30
875,6,51,30
170,7,51,30
815,7,51,30
463,8,51,30
764,8,51,30
987,8,51,30
46,9,51,30
737,9,51,30
779,10,51,30
387,12,51,30
743,13,51,30
927,13,51,30
225,14,51,30
893,17,51,30
268,18,51,30
610,18,51,30
944,18,51,30
442,19,51,30
711,20,51,30
147,28,51,30
493,0,52,30
509,0,52,30
549,0,52,30
683,0,52,30
840,0,52,30
913,0,52,30
936,0,52,30
273,1,52,30
406,1,52,30
462,1,52,30
661,1,52,30
710,1,52,30
742,1,52,30
874,1,52,30
920,1,52,30
45,2,52,30
386,2,52,30
443,2,52,30
97,3,52,30
169,3,52,30
224,3,52,30
766,3,52,30
79,4,52,30
691,4,52,30
878,4,52,30
430,5,52,30
736,5,52,30
892,5,52,30
146,6,52,30
441,6,52,30
812,6,52,30
926,7,52,30
986,7,52,30
35,8,52,30
943,8,52,30
778,10,52,30
814,10,52,30
609,11,52,30
763,11,52,30
972,15,52,30
601,19,52,30
267,21,52,30
991,23,52,30
841,29,52,30
272,0,53,30
440,0,53,30
709,0,53,30
765,0,53,30
935,0,53,30
145,1,53,30
811,1,53,30
873,1,53,30
78,2,53,30
146,2,53,30
223,3,53,30
682,3,53,30
839,3,53,30
985,3,53,30
990,3,53,30
492,4,53,30
548,4,53,30
741,4,53,30
777,4,53,30
813,4,53,30
912,4,53,30
44,5,53,30
508,5,53,30
925,5,53,30
96,7,53,30
442,7,53,30
608,7,53,30
34,8,53,30
168,8,53,30
405,8,53,30
461,8,53,30
690,8,53,30
877,9,53,30
942,10,53,30
971,11,53,30
600,13,53,30
762,13,53,30
840,13,53,30
385,14,53,30
660,15,53,30
266,17,53,30
891,20,53,30
429,22,53,30
439,0,54,30
460,0,54,30
507,0,54,30
740,0,54,30
764,0,54,30
911,0,54,30
989,0,54,30
144,1,54,30
145,1,54,30
941,1,54,30
970,1,54,30
984,1,54,30
428,2,54,30
934,2,54,30
271,3,54,30
384,3,54,30
776,3,54,30
838,3,54,30
839,3,54,30
167,4,54,30
599,4,54,30
812,4,54,30
918,4,54,30
404,5,54,30
491,5,54,30
810,5,54,30
441,6,54,30
607,6,54,30
890,6,54,30
924,6,54,30
33,7,54,30
95,7,54,30
876,7,54,30
689,8,54,30
222,9,54,30
761,11,54,30
872,13,54,30
659,15,54,30
43,16,54,30
681,16,54,30
265,17,54,30
77,19,54,30
734,25,54,30
547,26,54,30
144,0,55,30
221,0,55,30
383,0,55,30
459,0,55,30
658,0,55,30
763,0,55,30
775,0,55,30
42,1,55,30
490,1,55,30
811,1,55,30
889,1,55,30
983,1,55,30
94,2,55,30
427,3,55,30
760,3,55,30
838,3,55,30
875,3,55,30
910,3,55,30
166,4,55,30
440,4,55,30
546,4,55,30
598,4,55,30
739,4,55,30
871,4,55,30
143,5,55,30
680,5,55,30
707,5,55,30
837,5,55,30
917,5,55,30
270,6,55,30
606,6,55,30
969,6,55,30
733,7,55,30
940,7,55,30
32,9,55,30
988,11,55,30
264,12,55,30
403,12,55,30
438,12,55,30
688,16,55,30
506,17,55,30
923,18,55,30
933,18,55,30
809,19,55,30
76,22,55,30
605,0,56,30
706,0,56,30
808,0,56,30
982,0,56,30
142,1,56,30
220,1,56,30
657,1,56,30
732,1,56,30
874,1,56,30
909,2,56,30
916,2,56,30
41,3,56,30
93,3,56,30
870,3,56,30
143,4,56,30
382,4,56,30
810,4,56,30
922,4,56,30
987,4,56,30
31,5,56,30
269,5,56,30
545,5,56,30
679,5,56,30
888,5,56,30
597,6,56,30
165,7,56,30
939,7,56,30
968,8,56,30
402,9,56,30
458,9,56,30
75,10,56,30
836,11,56,30
263,12,56,30
489,12,56,30
426,14,56,30
439,14,56,30
774,15,56,30
762,16,56,30
837,17,56,30
505,20,56,30
687,22,56,30
759,23,56,30
932,24,56,30
738,25,56,30
437,27,56,30
74,0,57,30
219,0,57,30
262,0,57,30
921,0,57,30
981,0,57,30
142,1,57,30
488,1,57,30
504,1,57,30
731,1,57,30
807,1,57,30
873,1,57,30
908,1,57,30
931,1,57,30
92,2,57,30
656,2,57,30
915,2,57,30
758,3,57,30
967,3,57,30
544,4,57,30
773,4,57,30
938,4,57,30
30,5,57,30
381,5,57,30
596,5,57,30
686,5,57,30
164,6,57,30
268,6,57,30
438,6,57,30
836,7,57,30
436,8,57,30
678,9,57,30
869,10,57,30
141,11,57,30
835,11,57,30
457,12,57,30
40,13,57,30
401,13,57,30
425,14,57,30
761,19,57,30
809,19,57,30
986,19,57,30
604,20,57,30
705,23,57,30
140,0,58,30
380,0,58,30
595,0,58,30
655,0,58,30
704,0,58,30
937,0,58,30
980,0,58,30
487,1,58,30
503,1,58,30
677,1,58,30
730,1,58,30
834,1,58,30
907,1,58,30
920,1,58,30
29,2,58,30
261,2,58,30
757,2,58,30
914,2,58,30
760,3,58,30
835,3,58,30
985,3,58,30
141,4,58,30
400,4,58,30
456,4,58,30
267,5,58,30
736,5,58,30
39,6,58,30
543,6,58,30
91,7,58,30
930,7,58,30
163,8,58,30
424,8,58,30
808,8,58,30
685,9,58,30
868,10,58,30
437,11,58,30
886,13,58,30
73,14,58,30
435,16,58,30
806,17,58,30
772,22,58,30
872,22,58,30
966,22,58,30
218,23,58,30
603,28,58,30
139,0,59,30
140,0,59,30
379,0,59,30
502,0,59,30
684,0,59,30
756,0,59,30
913,0,59,30
936,0,59,30
965,0,59,30
979,0,59,30
72,1,59,30
434,1,59,30
486,1,59,30
602,1,59,30
676,1,59,30
729,1,59,30
807,1,59,30
867,1,59,30
906,1,59,30
423,2,59,30
805,2,59,30
885,2,59,30
399,3,59,30
771,3,59,30
834,3,59,30
984,3,59,30
260,4,59,30
871,4,59,30
929,4,59,30
90,5,59,30
217,5,59,30
594,5,59,30
919,6,59,30
38,7,59,30
455,7,59,30
542,8,59,30
735,8,59,30
833,8,59,30
654,9,59,30
266,11,59,30
28,12,59,30
703,13,59,30
759,14,59,30
162,15,59,30
436,15,59,30
37,0,60,30
138,0,60,30
139,0,60,30
433,0,60,30
683,0,60,30
935,0,60,30
71,1,60,30
216,1,60,30
501,1,60,30
870,1,60,30
27,2,60,30
259,2,60,30
485,3,60,30
653,3,60,30
758,3,60,30
770,3,60,30
983,3,60,30
398,4,60,30
422,4,60,30
912,4,60,30
918,4,60,30
89,5,60,30
378,6,60,30
454,6,60,30
593,6,60,30
905,7,60,30
928,7,60,30
964,7,60,30
161,8,60,30
541,8,60,30
755,8,60,30
833,8,60,30
832,9,60,30
728,10,60,30
866,10,60,30
884,10,60,30
978,10,60,30
265,11,60,30
804,11,60,30
601,12,60,30
435,13,60,30
806,15,60,30
675,16,60,30
734,17,60,30
702,22,60,30
88,0,61,30
138,0,61,30
540,0,61,30
904,0,61,30
911,0,61,30
917,0,61,30
977,0,61,30
26,1,61,30
432,1,61,30
434,1,61,30
500,1,61,30
701,1,61,30
757,1,61,30
769,1,61,30
832,1,61,30
70,2,61,30
258,2,61,30
397,2,61,30
805,2,61,30
883,2,61,30
682,3,61,30
803,3,61,30
982,3,61,30
484,4,61,30
652,4,61,30
869,4,61,30
592,5,61,30
831,5,61,30
36,6,61,30
137,6,61,30
421,6,61,30
733,7,61,30
754,7,61,30
727,8,61,30
160,9,61,30
453,9,61,30
674,9,61,30
377,10,61,30
963,10,61,30
865,11,61,30
600,13,61,30
927,13,61,30
215,14,61,30
934,14,61,30
264,17,61,30
376,0,62,30
431,0,62,30
433,0,62,30
539,0,62,30
903,0,62,30
926,0,62,30
25,1,62,30
87,1,62,30
452,1,62,30
499,1,62,30
830,1,62,30
864,1,62,30
882,1,62,30
396,2,62,30
591,2,62,30
673,2,62,30
768,2,62,30
257,3,62,30
756,3,62,30
802,3,62,30
831,3,62,30
681,4,62,30
726,4,62,30
916,4,62,30
933,5,62,30
137,6,62,30
214,6,62,30
420,6,62,30
753,6,62,30
136,7,62,30
483,7,62,30
732,7,62,30
962,7,62,30
981,7,62,30
35,8,62,30
599,8,62,30
69,9,62,30
651,9,62,30
868,10,62,30
804,11,62,30
159,12,62,30
700,12,62,30
976,15,62,30
910,17,62,30
263,19,62,30
24,0,63,30
213,0,63,30
262,0,63,30
419,0,63,30
482,0,63,30
498,0,63,30
538,0,63,30
680,0,63,30
902,0,63,30
432,1,63,30
672,1,63,30
752,1,63,30
767,1,63,30
829,1,63,30
830,1,63,30
915,1,63,30
650,2,63,30
863,2,63,30
86,3,63,30
256,3,63,30
755,3,63,30
803,3,63,30
867,3,63,30
375,4,63,30
135,5,63,30
430,5,63,30
725,5,63,30
980,5,63,30
158,7,63,30
598,7,63,30
801,7,63,30
881,7,63,30
961,7,63,30
34,8,63,30
699,8,63,30
975,8,63,30
395,10,63,30
590,10,63,30
925,10,63,30
68,12,63,30
932,12,63,30
136,14,63,30
731,14,63,30
909,17,63,30
451,21,63,30
23,0,64,30
431,0,64,30
481,0,64,30
679,0,64,30
866,0,64,30
880,0,64,30
157,1,64,30
751,1,64,30
829,1,64,30
901,1,64,30
908,1,64,30
979,1,64,30
212,2,64,30
255,2,64,30
800,2,64,30
828,2,64,30
960,2,64,30
974,2,64,30
85,3,64,30
261,3,64,30
394,3,64,30
450,3,64,30
497,3,64,30
766,3,64,30
802,3,64,30
931,3,64,30
134,4,64,30
374,4,64,30
589,4,64,30
924,4,64,30
730,5,64,30
597,6,64,30
33,7,64,30
862,9,64,30
754,11,64,30
537,13,64,30
135,14,64,30
418,15,64,30
671,15,64,30
67,17,64,30
649,18,64,30
698,19,64,30
914,22,64,30
429,25,64,30
724,27,64,30
373,0,65,30
393,0,65,30
417,0,65,30
496,0,65,30
801,0,65,30
930,0,65,30
156,1,65,30
588,1,65,30
648,1,65,30
723,1,65,30
907,1,65,30
133,2,65,30
670,2,65,30
729,2,65,30
959,2,65,30
84,3,65,30
211,3,65,30
750,3,65,30
765,3,65,30
879,3,65,30
536,4,65,30
973,4,65,30
480,5,65,30
697,5,65,30
134,6,65,30
596,6,65,30
753,6,65,30
428,7,65,30
260,8,65,30
449,8,65,30
978,9,65,30
22,10,65,30
913,10,65,30
430,11,65,30
32,12,65,30
827,15,65,30
923,17,65,30
828,18,65,30
678,19,65,30
66,21,65,30
799,21,65,30
865,21,65,30
254,22,65,30
900,28,65,30
31,0,66,30
155,0,66,30
595,0,66,30
677,0,66,30
728,0,66,30
798,0,66,30
448,1,66,30
647,1,66,30
752,1,66,30
826,1,66,30
864,1,66,30
899,1,66,30
906,1,66,30
21,2,66,30
259,2,66,30
416,2,66,30
495,2,66,30
427,3,66,30
977,3,66,30
878,4,66,30
929,4,66,30
479,5,66,30
696,5,66,30
958,5,66,30
132,6,66,30
133,6,66,30
722,6,66,30
800,6,66,30
372,7,66,30
669,8,66,30
972,8,66,30
749,9,66,30
253,10,66,30
392,10,66,30
764,10,66,30
860,10,66,30
912,10,66,30
922,11,66,30
429,12,66,30
587,13,66,30
827,18,66,30
535,19,66,30
210,27,66,30
391,0,67,30
826,0,67,30
859,0,67,30
911,0,67,30
209,1,67,30
447,1,67,30
646,1,67,30
676,1,67,30
751,1,67,30
258,2,67,30
371,2,67,30
415,2,67,30
494,2,67,30
534,2,67,30
748,2,67,30
763,2,67,30
132,3,67,30
20,4,67,30
30,5,67,30
82,5,67,30
252,5,67,30
428,5,67,30
478,5,67,30
594,5,67,30
797,5,67,30
863,5,67,30
154,6,67,30
877,6,67,30
668,7,67,30
928,7,67,30
957,7,67,30
586,8,67,30
727,8,67,30
64,9,67,30
695,10,67,30
971,11,67,30
905,13,67,30
921,13,67,30
131,15,67,30
426,15,67,30
898,16,67,30
976,18,67,30
825,19,67,30
799,21,67,30
29,0,68,30
251,0,68,30
446,0,68,30
645,0,68,30
824,0,68,30
904,0,68,30
208,1,68,30
257,1,68,30
427,1,68,30
858,1,68,30
81,2,68,30
370,2,68,30
493,2,68,30
956,2,68,30
970,2,68,30
131,3,68,30
585,3,68,30
726,3,68,30
750,3,68,30
862,4,68,30
897,4,68,30
477,5,68,30
796,5,68,30
798,5,68,30
910,5,68,30
130,6,68,30
414,6,68,30
593,6,68,30
667,6,68,30
694,6,68,30
720,6,68,30
762,6,68,30
876,6,68,30
975,8,68,30
63,9,68,30
153,9,68,30
533,9,68,30
390,10,68,30
747,10,68,30
825,10,68,30
927,11,68,30
425,16,68,30
675,16,68,30
19,18,68,30
920,25,68,30
152,0,69,30
445,0,69,30
592,0,69,30
903,0,69,30
926,0,69,30
426,1,69,30
797,1,69,30
369,2,69,30
532,2,69,30
909,2,69,30
974,2,69,30
80,3,69,30
250,3,69,30
256,3,69,30
476,3,69,30
824,3,69,30
492,4,69,30
896,4,69,30
18,5,69,30
644,5,69,30
389,6,69,30
693,6,69,30
875,6,69,30
919,6,69,30
955,6,69,30
62,7,69,30
207,7,69,30
674,7,69,30
725,7,69,30
823,8,69,30
749,9,69,30
999,10,69,30
761,11,69,30
129,12,69,30
666,12,69,30
857,12,69,30
413,14,69,30
719,15,69,30
130,16,69,30
584,19,69,30
795,21,69,30
28,22,69,30
746,25,69,30
969,25,69,30
249,0,70,30
475,0,70,30
643,0,70,30
760,0,70,30
902,0,70,30
973,0,70,30
998,0,70,30
856,1,70,30
874,1,70,30
206,2,70,30
444,2,70,30
531,2,70,30
724,2,70,30
745,2,70,30
908,2,70,30
954,2,70,30
255,3,70,30
423,3,70,30
860,3,70,30
895,3,70,30
151,4,70,30
822,4,70,30
796,5,70,30
925,5,70,30
61,6,70,30
748,6,70,30
583,7,70,30
718,7,70,30
79,8,70,30
368,8,70,30
794,8,70,30
823,8,70,30
968,8,70,30
17,10,70,30
128,10,70,30
918,10,70,30
412,11,70,30
491,11,70,30
673,11,70,30
665,12,70,30
591,13,70,30
388,14,70,30
425,14,70,30
129,15,70,30
692,17,70,30
150,0,71,30
254,0,71,30
759,0,71,30
894,0,71,30
917,0,71,30
953,0,71,30
997,0,71,30
26,1,71,30
60,1,71,30
127,1,71,30
490,1,71,30
530,1,71,30
672,1,71,30
723,1,71,30
855,1,71,30
873,1,71,30
78,2,71,30
248,2,71,30
443,2,71,30
793,2,71,30
907,2,71,30
747,3,71,30
967,3,71,30
422,4,71,30
691,4,71,30
474,5,71,30
582,5,71,30
924,6,71,30
16,7,71,30
717,7,71,30
859,7,71,30
424,8,71,30
664,8,71,30
972,8,71,30
795,9,71,30
590,10,71,30
411,12,71,30
901,13,71,30
367,18,71,30
387,18,71,30
744,19,71,30
128,26,71,30
205,27,71,30
642,28,71,30
821,29,71,30
149,0,72,30
247,0,72,30
473,0,72,30
589,0,72,30
923,0,72,30
25,1,72,30
641,2,72,30
722,2,72,30
792,2,72,30
854,2,72,30
966,2,72,30
410,3,72,30
423,3,72,30
489,3,72,30
77,4,72,30
127,4,72,30
366,4,72,30
916,4,72,30
952,4,72,30
581,5,72,30
663,5,72,30
15,7,72,30
442,7,72,30
746,7,72,30
872,7,72,30
996,7,72,30
59,8,72,30
204,8,72,30
743,8,72,30
900,8,72,30
758,9,72,30
421,10,72,30
529,10,72,30
716,10,72,30
794,10,72,30
906,10,72,30
999,10,72,30
820,11,72,30
690,12,72,30
971,12,72,30
386,13,72,30
821,18,72,30
893,18,72,30
858,22,72,30
126,23,72,30
253,23,72,30
246,0,73,30
422,0,73,30
472,0,73,30
580,0,73,30
588,0,73,30
742,0,73,30
745,0,73,30
965,0,73,30
998,0,73,30
441,1,73,30
715,1,73,30
757,1,73,30
899,1,73,30
915,1,73,30
252,2,73,30
721,2,73,30
793,2,73,30
14,3,73,30
203,3,73,30
420,3,73,30
148,4,73,30
488,4,73,30
819,4,73,30
871,4,73,30
922,4,73,30
951,4,73,30
385,5,73,30
409,5,73,30
528,5,73,30
662,5,73,30
76,6,73,30
126,6,73,30
365,6,73,30
857,7,73,30
905,7,73,30
853,8,73,30
791,9,73,30
689,10,73,30
892,10,73,30
58,11,73,30
995,11,73,30
970,12,73,30
24,15,73,30
820,17,73,30
640,18,73,30
125,23,73,30
670,29,73,30
419,0,74,30
440,0,74,30
471,0,74,30
904,0,74,30
921,0,74,30
997,0,74,30
13,1,74,30
125,1,74,30
251,1,74,30
421,1,74,30
527,1,74,30
661,1,74,30
720,1,74,30
744,1,74,30
819,1,74,30
856,1,74,30
870,1,74,30
57,2,74,30
792,2,74,30
950,2,74,30
408,3,74,30
741,3,74,30
756,3,74,30
891,3,74,30
790,4,74,30
818,4,74,30
688,5,74,30
23,6,74,30
898,6,74,30
964,6,74,30
969,6,74,30
124,7,74,30
384,7,74,30
579,7,74,30
364,8,74,30
75,10,74,30
669,10,74,30
852,10,74,30
587,13,74,30
714,13,74,30
245,16,74,30
639,16,74,30
202,19,74,30
487,20,74,30
994,25,74,30
914,26,74,30
74,0,75,30
383,0,75,30
439,0,75,30
740,0,75,30
851,0,75,30
903,0,75,30
913,0,75,30
470,1,75,30
817,1,75,30
855,1,75,30
56,2,75,30
244,2,75,30
420,2,75,30
713,2,75,30
789,2,75,30
993,2,75,30
12,3,75,30
578,3,75,30
755,3,75,30
897,3,75,30
123,4,75,30
818,4,75,30
869,4,75,30
407,6,75,30
124,7,75,30
486,7,75,30
996,7,75,30
586,8,75,30
687,8,75,30
146,9,75,30
719,9,75,30
791,9,75,30
526,10,75,30
668,10,75,30
963,10,75,30
638,11,75,30
22,12,75,30
201,13,75,30
418,15,75,30
890,15,75,30
949,15,75,30
743,17,75,30
250,19,75,30
920,26,75,30
660,29,75,30
417,0,76,30
419,0,76,30
854,0,76,30
902,0,76,30
11,1,76,30
718,1,76,30
742,1,76,30
816,1,76,30
817,1,76,30
21,2,76,30
382,2,76,30
992,2,76,30
995,2,76,30
55,3,76,30
145,3,76,30
485,3,76,30
739,3,76,30
889,3,76,30
637,4,76,30
850,4,76,30
896,4,76,30
912,4,76,30
659,5,76,30
667,5,76,30
686,5,76,30
788,5,76,30
967,5,76,30
469,6,76,30
585,6,76,30
919,6,76,30
122,7,76,30
712,8,76,30
962,8,76,30
249,9,76,30
438,9,76,30
243,10,76,30
362,10,76,30
577,10,76,30
868,10,76,30
754,11,76,30
525,12,76,30
948,13,76,30
73,14,76,30
790,17,76,30
123,18,76,30
200,18,76,30
406,21,76,30
144,0,77,30
584,0,77,30
658,0,77,30
815,0,77,30
911,0,77,30
576,1,77,30
636,1,77,30
816,1,77,30
853,1,77,30
867,1,77,30
901,1,77,30
381,2,77,30
416,2,77,30
991,2,77,30
999,2,77,30
524,3,77,30
947,3,77,30
20,5,77,30
418,5,77,30
753,5,77,30
122,6,77,30
787,6,77,30
994,6,77,30
437,7,77,30
468,7,77,30
717,7,77,30
741,7,77,30
849,7,77,30
918,7,77,30
405,8,77,30
895,8,77,30
685,9,77,30
888,11,77,30
361,12,77,30
666,12,77,30
961,12,77,30
738,13,77,30
54,15,77,30
484,19,77,30
711,20,77,30
789,20,77,30
72,22,77,30
966,26,77,30
121,27,77,30
248,28,77,30
71,0,78,30
247,0,78,30
417,0,78,30
575,0,78,30
583,0,78,30
684,0,78,30
716,0,78,30
740,0,78,30
815,0,78,30
894,0,78,30
917,0,78,30
946,0,78,30
965,0,78,30
998,0,78,30
121,1,78,30
635,1,78,30
710,1,78,30
786,1,78,30
814,1,78,30
198,2,78,30
415,2,78,30
900,2,78,30
993,2,78,30
53,3,78,30
910,3,78,30
143,4,78,30
241,4,78,30
523,4,78,30
788,5,78,30
120,6,78,30
467,6,78,30
665,6,78,30
483,7,78,30
848,7,78,30
360,8,78,30
404,8,78,30
436,8,78,30
19,9,78,30
990,9,78,30
852,10,78,30
866,10,78,30
752,11,78,30
657,12,78,30
9,13,78,30
737,14,78,30
380,19,78,30
887,22,78,30
52,0,79,30
246,0,79,30
574,0,79,30
683,0,79,30
709,0,79,30
945,0,79,30
989,0,79,30
997,0,79,30
142,1,79,30
403,1,79,30
715,1,79,30
785,1,79,30
813,1,79,30
814,1,79,30
851,1,79,30
886,1,79,30
899,1,79,30
70,2,79,30
522,2,79,30
736,2,79,30
909,2,79,30
916,2,79,30
992,2,79,30
18,3,79,30
414,3,79,30
739,3,79,30
240,4,79,30
482,4,79,30
8,5,79,30
582,5,79,30
359,6,79,30
787,6,79,30
119,7,79,30
416,7,79,30
847,7,79,30
964,7,79,30
664,8,79,30
751,8,79,30
379,9,79,30
435,9,79,30
959,10,79,30
634,11,79,30
466,12,79,30
197,13,79,30
120,14,79,30
865,17,79,30
893,17,79,30
656,23,79,30
51,0,80,30
196,0,80,30
465,0,80,30
655,0,80,30
812,0,80,30
892,0,80,30
245,1,80,30
378,1,80,30
402,1,80,30
434,1,80,30
573,1,80,30
813,1,80,30
915,1,80,30
988,1,80,30
735,2,80,30
786,2,80,30
908,2,80,30
991,2,80,30
521,3,80,30
682,3,80,30
750,3,80,30
141,4,80,30
239,4,80,30
415,4,80,30
784,4,80,30
850,4,80,30
358,5,80,30
581,5,80,30
663,5,80,30
944,5,80,30
7,6,80,30
17,9,80,30
69,9,80,30
118,9,80,30
708,10,80,30
885,10,80,30
958,10,80,30
963,10,80,30
996,11,80,30
481,12,80,30
864,12,80,30
898,12,80,30
714,13,80,30
846,13,80,30
119,14,80,30
413,18,80,30
738,24,80,30
633,29,80,30
50,0,81,30
412,0,81,30
433,0,81,30
812,0,81,30
118,1,81,30
195,1,81,30
244,1,81,30
707,1,81,30
811,1,81,30
849,1,81,30
520,2,81,30
580,2,81,30
907,2,81,30
914,2,81,30
117,3,81,30
785,3,81,30
863,3,81,30
897,3,81,30
990,3,81,30
995,3,81,30
238,4,81,30
681,4,81,30
713,4,81,30
737,4,81,30
749,4,81,30
401,5,81,30
480,5,81,30
662,5,81,30
845,5,81,30
987,5,81,30
783,6,81,30
16,7,81,30
357,7,81,30
377,7,81,30
891,7,81,30
957,7,81,30
962,7,81,30
943,8,81,30
884,10,81,30
68,12,81,30
464,13,81,30
654,16,81,30
734,16,81,30
140,19,81,30
632,20,81,30
6,23,81,30
572,29,81,30
571,0,82,30
784,0,82,30
890,0,82,30
67,1,82,30
117,1,82,30
194,1,82,30
432,1,82,30
706,1,82,30
811,1,82,30
844,1,82,30
116,2,82,30
748,2,82,30
653,3,82,30
913,3,82,30
989,3,82,30
139,4,82,30
237,4,82,30
356,4,82,30
400,4,82,30
579,4,82,30
733,4,82,30
810,4,82,30
896,4,82,30
376,5,82,30
479,5,82,30
519,5,82,30
736,5,82,30
883,5,82,30
986,5,82,30
782,6,82,30
15,7,82,30
961,7,82,30
411,8,82,30
463,8,82,30
631,9,82,30
49,10,82,30
243,10,82,30
942,10,82,30
956,10,82,30
862,12,82,30
848,13,82,30
5,14,82,30
680,16,82,30
994,18,82,30
906,21,82,30
661,25,82,30
413,27,82,30
712,29,82,30
193,0,83,30
410,0,83,30
412,0,83,30
781,0,83,30
889,0,83,30
66,1,83,30
138,1,83,30
236,1,83,30
705,1,83,30
882,1,83,30
941,1,83,30
570,2,83,30
578,2,83,30
660,2,83,30
960,2,83,30
993,2,83,30
14,3,83,30
747,3,83,30
810,3,83,30
985,3,83,30
116,4,83,30
355,4,83,30
375,4,83,30
652,4,83,30
732,4,83,30
912,4,83,30
242,5,83,30
478,5,83,30
955,6,83,30
4,7,83,30
115,7,83,30
462,7,83,30
905,7,83,30
518,8,83,30
735,8,83,30
895,10,83,30
431,11,83,30
679,11,83,30
988,11,83,30
399,12,83,30
847,12,83,30
783,14,83,30
843,15,83,30
809,19,83,30
630,20,83,30
48,22,83,30
711,25,83,30
861,25,83,30
398,0,84,30
780,0,84,30
888,0,84,30
894,0,84,30
911,0,84,30
629,1,84,30
710,1,84,30
235,2,84,30
678,2,84,30
782,2,84,30
881,2,84,30
959,2,84,30
992,2,84,30
860,3,84,30
984,3,84,30
137,4,84,30
374,4,84,30
731,4,84,30
808,4,84,30
409,5,84,30
477,5,84,30
659,5,84,30
987,5,84,30
47,6,84,30
651,6,84,30
954,6,84,30
114,7,84,30
704,7,84,30
940,7,84,30
65,8,84,30
115,8,84,30
461,8,84,30
569,8,84,30
241,11,84,30
430,11,84,30
846,12,84,30
354,16,84,30
734,17,84,30
842,17,84,30
904,17,84,30
3,18,84,30
809,19,84,30
13,20,84,30
577,21,84,30
517,23,84,30
192,24,84,30
746,26,84,30
191,0,85,30
353,0,85,30
460,0,85,30
745,0,85,30
781,0,85,30
859,0,85,30
880,0,85,30
887,0,85,30
953,0,85,30
373,1,85,30
576,1,85,30
677,1,85,30
240,2,85,30
628,2,85,30
991,2,85,30
12,3,85,30
408,3,85,30
410,3,85,30
516,3,85,30
807,3,85,30
958,3,85,30
983,3,85,30
46,4,85,30
64,4,85,30
808,4,85,30
234,5,85,30
845,5,85,30
910,5,85,30
986,5,85,30
476,6,85,30
779,6,85,30
136,7,85,30
939,7,85,30
733,8,85,30
113,10,85,30
903,10,85,30
709,11,85,30
114,12,85,30
650,12,85,30
2,14,85,30
730,14,85,30
841,14,85,30
658,15,85,30
429,16,85,30
568,16,85,30
397,18,85,30
703,19,85,30
112,0,86,30
459,0,86,30
780,0,86,30
886,0,86,30
982,0,86,30
676,1,86,30
744,1,86,30
807,1,86,30
844,1,86,30
858,1,86,30
45,2,86,30
729,2,86,30
879,2,86,30
892,2,86,30
902,2,86,30
909,2,86,30
11,3,86,30
567,3,86,30
627,3,86,30
952,3,86,30
1,4,86,30
515,4,86,30
113,5,86,30
190,5,86,30
396,5,86,30
409,5,86,30
475,5,86,30
575,5,86,30
702,5,86,30
840,5,86,30
985,5,86,30
407,6,86,30
649,6,86,30
428,7,86,30
957,7,86,30
990,7,86,30
239,8,86,30
938,8,86,30
708,10,86,30
778,10,86,30
732,11,86,30
352,15,86,30
657,15,86,30
806,15,86,30
233,16,86,30
135,21,86,30
372,23,86,30
189,0,87,30
395,0,87,30
937,0,87,30
981,0,87,30
989,0,87,30
111,1,87,30
427,1,87,30
458,1,87,30
514,1,87,30
701,1,87,30
707,1,87,30
901,1,87,30
843,2,87,30
885,2,87,30
908,2,87,30
956,2,87,30
406,3,87,30
408,3,87,30
474,3,87,30
839,3,87,30
891,3,87,30
112,4,87,30
351,4,87,30
371,4,87,30
574,4,87,30
656,4,87,30
805,4,87,30
878,4,87,30
951,4,87,30
44,5,87,30
648,5,87,30
10,6,87,30
62,7,87,30
857,7,87,30
731,8,87,30
743,8,87,30
728,9,87,30
232,10,87,30
779,10,87,30
0,11,87,30
238,13,87,30
566,14,87,30
806,15,87,30
777,17,87,30
134,18,87,30
984,18,87,30
626,25,87,30
675,28,87,30
43,0,88,30
188,0,88,30
625,0,88,30
706,0,88,30
730,0,88,30
936,0,88,30
980,0,88,30
370,1,88,30
426,1,88,30
573,1,88,30
655,1,88,30
856,1,88,30
988,1,88,30
407,2,88,30
805,2,88,30
842,2,88,30
907,2,88,30
9,3,88,30
838,3,88,30
350,4,88,30
473,4,88,30
565,4,88,30
950,4,88,30
647,5,88,30
900,5,88,30
61,6,88,30
457,6,88,30
890,6,88,30
111,7,88,30
513,7,88,30
394,8,88,30
405,8,88,30
727,8,88,30
742,8,88,30
955,8,88,30
700,9,88,30
778,10,88,30
884,10,88,30
231,11,88,30
110,12,88,30
133,12,88,30
804,13,88,30
983,13,88,30
776,15,88,30
237,17,88,30
674,20,88,30
877,27,88,30
775,0,89,30
935,0,89,30
979,0,89,30
42,1,89,30
187,1,89,30
369,1,89,30
406,1,89,30
705,1,89,30
855,1,89,30
889,1,89,30
899,1,89,30
109,2,89,30
456,2,89,30
472,2,89,30
654,2,89,30
673,2,89,30
883,2,89,30
954,2,89,30
60,3,89,30
349,3,89,30
624,3,89,30
699,3,89,30
726,3,89,30
741,3,89,30
777,4,89,30
987,4,89,30
404,5,89,30
729,5,89,30
837,5,89,30
564,6,89,30
512,7,89,30
803,7,89,30
876,7,89,30
982,7,89,30
236,8,89,30
110,9,89,30
8,10,89,30
132,10,89,30
393,10,89,30
949,11,89,30
906,12,89,30
804,13,89,30
572,16,89,30
230,18,89,30
646,19,89,30
425,20,89,30
7,0,90,30
186,0,90,30
571,0,90,30
672,0,90,30
840,0,90,30
854,0,90,30
953,0,90,30
109,1,90,30
403,1,90,30
41,2,90,30
455,2,90,30
934,2,90,30
348,3,90,30
653,3,90,30
776,3,90,30
698,4,90,30
802,4,90,30
882,4,90,30
235,5,90,30
725,5,90,30
740,5,90,30
803,5,90,30
888,5,90,30
836,7,90,30
981,7,90,30
59,8,90,30
368,8,90,30
471,8,90,30
623,9,90,30
978,9,90,30
392,10,90,30
511,11,90,30
704,11,90,30
875,11,90,30
948,11,90,30
898,12,90,30
774,13,90,30
229,14,90,30
728,14,90,30
986,14,90,30
405,16,90,30
131,17,90,30
424,18,90,30
645,18,90,30
905,19,90,30
108,21,90,30
563,21,90,30
108,0,91,30
367,0,91,30
801,0,91,30
58,1,91,30
185,1,91,30
402,1,91,30
622,1,91,30
773,1,91,30
853,1,91,30
40,2,91,30
570,2,91,30
724,2,91,30
881,2,91,30
347,3,91,30
391,3,91,30
423,3,91,30
703,3,91,30
775,3,91,30
835,3,91,30
952,3,91,30
107,4,91,30
802,4,91,30
839,4,91,30
897,4,91,30
228,5,91,30
234,5,91,30
454,5,91,30
697,5,91,30
404,6,91,30
562,7,91,30
874,7,91,30
933,7,91,30
739,8,91,30
980,8,91,30
652,9,91,30
510,11,91,30
671,11,91,30
947,11,91,30
470,13,91,30
985,16,91,30
130,17,91,30
904,17,91,30
727,20,91,30
6,21,91,30
887,21,91,30
977,22,91,30
129,0,92,30
422,0,92,30
801,0,92,30
946,0,92,30
403,1,92,30
723,1,92,30
772,1,92,30
979,1,92,30
184,2,92,30
233,2,92,30
670,2,92,30
873,2,92,30
401,3,92,30
569,3,92,30
696,3,92,30
834,3,92,30
57,4,92,30
106,4,92,30
107,4,92,30
838,4,92,30
896,4,92,30
976,4,92,30
453,5,92,30
702,5,92,30
880,5,92,30
903,5,92,30
5,6,92,30
39,6,92,30
469,6,92,30
651,6,92,30
951,6,92,30
509,8,92,30
227,10,92,30
726,10,92,30
852,10,92,30
984,10,92,30
561,12,92,30
621,12,92,30
643,12,92,30
366,13,92,30
346,15,92,30
800,15,92,30
886,17,92,30
932,19,92,30
738,24,92,30
390,27,92,30
774,28,92,30
56,0,93,30
389,0,93,30
833,0,93,30
851,0,93,30
945,0,93,30
402,1,93,30
620,1,93,30
771,1,93,30
773,1,93,30
800,1,93,30
128,2,93,30
232,2,93,30
468,2,93,30
722,2,93,30
885,2,93,30
983,2,93,30
226,3,93,30
879,3,93,30
895,3,93,30
931,3,93,30
38,4,93,30
106,4,93,30
345,4,93,30
400,4,93,30
4,5,93,30
725,5,93,30
105,6,93,30
183,6,93,30
365,6,93,30
421,6,93,30
902,6,93,30
701,7,93,30
872,7,93,30
452,8,93,30
669,8,93,30
695,9,93,30
837,10,93,30
568,11,93,30
508,12,93,30
560,12,93,30
642,12,93,30
950,12,93,30
799,20,93,30
650,22,93,30
978,23,93,30
737,26,93,30
975,26,93,30
3,0,94,30
105,0,94,30
507,0,94,30
567,0,94,30
832,0,94,30
977,0,94,30
982,0,94,30
772,1,94,30
901,1,94,30
104,2,94,30
231,2,94,30
467,2,94,30
721,2,94,30
724,2,94,30
736,2,94,30
974,2,94,30
37,3,94,30
401,3,94,30
420,3,94,30
770,3,94,30
641,4,94,30
850,4,94,30
878,4,94,30
649,6,94,30
127,7,94,30
364,7,94,30
619,7,94,30
836,7,94,30
871,7,94,30
930,7,94,30
799,9,94,30
344,10,94,30
668,10,94,30
694,10,94,30
451,11,94,30
559,11,94,30
894,12,94,30
388,13,94,30
700,14,94,30
55,15,94,30
399,15,94,30
884,15,94,30
949,15,94,30
944,18,94,30
225,21,94,30
798,23,94,30
182,27,94,30
230,0,95,30
419,0,95,30
798,0,95,30
831,0,95,30
973,0,95,30
981,0,95,30
181,1,95,30
558,1,95,30
648,1,95,30
720,1,95,30
723,1,95,30
771,1,95,30
797,1,95,30
849,1,95,30
870,1,95,30
735,2,95,30
883,2,95,30
769,3,95,30
835,3,95,30
36,4,95,30
343,4,95,30
398,4,95,30
400,4,95,30
104,5,95,30
224,5,95,30
667,5,95,30
976,5,95,30
126,6,95,30
450,6,95,30
506,6,95,30
640,6,95,30
877,6,95,30
929,7,95,30
566,8,95,30
699,8,95,30
999,10,95,30
618,11,95,30
466,12,95,30
948,13,95,30
54,15,95,30
2,16,95,30
103,17,95,30
363,17,95,30
893,18,95,30
387,20,95,30
980,0,96,30
647,1,96,30
797,1,96,30
830,1,96,30
834,1,96,30
882,1,96,30
899,1,96,30
397,2,96,30
449,2,96,30
722,2,96,30
928,2,96,30
53,3,96,30
362,3,96,30
639,3,96,30
692,3,96,30
719,3,96,30
768,3,96,30
1,4,96,30
698,4,96,30
770,4,96,30
869,4,96,30
103,5,96,30
125,5,96,30
418,5,96,30
975,5,96,30
998,5,96,30
229,6,96,30
557,6,96,30
617,6,96,30
876,6,96,30
848,7,96,30
35,8,96,30
102,8,96,30
180,9,96,30
223,9,96,30
796,10,96,30
892,10,96,30
505,11,96,30
399,12,96,30
465,12,96,30
386,13,96,30
565,13,96,30
972,16,96,30
666,17,96,30
734,17,96,30
342,24,96,30
52,0,97,30
101,0,97,30
417,0,97,30
638,0,97,30
829,0,97,30
833,0,97,30
979,0,97,30
0,1,97,30
504,1,97,30
646,1,97,30
718,1,97,30
767,1,97,30
769,1,97,30
795,1,97,30
396,2,97,30
464,2,97,30
721,2,97,30
881,2,97,30
946,2,97,30
361,3,97,30
891,3,97,30
341,4,97,30
398,4,97,30
691,4,97,30
733,4,97,30
102,5,97,30
796,5,97,30
875,6,97,30
847,7,97,30
34,8,97,30
222,9,97,30
898,10,97,30
974,10,97,30
927,11,97,30
564,13,97,30
124,14,97,30
448,14,97,30
616,14,97,30
665,16,97,30
971,17,97,30
997,17,97,30
556,19,97,30
868,20,97,30
179,21,97,30
228,22,97,30
941,22,97,30
697,27,97,30
51,0,98,30
101,0,98,30
221,0,98,30
360,0,98,30
645,0,98,30
832,0,98,30
890,0,98,30
926,0,98,30
973,0,98,30
100,1,98,30
503,1,98,30
555,1,98,30
732,1,98,30
795,1,98,30
874,1,98,30
416,2,98,30
637,2,98,30
563,3,98,30
766,3,98,30
897,3,98,30
384,4,98,30
395,4,98,30
397,4,98,30
880,4,98,30
828,5,98,30
340,6,98,30
720,6,98,30
33,7,98,30
717,7,98,30
768,7,98,30
996,7,98,30
463,8,98,30
664,8,98,30
690,8,98,30
794,8,98,30
945,8,98,30
178,9,98,30
978,10,98,30
615,13,98,30
846,13,98,30
970,13,98,30
940,14,98,30
123,18,98,30
867,18,98,30
227,22,98,30
447,22,98,30
696,29,98,30
50,0,99,30
359,0,99,30
383,0,99,30
716,0,99,30
831,0,99,30
889,0,99,30
977,0,99,30
100,1,99,30
220,1,99,30
462,1,99,30
502,1,99,30
731,1,99,30
767,1,99,30
873,1,99,30
415,2,99,30
636,2,99,30
719,2,99,30
793,2,99,30
226,3,99,30
394,3,99,30
562,3,99,30
765,3,99,30
614,4,99,30
794,4,99,30
396,5,99,30
663,5,99,30
845,5,99,30
879,5,99,30
554,8,99,30
689,8,99,30
972,8,99,30
32,9,99,30
339,9,99,30
925,9,99,30
939,10,99,30
995,11,99,30
446,13,99,30
896,13,99,30
827,15,99,30
644,17,99,30
969,17,99,30
866,18,99,30
944,18,99,30
177,19,99,30
695,19,99,30
31,0,100,30
99,0,100,30
219,0,100,30
393,0,100,30
730,0,100,30
888,0,100,30
121,1,100,30
501,1,100,30
553,1,100,30
561,1,100,30
826,1,100,30
176,2,100,30
445,2,100,30
635,2,100,30
792,2,100,30
938,2,100,30
98,3,100,30
382,4,100,30
688,4,100,30
924,4,100,30
338,5,100,30
358,5,100,30
662,5,100,30
715,5,100,30
976,5,100,30
694,6,100,30
844,7,100,30
878,7,100,30
225,8,100,30
764,8,100,30
968,8,100,30
613,9,100,30
395,10,100,30
414,10,100,30
895,10,100,30
461,11,100,30
865,11,100,30
943,11,100,30
643,12,100,30
830,12,100,30
872,12,100,30
766,13,100,30
718,18,100,30
971,20,100,30
994,21,100,30
49,25,100,30
793,27,100,30
97,0,101,30
887,0,101,30
894,0,101,30
218,1,101,30
500,1,101,30
729,1,101,30
864,1,101,30
48,2,101,30
224,2,101,30
444,2,101,30
825,2,101,30
993,2,101,30
394,3,101,30
687,3,101,30
942,3,101,30
381,5,101,30
714,5,101,30
967,5,101,30
975,5,101,30
120,6,101,30
175,6,101,30
693,6,101,30
765,6,101,30
829,6,101,30
30,7,101,30
357,7,101,30
792,7,101,30
970,7,101,30
337,8,101,30
843,8,101,30
877,8,101,30
98,11,101,30
634,11,101,30
460,12,101,30
560,12,101,30
642,12,101,30
871,12,101,30
392,13,101,30
552,14,101,30
661,14,101,30
717,17,101,30
413,18,101,30
923,18,101,30
937,29,101,30
336,0,102,30
380,0,102,30
393,0,102,30
713,0,102,30
716,0,102,30
728,0,102,30
824,0,102,30
886,0,102,30
499,1,102,30
870,1,102,30
941,1,102,30
47,2,102,30
119,2,102,30
443,2,102,30
459,2,102,30
660,2,102,30
992,2,102,30
551,3,102,30
641,4,102,30
790,4,102,30
922,4,102,30
174,5,102,30
217,5,102,30
686,5,102,30
863,5,102,30
391,6,102,30
29,7,102,30
96,7,102,30
223,7,102,30
969,7,102,30
974,9,102,30
791,11,102,30
828,11,102,30
936,11,102,30
633,12,102,30
762,13,102,30
611,17,102,30
893,17,102,30
412,19,102,30
559,19,102,30
966,19,102,30
356,22,102,30
842,23,102,30
97,26,102,30
764,26,102,30
692,27,102,30
379,0,103,30
892,0,103,30
921,0,103,30
118,1,103,30
216,1,103,30
392,1,103,30
610,1,103,30
640,1,103,30
685,1,103,30
691,1,103,30
715,1,103,30
935,1,103,30
991,2,103,30
550,3,103,30
875,3,103,30
46,4,103,30
498,4,103,30
790,4,103,30
973,4,103,30
659,5,103,30
558,6,103,30
841,6,103,30
95,7,103,30
442,7,103,30
885,7,103,30
335,8,103,30
355,8,103,30
712,8,103,30
727,8,103,30
823,8,103,30
458,9,103,30
862,9,103,30
869,10,103,30
761,11,103,30
763,11,103,30
28,12,103,30
222,12,103,30
940,14,103,30
827,16,103,30
96,20,103,30
632,20,103,30
789,20,103,30
390,22,103,30
173,23,103,30
117,0,104,30
215,0,104,30
221,0,104,30
334,0,104,30
389,0,104,30
391,0,104,30
557,0,104,30
658,0,104,30
840,0,104,30
609,1,104,30
690,1,104,30
861,1,104,30
45,2,104,30
94,2,104,30
826,2,104,30
934,2,104,30
410,3,104,30
726,3,104,30
967,3,104,30
990,3,104,30
822,4,104,30
964,4,104,30
95,6,104,30
378,6,104,30
441,6,104,30
789,6,104,30
874,7,104,30
891,7,104,30
684,8,104,30
788,8,104,30
920,8,104,30
972,8,104,30
172,9,104,30
497,9,104,30
639,9,104,30
868,10,104,30
884,10,104,30
354,12,104,30
457,12,104,30
760,12,104,30
714,13,104,30
939,13,104,30
762,16,104,30
27,21,104,30
631,26,104,30
711,27,104,30
94,0,105,30
440,0,105,30
456,0,105,30
713,0,105,30
220,1,105,30
496,1,105,30
171,2,105,30
825,2,105,30
883,2,105,30
938,2,105,30
966,2,105,30
608,3,105,30
860,3,105,30
867,3,105,30
989,3,105,30
44,4,105,30
683,4,105,30
963,4,105,30
409,5,105,30
788,5,105,30
933,5,105,30
93,6,105,30
214,6,105,30
787,6,105,30
333,7,105,30
377,7,105,30
548,7,105,30
556,7,105,30
873,7,105,30
710,8,105,30
839,9,105,30
390,10,105,30
689,10,105,30
761,10,105,30
638,11,105,30
388,13,105,30
759,14,105,30
919,14,105,30
971,17,105,30
821,18,105,30
353,20,105,30
630,20,105,30
26,21,105,30
116,23,105,30
725,23,105,30
890,29,105,30
43,0,106,30
213,0,106,30
219,0,106,30
376,0,106,30
389,0,106,30
439,0,106,30
455,0,106,30
629,0,106,30
709,0,106,30
824,0,106,30
859,0,106,30
866,0,106,30
937,0,106,30
555,1,106,30
786,1,106,30
889,1,106,30
332,2,106,30
495,3,106,30
682,3,106,30
760,3,106,30
25,4,106,30
170,4,106,30
637,4,106,30
656,4,106,30
92,5,106,30
688,5,106,30
93,6,106,30
607,6,106,30
787,6,106,30
838,6,106,30
872,7,106,30
962,7,106,30
970,7,106,30
712,8,106,30
820,8,106,30
115,9,106,30
352,10,106,30
408,10,106,30
547,10,106,30
988,11,106,30
387,12,106,30
932,12,106,30
882,13,106,30
758,14,106,30
918,18,106,30
965,23,106,30
724,27,106,30
24,0,107,30
628,0,107,30
917,0,107,30
936,0,107,30
218,1,107,30
655,1,107,30
757,1,107,30
785,1,107,30
858,1,107,30
931,1,107,30
407,2,107,30
786,2,107,30
687,3,107,30
42,4,107,30
351,4,107,30
375,4,107,30
438,4,107,30
546,4,107,30
681,4,107,30
871,4,107,30
964,4,107,30
169,5,107,30
212,5,107,30
454,5,107,30
837,5,107,30
987,5,107,30
92,6,107,30
331,6,107,30
606,6,107,30
819,6,107,30
969,6,107,30
961,7,107,30
823,8,107,30
91,9,107,30
554,9,107,30
759,10,107,30
881,10,107,30
636,11,107,30
865,11,107,30
386,13,107,30
888,13,107,30
114,14,107,30
494,17,107,30
723,19,107,30
388,21,107,30
711,23,107,30
23,0,108,30
91,0,108,30
168,0,108,30
493,0,108,30
605,0,108,30
627,0,108,30
784,0,108,30
880,0,108,30
930,0,108,30
935,0,108,30
553,1,108,30
707,1,108,30
710,1,108,30
41,2,108,30
406,2,108,30
654,2,108,30
916,2,108,30
211,3,108,30
635,3,108,30
756,3,108,30
785,3,108,30
350,4,108,30
374,4,108,30
437,4,108,30
963,4,108,30
217,5,108,30
330,5,108,30
453,5,108,30
680,5,108,30
986,5,108,30
113,10,108,30
385,11,108,30
836,11,108,30
870,11,108,30
90,12,108,30
387,12,108,30
857,12,108,30
864,12,108,30
758,14,108,30
686,15,108,30
545,17,108,30
968,17,108,30
722,19,108,30
887,22,108,30
822,23,108,30
818,27,108,30
40,0,109,30
90,0,109,30
112,0,109,30
373,0,109,30
784,0,109,30
544,1,109,30
604,1,109,30
706,1,109,30
757,1,109,30
817,1,109,30
886,1,109,30
216,2,109,30
709,2,109,30
863,2,109,30
879,2,109,30
915,2,109,30
755,3,109,30
835,3,109,30
856,3,109,30
967,3,109,30
985,3,109,30
349,4,109,30
436,4,109,30
492,4,109,30
679,4,109,30
959,4,109,30
167,5,109,30
210,7,109,30
721,7,109,30
929,7,109,30
962,7,109,30
405,8,109,30
452,8,109,30
685,9,109,30
634,11,109,30
384,12,109,30
783,14,109,30
934,14,109,30
653,15,109,30
89,17,109,30
821,18,109,30
626,19,109,30
552,21,109,30
22,22,109,30
329,23,109,30
88,0,110,30
625,0,110,30
684,0,110,30
820,0,110,30
21,1,110,30
89,1,110,30
111,1,110,30
209,1,110,30
543,1,110,30
705,1,110,30
720,1,110,30
816,1,110,30
834,1,110,30
215,2,110,30
328,2,110,30
708,2,110,30
754,2,110,30
782,2,110,30
914,2,110,30
966,2,110,30
855,3,110,30
958,3,110,30
984,3,110,30
878,4,110,30
166,5,110,30
385,5,110,30
491,5,110,30
933,5,110,30
39,6,110,30
348,6,110,30
383,6,110,30
756,6,110,30
678,7,110,30
928,7,110,30
961,7,110,30
404,8,110,30
551,8,110,30
862,10,110,30
451,11,110,30
435,13,110,30
603,15,110,30
868,15,110,30
885,22,110,30
372,23,110,30
652,25,110,30
88,0,111,30
450,0,111,30
677,0,111,30
683,0,111,30
819,0,111,30
833,0,111,30
854,0,111,30
965,0,111,30
87,1,111,30
208,1,111,30
434,1,111,30
707,1,111,30
867,1,111,30
371,2,111,30
542,2,111,30
624,2,111,30
719,2,111,30
960,2,111,30
913,3,111,30
983,3,111,30
20,4,111,30
382,4,111,30
884,4,111,30
753,5,111,30
704,6,111,30
877,6,111,30
38,7,111,30
165,7,111,30
403,7,111,30
490,7,111,30
632,7,111,30
957,7,111,30
755,8,111,30
110,9,111,30
550,9,111,30
782,9,111,30
602,10,111,30
815,11,111,30
384,13,111,30
781,13,111,30
347,14,111,30
214,15,111,30
651,18,111,30
932,21,111,30
327,23,111,30
861,23,111,30
927,24,111,30
86,0,112,30
164,0,112,30
370,0,112,30
433,0,112,30
706,0,112,30
781,0,112,30
832,0,112,30
926,0,112,30
982,0,112,30
87,1,112,30
109,1,112,30
326,1,112,30
676,1,112,30
718,1,112,30
780,1,112,30
853,1,112,30
383,2,112,30
489,2,112,30
650,2,112,30
956,2,112,30
959,2,112,30
931,3,112,30
682,4,112,30
964,4,112,30
37,5,112,30
213,5,112,30
381,5,112,30
883,5,112,30
623,6,112,30
703,6,112,30
814,6,112,30
876,6,112,30
207,7,112,30
402,7,112,30
541,8,112,30
549,10,112,30
860,10,112,30
912,10,112,30
752,11,112,30
754,11,112,30
346,12,112,30
601,12,112,30
19,15,112,30
631,17,112,30
866,18,112,30
818,27,112,30
449,28,112,30
18,0,113,30
85,0,113,30
540,0,113,30
600,0,113,30
751,0,113,30
780,0,113,30
831,0,113,30
981,0,113,30
108,1,113,30
369,1,113,30
705,1,113,30
817,1,113,30
206,2,113,30
325,2,113,30
382,2,113,30
163,3,113,30
401,3,113,30
958,3,113,30
345,4,113,30
548,4,113,30
681,4,113,30
963,4,113,30
212,5,113,30
380,5,113,30
36,6,113,30
488,6,113,30
622,6,113,30
649,6,113,30
875,6,113,30
955,6,113,30
859,7,113,30
813,9,113,30
925,9,113,30
779,10,113,30
852,10,113,30
911,10,113,30
717,11,113,30
930,11,113,30
432,13,113,30
882,13,113,30
753,14,113,30
702,15,113,30
86,17,113,30
865,17,113,30
630,26,113,30
448,28,113,30
675,28,113,30
17,0,114,30
84,0,114,30
539,0,114,30
680,0,114,30
704,0,114,30
716,0,114,30
750,0,114,30
957,0,114,30
980,0,114,30
648,1,114,30
701,1,114,30
752,1,114,30
816,1,114,30
830,1,114,30
858,1,114,30
864,1,114,30
85,2,114,30
381,2,114,30
851,2,114,30
881,2,114,30
954,2,114,30
211,3,114,30
487,3,114,30
107,4,114,30
400,4,114,30
929,4,114,30
162,5,114,30
205,5,114,30
910,5,114,30
621,6,114,30
924,6,114,30
344,7,114,30
812,7,114,30
962,7,114,30
35,8,114,30
874,8,114,30
547,10,114,30
778,10,114,30
431,11,114,30
629,17,114,30
368,22,114,30
324,23,114,30
779,25,114,30
674,28,114,30
599,29,114,30
161,0,115,30
323,0,115,30
538,0,115,30
647,0,115,30
679,0,115,30
751,0,115,30
815,0,115,30
953,0,115,30
979,0,115,30
715,1,115,30
829,1,115,30
673,2,115,30
857,2,115,30
928,2,115,30
956,2,115,30
703,3,115,30
16,4,115,30
106,4,115,30
204,4,115,30
210,4,115,30
343,4,115,30
749,4,115,30
880,4,115,30
378,6,115,30
850,6,115,30
430,7,115,30
961,7,115,30
34,8,115,30
83,10,115,30
446,10,115,30
546,11,115,30
873,11,115,30
399,12,115,30
598,13,115,30
84,14,115,30
620,14,115,30
909,15,115,30
811,17,115,30
486,18,115,30
380,19,115,30
863,19,115,30
700,20,115,30
367,22,115,30
778,25,115,30
628,27,115,30
160,0,116,30
209,0,116,30
672,0,116,30
748,0,116,30
750,0,116,30
105,1,116,30
646,1,116,30
856,1,116,30
377,2,116,30
445,2,116,30
828,2,116,30
879,2,116,30
485,3,116,30
699,3,116,30
952,3,116,30
203,4,116,30
777,4,116,30
862,4,116,30
922,4,116,30
82,5,116,30
545,5,116,30
619,5,116,30
702,5,116,30
714,5,116,30
908,5,116,30
955,6,116,30
379,7,116,30
849,7,116,30
322,9,116,30
810,9,116,30
814,9,116,30
960,9,116,30
83,10,116,30
366,10,116,30
627,10,116,30
398,11,116,30
597,11,116,30
776,11,116,30
872,13,116,30
978,15,116,30
429,16,116,30
33,18,116,30
537,19,116,30
15,24,116,30
678,29,116,30
341,0,117,30
645,0,117,30
713,0,117,30
926,0,117,30
159,1,117,30
208,1,117,30
376,1,117,30
444,1,117,30
677,1,117,30
701,1,117,30
855,1,117,30
104,2,117,30
397,2,117,30
14,3,117,30
747,3,117,30
977,3,117,30
202,4,117,30
321,4,117,30
536,4,117,30
698,4,117,30
813,4,117,30
871,4,117,30
951,4,117,30
428,5,117,30
544,5,117,30
365,6,117,30
626,6,117,30
907,6,117,30
954,6,117,30
848,7,117,30
81,8,117,30
776,8,117,30
959,8,117,30
878,9,117,30
32,11,117,30
671,11,117,30
378,12,117,30
618,12,117,30
775,15,117,30
827,15,117,30
596,16,117,30
921,17,117,30
809,19,117,30
861,23,117,30
82,24,117,30
31,0,118,30
80,0,118,30
595,0,118,30
748,0,118,30
775,0,118,30
826,0,118,30
13,1,118,30
676,1,118,30
870,1,118,30
375,2,118,30
377,2,118,30
396,2,118,30
443,2,118,30
427,3,118,30
617,4,118,30
812,4,118,30
950,4,118,30
976,4,118,30
535,5,118,30
644,5,118,30
697,5,118,30
925,5,118,30
958,5,118,30
877,6,118,30
746,7,118,30
808,7,118,30
847,7,118,30
158,8,118,30
364,8,118,30
483,8,118,30
543,8,118,30
712,8,118,30
854,8,118,30
860,8,118,30
920,8,118,30
670,9,118,30
700,9,118,30
103,10,118,30
207,10,118,30
906,10,118,30
340,11,118,30
320,12,118,30
774,13,118,30
201,15,118,30
953,15,118,30
625,16,118,30
81,19,118,30
80,0,119,30
643,0,119,30
745,0,119,30
859,0,119,30
957,0,119,30
853,1,119,30
376,2,119,30
542,2,119,30
624,2,119,30
12,3,119,30
747,3,119,30
807,3,119,30
811,3,119,30
79,4,119,30
374,4,119,30
395,4,119,30
482,4,119,30
594,4,119,30
773,4,119,30
30,5,119,30
319,5,119,30
616,5,119,30
696,5,119,30
876,6,119,30
919,6,119,30
924,6,119,30
952,8,119,30
102,9,119,30
206,9,119,30
825,10,119,30
339,11,119,30
534,11,119,30
949,11,119,30
669,12,119,30
846,13,119,30
905,13,119,30
699,14,119,30
774,15,119,30
363,17,119,30
200,18,119,30
675,18,119,30
426,19,119,30
711,20,119,30
442,22,119,30
975,23,119,30
869,29,119,30
29,0,120,30
101,0,120,30
318,0,120,30
824,0,120,30
11,1,120,30
441,1,120,30
710,1,120,30
375,2,120,30
956,2,120,30
78,3,120,30
394,3,120,30
744,3,120,30
810,3,120,30
875,3,120,30
79,4,120,30
156,4,120,30
593,4,120,30
698,4,120,30
773,4,120,30
918,4,120,30
205,5,120,30
772,5,120,30
845,5,120,30
481,6,120,30
623,6,120,30
951,6,120,30
674,7,120,30
362,8,120,30
541,8,120,30
615,8,120,30
746,8,120,30
642,9,120,30
695,9,120,30
338,11,120,30
533,11,120,30
948,11,120,30
668,13,120,30
904,13,120,30
373,14,120,30
806,15,120,30
199,16,120,30
425,16,120,30
852,16,120,30
974,19,120,30
868,20,120,30
858,21,120,30
923,23,120,30
155,0,121,30
204,0,121,30
440,0,121,30
697,0,121,30
745,0,121,30
851,0,121,30
100,1,121,30
592,1,121,30
622,1,121,30
844,1,121,30
532,2,121,30
857,2,121,30
950,2,121,30
393,3,121,30
743,3,121,30
947,3,121,30
10,4,121,30
77,4,121,30
540,4,121,30
641,4,121,30
317,5,121,30
772,5,121,30
903,5,121,30
917,5,121,30
198,6,121,30
361,6,121,30
614,6,121,30
694,6,121,30
372,7,121,30
709,7,121,30
874,7,121,30
771,8,121,30
955,8,121,30
973,8,121,30
823,10,121,30
337,11,121,30
673,11,121,30
667,13,121,30
805,13,121,30
480,14,121,30
922,14,121,30
78,15,121,30
424,18,121,30
867,18,121,30
809,19,121,30
28,22,121,30
374,24,121,30
99,0,122,30
336,0,122,30
439,0,122,30
479,0,122,30
672,0,122,30
742,0,122,30
808,0,122,30
946,0,122,30
640,1,122,30
744,1,122,30
921,1,122,30
27,2,122,30
203,2,122,30
531,2,122,30
591,2,122,30
613,2,122,30
666,2,122,30
843,2,122,30
873,2,122,30
902,2,122,30
916,2,122,30
696,3,122,30
770,4,122,30
822,4,122,30
850,4,122,30
373,5,122,30
856,5,122,30
76,6,122,30
154,6,122,30
423,6,122,30
621,6,122,30
693,6,122,30
771,6,122,30
360,7,122,30
371,7,122,30
539,7,122,30
972,8,122,30
708,10,122,30
804,11,122,30
392,12,122,30
9,13,122,30
316,14,122,30
954,14,122,30
866,18,122,30
197,22,122,30
77,23,122,30
949,26,122,30
196,0,123,30
391,0,123,30
478,0,123,30
945,0,123,30
953,0,123,30
26,1,123,30
315,1,123,30
530,1,123,30
538,1,123,30
620,1,123,30
707,1,123,30
807,1,123,30
920,1,123,30
76,2,123,30
202,2,123,30
842,2,123,30
915,2,123,30
692,3,123,30
741,3,123,30
803,3,123,30
422,4,123,30
8,5,123,30
372,5,123,30
590,6,123,30
612,7,123,30
849,7,123,30
872,7,123,30
98,8,123,30
153,9,123,30
359,9,123,30
639,9,123,30
75,10,123,30
438,10,123,30
665,10,123,30
695,10,123,30
901,10,123,30
865,11,123,30
971,11,123,30
370,12,123,30
743,13,123,30
948,13,123,30
671,15,123,30
335,16,123,30
855,16,123,30
769,18,123,30
770,26,123,30
74,0,124,30
97,0,124,30
152,0,124,30
706,0,124,30
740,0,124,30
25,1,124,30
421,1,124,30
537,1,124,30
691,1,124,30
742,1,124,30
769,1,124,30
900,2,124,30
914,2,124,30
970,2,124,30
802,3,124,30
952,3,124,30
371,4,124,30
670,4,124,30
864,5,124,30
944,5,124,30
694,6,124,30
841,6,124,30
358,7,124,30
369,7,124,30
437,7,124,30
768,7,124,30
848,7,124,30
871,7,124,30
529,8,124,30
820,8,124,30
7,10,124,30
75,10,124,30
390,10,124,30
334,11,124,30
664,11,124,30
919,11,124,30
201,13,124,30
638,14,124,30
195,15,124,30
611,15,124,30
806,15,124,30
589,16,124,30
854,16,124,30
619,19,124,30
314,20,124,30
477,20,124,30
947,26,124,30
24,0,125,30
370,0,125,30
801,0,125,30
840,0,125,30
913,0,125,30
946,0,125,30
74,1,125,30
536,1,125,30
618,1,125,30
690,1,125,30
705,1,125,30
767,1,125,30
853,1,125,30
588,2,125,30
805,2,125,30
863,2,125,30
899,2,125,30
151,3,125,30
476,3,125,30
528,3,125,30
819,3,125,30
870,3,125,30
313,4,125,30
637,4,125,30
739,4,125,30
918,4,125,30
951,4,125,30
194,5,125,30
420,5,125,30
663,5,125,30
389,6,125,30
693,6,125,30
96,7,125,30
357,7,125,30
610,7,125,30
847,7,125,30
368,8,125,30
943,8,125,30
200,12,125,30
741,12,125,30
333,13,125,30
768,14,125,30
436,15,125,30
669,17,125,30
969,17,125,30
6,21,125,30
5,0,126,30
23,0,126,30
193,0,126,30
367,0,126,30
419,0,126,30
475,0,126,30
704,0,126,30
740,0,126,30
917,0,126,30
945,0,126,30
72,1,126,30
150,1,126,30
636,1,126,30
800,1,126,30
587,2,126,30
199,3,126,30
692,3,126,30
818,4,126,30
869,4,126,30
950,4,126,30
73,5,126,30
312,5,126,30
332,5,126,30
356,5,126,30
527,5,126,30
535,5,126,30
662,5,126,30
617,6,126,30
898,6,126,30
95,7,126,30
839,9,126,30
609,10,126,30
766,10,126,30
862,10,126,30
912,10,126,30
999,10,126,30
767,11,126,30
388,13,126,30
668,13,126,30
369,14,126,30
852,16,126,30
968,17,126,30
689,18,126,30
435,21,126,30
804,21,126,30
738,24,126,30
942,26,126,30
846,28,126,30
765,0,127,30
71,1,127,30
72,1,127,30
434,1,127,30
635,1,127,30
661,1,127,30
691,1,127,30
851,1,127,30
817,2,127,30
916,2,127,30
198,3,127,30
703,3,127,30
739,3,127,30
897,3,127,30
967,3,127,30
4,4,127,30
192,4,127,30
366,4,127,30
737,4,127,30
94,5,127,30
311,5,127,30
355,5,127,30
418,5,127,30
474,5,127,30
667,5,127,30
845,5,127,30
941,5,127,30
944,5,127,30
998,6,127,30
688,7,127,30
368,8,127,30
586,8,127,30
799,9,127,30
22,10,127,30
149,10,127,30
526,10,127,30
608,10,127,30
766,10,127,30
868,10,127,30
911,10,127,30
534,11,127,30
949,11,127,30
616,14,127,30
838,16,127,30
331,19,127,30
803,21,127,30
387,22,127,30
861,23,127,30
3,0,128,30
71,0,128,30
433,0,128,30
764,0,128,30
765,0,128,30
798,0,128,30
21,1,128,30
365,1,128,30
690,1,128,30
844,1,128,30
915,1,128,30
330,2,128,30
386,2,128,30
585,3,128,30
860,3,128,30
867,3,128,30
910,3,128,30
148,4,128,30
850,4,128,30
191,5,128,30
417,5,128,30
702,5,128,30
736,5,128,30
607,6,128,30
997,6,128,30
940,7,128,30
615,8,128,30
687,8,128,30
310,9,128,30
533,9,128,30
660,10,128,30
837,10,128,30
666,11,128,30
943,11,128,30
948,11,128,30
354,12,128,30
738,13,128,30
197,14,128,30
525,14,128,30
93,15,128,30
473,15,128,30
816,17,128,30
70,21,128,30
802,21,128,30
896,21,128,30
367,22,128,30
966,22,128,30
634,29,128,30
309,0,129,30
353,0,129,30
584,0,129,30
763,0,129,30
764,0,129,30
815,0,129,30
859,0,129,30
866,0,129,30
965,0,129,30
472,1,129,30
524,1,129,30
701,1,129,30
70,2,129,30
416,2,129,30
532,2,129,30
797,2,129,30
843,2,129,30
909,2,129,30
914,2,129,30
895,3,129,30
942,3,129,30
614,4,129,30
737,4,129,30
20,5,129,30
190,5,129,30
385,5,129,30
686,5,129,30
606,6,129,30
196,7,129,30
801,7,129,30
939,7,129,30
996,7,129,30
364,8,129,30
689,8,129,30
735,8,129,30
69,9,129,30
665,11,129,30
836,11,129,30
947,11,129,30
366,13,129,30
92,15,129,30
659,15,129,30
2,16,129,30
329,20,129,30
432,24,129,30
849,24,129,30
633,29,129,30
431,0,130,30
583,0,130,30
605,0,130,30
632,0,130,30
658,0,130,30
763,0,130,30
894,0,130,30
946,0,130,30
195,1,130,30
365,1,130,30
685,1,130,30
814,1,130,30
941,1,130,30
964,1,130,30
328,2,130,30
415,2,130,30
531,2,130,30
736,2,130,30
842,2,130,30
908,2,130,30
938,2,130,30
384,3,130,30
471,3,130,30
995,3,130,30
523,4,130,30
189,5,130,30
688,5,130,30
762,6,130,30
613,7,130,30
69,8,130,30
146,8,130,30
664,8,130,30
796,8,130,30
1,9,130,30
19,9,130,30
91,9,130,30
700,9,130,30
835,9,130,30
913,10,130,30
68,12,130,30
352,13,130,30
848,13,130,30
800,14,130,30
734,16,130,30
865,17,130,30
308,20,130,30
363,24,130,30
383,0,131,30
631,0,131,30
684,0,131,30
945,0,131,30
0,1,131,30
145,1,131,30
194,1,131,30
307,1,131,30
470,1,131,30
530,1,131,30
604,1,131,30
657,1,131,30
795,1,131,30
813,1,131,30
937,1,131,30
351,2,131,30
735,2,131,30
907,2,131,30
414,3,131,30
687,3,131,30
762,3,131,30
327,4,131,30
834,4,131,30
18,5,131,30
90,5,131,30
582,5,131,30
864,5,131,30
841,6,131,30
188,7,131,30
612,7,131,30
733,7,131,30
68,8,131,30
364,8,131,30
663,8,131,30
799,9,131,30
761,10,131,30
847,10,131,30
912,10,131,30
963,10,131,30
362,11,131,30
857,12,131,30
522,13,131,30
699,14,131,30
940,14,131,30
67,16,131,30
893,17,131,30
994,18,131,30
430,29,131,30
683,0,132,30
760,0,132,30
798,0,132,30
833,0,132,30
840,0,132,30
144,1,132,30
187,1,132,30
326,1,132,30
521,1,132,30
732,1,132,30
350,2,132,30
382,2,132,30
863,2,132,30
892,2,132,30
89,3,132,30
193,4,132,30
611,4,132,30
656,4,132,30
794,4,132,30
581,5,132,30
686,5,132,30
856,5,132,30
944,5,132,30
469,6,132,30
66,7,132,30
962,7,132,30
529,8,132,30
993,8,132,30
17,9,132,30
662,9,132,30
761,10,132,30
911,10,132,30
936,11,132,30
812,12,132,30
846,13,132,30
906,13,132,30
939,13,132,30
413,14,132,30
698,14,132,30
603,15,132,30
67,16,132,30
306,16,132,30
734,18,132,30
429,22,132,30
363,26,132,30
630,29,132,30
88,0,133,30
412,0,133,30
629,0,133,30
759,0,133,30
832,0,133,30
655,1,133,30
661,1,133,30
685,1,133,30
731,1,133,30
811,1,133,30
935,1,133,30
66,2,133,30
325,2,133,30
381,2,133,30
468,2,133,30
520,2,133,30
793,2,133,30
797,2,133,30
528,3,133,30
580,3,133,30
682,3,133,30
839,3,133,30
16,4,133,30
143,4,133,30
186,4,133,30
192,4,133,30
349,4,133,30
733,4,133,30
938,4,133,30
845,5,133,30
360,7,133,30
428,7,133,30
610,7,133,30
891,7,133,30
961,7,133,30
65,8,133,30
362,8,133,30
992,8,133,30
862,9,133,30
602,10,133,30
760,10,133,30
943,11,133,30
697,12,133,30
855,13,133,30
905,13,133,30
910,17,133,30
305,18,133,30
628,0,134,30
684,0,134,30
831,0,134,30
890,0,134,30
904,0,134,30
937,0,134,30
185,1,134,30
427,1,134,30
527,1,134,30
730,1,134,30
467,2,134,30
654,2,134,30
759,2,134,30
792,2,134,30
854,2,134,30
960,2,134,30
696,3,134,30
838,3,134,30
942,3,134,30
142,4,134,30
579,4,134,30
681,4,134,30
732,4,134,30
191,5,134,30
361,5,134,30
519,5,134,30
64,6,134,30
934,6,134,30
15,7,134,30
65,8,134,30
796,8,134,30
810,9,134,30
609,10,134,30
660,10,134,30
348,12,134,30
411,12,134,30
359,13,134,30
758,14,134,30
87,15,134,30
909,15,134,30
991,15,134,30
324,19,134,30
304,20,134,30
380,23,134,30
861,23,134,30
601,26,134,30
323,0,135,30
410,0,135,30
627,0,135,30
680,0,135,30
683,0,135,30
889,0,135,30
903,0,135,30
936,0,135,30
303,1,135,30
426,1,135,30
518,1,135,30
729,1,135,30
757,1,135,30
578,2,135,30
959,2,135,30
14,3,135,30
86,3,135,30
608,3,135,30
653,3,135,30
860,3,135,30
941,3,135,30
141,4,135,30
358,4,135,30
731,4,135,30
190,5,135,30
360,5,135,30
659,5,135,30
830,5,135,30
837,5,135,30
908,5,135,30
933,5,135,30
64,6,135,30
990,7,135,30
853,8,135,30
184,9,135,30
695,9,135,30
791,9,135,30
526,11,135,30
63,12,135,30
466,12,135,30
600,13,135,30
347,14,135,30
809,19,135,30
795,21,135,30
843,21,135,30
189,0,136,30
658,0,136,30
679,0,136,30
728,0,136,30
730,0,136,30
756,0,136,30
829,0,136,30
888,0,136,30
902,0,136,30
935,0,136,30
989,0,136,30
13,1,136,30
302,1,136,30
378,1,136,30
517,1,136,30
757,1,136,30
85,2,136,30
694,2,136,30
599,4,136,30
652,4,136,30
790,4,136,30
607,5,136,30
183,6,136,30
359,6,136,30
626,6,136,30
62,7,136,30
357,7,136,30
808,7,136,30
940,7,136,30
794,8,136,30
907,8,136,30
958,8,136,30
322,9,136,30
577,10,136,30
852,10,136,30
140,11,136,30
859,11,136,30
409,12,136,30
465,12,136,30
425,14,136,30
525,14,136,30
346,15,136,30
836,21,136,30
932,22,136,30
842,23,136,30
682,27,136,30
63,29,136,30
188,0,137,30
625,0,137,30
756,0,137,30
851,0,137,30
887,0,137,30
516,1,137,30
524,1,137,30
858,1,137,30
301,2,137,30
321,2,137,30
464,2,137,30
657,2,137,30
678,2,137,30
934,2,137,30
84,3,137,30
139,3,137,30
835,3,137,30
931,3,137,30
356,4,137,30
358,4,137,30
598,4,137,30
755,4,137,30
606,6,137,30
651,6,137,30
693,6,137,30
789,6,137,30
841,6,137,30
182,7,137,30
377,7,137,30
939,7,137,30
957,7,137,30
62,8,137,30
345,8,137,30
424,8,137,30
793,8,137,30
408,9,137,30
12,10,137,30
729,10,137,30
828,11,137,30
988,11,137,30
807,14,137,30
906,14,137,30
61,15,137,30
727,19,137,30
681,21,137,30
901,23,137,30
376,0,138,30
575,0,138,30
605,0,138,30
677,0,138,30
840,0,138,30
886,0,138,30
930,0,138,30
11,1,138,30
60,1,138,30
181,1,138,30
320,2,138,30
357,2,138,30
656,2,138,30
754,2,138,30
857,2,138,30
938,2,138,30
692,3,138,30
726,3,138,30
755,3,138,30
834,3,138,30
187,4,138,30
355,4,138,30
987,4,138,30
788,5,138,30
850,5,138,30
900,5,138,30
83,6,138,30
523,6,138,30
597,6,138,30
728,7,138,30
905,7,138,30
933,7,138,30
344,8,138,30
463,8,138,30
956,8,138,30
61,9,138,30
515,10,138,30
792,11,138,30
300,12,138,30
423,14,138,30
680,15,138,30
827,15,138,30
407,16,138,30
624,17,138,30
806,17,138,30
650,18,138,30
10,0,139,30
186,0,139,30
406,0,139,30
574,0,139,30
655,0,139,30
833,0,139,30
904,0,139,30
462,1,139,30
514,1,139,30
604,1,139,30
691,1,139,30
937,1,139,30
59,2,139,30
356,2,139,30
522,2,139,30
754,2,139,30
885,2,139,30
676,3,139,30
849,3,139,30
856,3,139,30
137,4,139,30
343,4,139,30
422,4,139,30
679,4,139,30
929,4,139,30
82,5,139,30
319,5,139,30
375,6,139,30
596,6,139,30
753,6,139,30
899,6,139,30
955,6,139,30
725,7,139,30
727,8,139,30
826,8,139,30
180,9,139,30
787,10,139,30
791,11,139,30
299,12,139,30
354,13,139,30
60,17,139,30
623,17,139,30
649,18,139,30
932,19,139,30
986,19,139,30
839,21,139,30
805,26,139,30
353,0,140,30
595,0,140,30
832,0,140,30
903,0,140,30
521,1,140,30
573,1,140,30
648,1,140,30
690,1,140,30
752,1,140,30
786,1,140,30
931,1,140,30
81,2,140,30
678,2,140,30
928,2,140,30
954,2,140,30
9,3,140,30
179,3,140,30
855,3,140,30
298,4,140,30
355,4,140,30
726,4,140,30
318,5,140,30
421,6,140,30
898,6,140,30
136,7,140,30
513,8,140,30
936,9,140,30
825,10,140,30
884,10,140,30
58,11,140,30
185,11,140,30
753,14,140,30
790,14,140,30
603,15,140,30
342,16,140,30
405,16,140,30
654,16,140,30
985,16,140,30
838,17,140,30
848,20,140,30
724,22,140,30
675,23,140,30
374,26,140,30
622,26,140,30
59,29,140,30
80,0,141,30
341,0,141,30
647,0,141,30
677,0,141,30
831,0,141,30
902,0,141,30
930,0,141,30
602,1,141,30
751,1,141,30
785,1,141,30
184,2,141,30
297,2,141,30
789,2,141,30
854,2,141,30
420,3,141,30
572,3,141,30
653,3,141,30
897,3,141,30
58,4,141,30
594,4,141,30
135,5,141,30
317,5,141,30
404,5,141,30
723,5,141,30
837,5,141,30
883,5,141,30
953,5,141,30
460,6,141,30
824,6,141,30
8,7,141,30
520,7,141,30
674,7,141,30
725,7,141,30
373,8,141,30
352,10,141,30
689,10,141,30
984,10,141,30
178,11,141,30
512,11,141,30
752,11,141,30
927,11,141,30
354,12,141,30
57,18,141,30
935,20,141,30
621,23,141,30
571,0,142,30
751,0,142,30
784,0,142,30
926,0,142,30
620,1,142,30
646,1,142,30
676,1,142,30
853,1,142,30
901,1,142,30
351,2,142,30
372,3,142,30
750,3,142,30
882,3,142,30
57,4,142,30
79,4,142,30
134,4,142,30
519,4,142,30
593,4,142,30
688,4,142,30
802,4,142,30
929,4,142,30
177,5,142,30
419,5,142,30
459,5,142,30
788,5,142,30
830,5,142,30
952,5,142,30
7,6,142,30
183,6,142,30
673,6,142,30
652,7,142,30
836,7,142,30
316,8,142,30
823,8,142,30
896,8,142,30
56,9,142,30
511,10,142,30
983,13,142,30
846,17,142,30
601,19,142,30
722,19,142,30
403,22,142,30
934,22,142,30
340,23,142,30
724,27,142,30
296,29,142,30
56,0,143,30
182,0,143,30
645,0,143,30
750,0,143,30
801,0,143,30
951,0,143,30
982,0,143,30
315,1,143,30
510,1,143,30
592,1,143,30
672,1,143,30
176,2,143,30
350,2,143,30
371,2,143,30
570,2,143,30
900,2,143,30
55,3,143,30
78,3,143,30
687,3,143,30
723,3,143,30
835,3,143,30
895,3,143,30
749,4,143,30
133,5,143,30
295,5,143,30
418,5,143,30
619,5,143,30
783,6,143,30
787,6,143,30
829,6,143,30
651,7,143,30
928,7,143,30
402,8,143,30
518,8,143,30
458,9,143,30
822,9,143,30
352,10,143,30
925,10,143,30
6,11,143,30
881,11,143,30
339,12,143,30
600,13,143,30
852,16,143,30
675,18,143,30
933,18,143,30
721,28,143,30
132,0,144,30
370,0,144,30
417,0,144,30
748,0,144,30
880,0,144,30
981,0,144,30
618,1,144,30
834,1,144,30
851,1,144,30
899,1,144,30
650,2,144,30
782,2,144,30
786,2,144,30
828,2,144,30
894,2,144,30
591,3,144,30
175,4,144,30
351,4,144,30
55,5,144,30
181,5,144,30
338,5,144,30
644,5,144,30
686,5,144,30
314,6,144,30
457,6,144,30
722,6,144,30
800,6,144,30
674,7,144,30
821,7,144,30
844,7,144,30
349,8,144,30
401,8,144,30
509,8,144,30
569,8,144,30
5,11,144,30
294,11,144,30
599,11,144,30
927,11,144,30
950,12,144,30
749,13,144,30
77,19,144,30
671,19,144,30
932,19,144,30
517,20,144,30
54,22,144,30
720,24,144,30
456,0,145,30
643,0,145,30
748,0,145,30
833,0,145,30
923,0,145,30
980,0,145,30
369,2,145,30
670,2,145,30
673,2,145,30
843,2,145,30
131,3,145,30
516,3,145,30
785,3,145,30
931,3,145,30
53,4,145,30
174,4,145,30
350,4,145,30
400,4,145,30
617,4,145,30
747,4,145,30
598,5,145,30
850,5,145,30
76,6,145,30
313,6,145,30
348,6,145,30
568,6,145,30
781,6,145,30
4,7,145,30
416,7,145,30
54,8,145,30
180,8,145,30
337,8,145,30
879,8,145,30
685,9,145,30
827,9,145,30
293,11,145,30
926,11,145,30
508,12,145,30
590,12,145,30
721,12,145,30
949,15,145,30
719,17,145,30
820,17,145,30
893,17,145,30
649,18,145,30
799,22,145,30
898,23,145,30
3,0,146,30
52,0,146,30
336,0,146,30
455,0,146,30
507,0,146,30
672,0,146,30
684,0,146,30
784,0,146,30
798,0,146,30
832,0,146,30
892,0,146,30
979,0,146,30
648,1,146,30
718,1,146,30
720,1,146,30
515,2,146,30
780,2,146,30
826,2,146,30
842,2,146,30
53,3,146,30
179,3,146,30
349,3,146,30
567,3,146,30
819,3,146,30
849,3,146,30
173,4,146,30
415,4,146,30
897,4,146,30
922,4,146,30
616,5,146,30
130,6,146,30
312,6,146,30
747,6,146,30
589,8,146,30
669,8,146,30
746,8,146,30
292,9,146,30
597,11,146,30
930,11,146,30
399,12,146,30
642,12,146,30
368,13,146,30
948,15,146,30
925,16,146,30
75,17,146,30
347,17,146,30
51,0,147,30
52,0,147,30
74,0,147,30
172,0,147,30
367,0,147,30
683,0,147,30
745,0,147,30
831,0,147,30
588,1,147,30
615,1,147,30
647,1,147,30
291,2,147,30
641,2,147,30
719,2,147,30
797,2,147,30
825,2,147,30
348,3,147,30
891,3,147,30
947,3,147,30
818,4,147,30
896,4,147,30
454,5,147,30
311,6,147,30
414,6,147,30
506,6,147,30
783,6,147,30
398,7,147,30
717,7,147,30
746,7,147,30
335,8,147,30
514,8,147,30
877,8,147,30
978,9,147,30
668,10,147,30
779,10,147,30
671,11,147,30
129,12,147,30
346,12,147,30
924,13,147,30
929,13,147,30
566,14,147,30
841,14,147,30
596,15,147,30
178,16,147,30
921,16,147,30
2,17,147,30
50,0,148,30
51,0,148,30
824,0,148,30
977,0,148,30
614,1,148,30
646,1,148,30
718,1,148,30
830,1,148,30
505,2,148,30
745,2,148,30
817,2,148,30
171,3,148,30
347,3,148,30
895,3,148,30
1,4,148,30
366,4,148,30
177,5,148,30
290,5,148,30
453,5,148,30
796,5,148,30
310,6,148,30
782,6,148,30
890,6,148,30
946,6,148,30
334,7,148,30
513,7,148,30
397,8,148,30
640,9,148,30
670,9,148,30
595,10,148,30
667,10,148,30
778,10,148,30
840,11,148,30
682,12,148,30
565,13,148,30
413,14,148,30
128,17,148,30
923,17,148,30
876,18,148,30
744,19,148,30
928,19,148,30
587,20,148,30
716,20,148,30
345,22,148,30
50,0,149,30
309,0,149,30
346,0,149,30
586,0,149,30
781,0,149,30
0,1,149,30
127,1,149,30
365,1,149,30
452,1,149,30
645,1,149,30
715,1,149,30
744,1,149,30
829,1,149,30
889,1,149,30
176,2,149,30
289,2,149,30
344,2,149,30
613,2,149,30
894,2,149,30
639,3,149,30
839,3,149,30
875,3,149,30
777,4,149,30
945,4,149,30
396,5,149,30
412,5,149,30
594,5,149,30
816,6,149,30
170,7,149,30
333,7,149,30
512,7,149,30
717,7,149,30
976,7,149,30
504,8,149,30
49,10,149,30
823,10,149,30
666,11,149,30
919,11,149,30
72,12,149,30
669,12,149,30
927,12,149,30
564,13,149,30
846,13,149,30
922,14,149,30
681,16,149,30
795,21,149,30
743,23,149,30
71,0,150,30
345,0,150,30
716,0,150,30
780,0,150,30
926,0,150,30
742,1,150,30
48,2,150,30
332,2,150,30
828,2,150,30
503,3,150,30
563,3,150,30
743,3,150,30
776,3,150,30
838,3,150,30
794,4,150,30
822,4,150,30
874,5,150,30
126,6,150,30
343,6,150,30
511,6,150,30
593,6,150,30
665,6,150,30
169,7,150,30
612,7,150,30
668,7,150,30
411,8,150,30
395,10,150,30
585,10,150,30
918,10,150,30
975,10,150,30
638,11,150,30
49,12,150,30
815,12,150,30
288,13,150,30
644,13,150,30
714,13,150,30
845,13,150,30
921,13,150,30
175,16,150,30
680,16,150,30
451,17,150,30
308,18,150,30
944,19,150,30
364,20,150,30
888,20,150,30
893,22,150,30
168,0,151,30
344,0,151,30
410,0,151,30
450,0,151,30
592,0,151,30
643,0,151,30
713,0,151,30
742,0,151,30
775,0,151,30
892,0,151,30
125,1,151,30
174,1,151,30
715,1,151,30
844,1,151,30
47,2,151,30
793,2,151,30
873,2,151,30
342,3,151,30
502,3,151,30
562,3,151,30
741,3,151,30
307,4,151,30
611,4,151,30
637,4,151,30
837,5,151,30
667,6,151,30
821,7,151,30
287,8,151,30
394,8,151,30
664,8,151,30
917,8,151,30
943,8,151,30
814,9,151,30
925,9,151,30
779,10,151,30
974,10,151,30
584,11,151,30
827,15,151,30
510,16,151,30
679,16,151,30
331,17,151,30
363,17,151,30
48,18,151,30
70,21,151,30
887,22,151,30
920,26,151,30
343,0,152,30
393,0,152,30
509,0,152,30
740,0,152,30
820,0,152,30
973,0,152,30
173,1,152,30
286,1,152,30
636,1,152,30
167,2,152,30
330,2,152,30
792,2,152,30
826,2,152,30
362,3,152,30
741,3,152,30
891,3,152,30
46,4,152,30
341,4,152,30
501,4,152,30
924,4,152,30
409,5,152,30
449,5,152,30
813,5,152,30
47,6,152,30
306,6,152,30
919,6,152,30
124,7,152,30
583,7,152,30
610,7,152,30
663,7,152,30
678,7,152,30
872,7,152,30
712,8,152,30
843,8,152,30
69,9,152,30
642,9,152,30
778,10,152,30
836,11,152,30
666,12,152,30
714,13,152,30
886,13,152,30
561,14,152,30
591,17,152,30
774,17,152,30
916,19,152,30
942,20,152,30
172,0,153,30
677,0,153,30
713,0,153,30
740,0,153,30
812,0,153,30
819,0,153,30
890,0,153,30
923,0,153,30
305,1,153,30
392,1,153,30
448,1,153,30
635,1,153,30
915,1,153,30
609,2,153,30
641,2,153,30
825,2,153,30
885,2,153,30
361,3,153,30
408,3,153,30
739,3,153,30
835,3,153,30
123,4,153,30
773,4,153,30
777,4,153,30
166,5,153,30
582,5,153,30
45,6,153,30
46,6,153,30
340,6,153,30
665,6,153,30
871,7,153,30
918,7,153,30
941,7,153,30
972,8,153,30
662,9,153,30
791,9,153,30
508,12,153,30
342,16,153,30
590,17,153,30
842,17,153,30
500,19,153,30
560,19,153,30
329,23,153,30
285,25,153,30
68,27,153,30
711,29,153,30
284,0,154,30
341,0,154,30
391,0,154,30
507,0,154,30
589,0,154,30
889,0,154,30
917,0,154,30
67,1,154,30
447,1,154,30
640,1,154,30
661,1,154,30
710,1,154,30
824,1,154,30
870,1,154,30
122,2,154,30
171,2,154,30
328,2,154,30
608,3,154,30
811,3,154,30
834,3,154,30
739,4,154,30
818,4,154,30
922,4,154,30
581,5,154,30
772,5,154,30
914,5,154,30
45,6,154,30
841,6,154,30
360,7,154,30
676,7,154,30
940,7,154,30
664,8,154,30
712,8,154,30
776,8,154,30
499,10,154,30
304,11,154,30
339,11,154,30
559,11,154,30
634,11,154,30
44,12,154,30
165,12,154,30
738,13,154,30
884,15,154,30
407,16,154,30
790,19,154,30
971,19,154,30
43,0,155,30
164,0,155,30
446,0,155,30
498,0,155,30
588,0,155,30
833,0,155,30
840,0,155,30
888,0,155,30
913,0,155,30
921,0,155,30
66,1,155,30
121,1,155,30
406,1,155,30
789,2,155,30
970,2,155,30
303,3,155,30
580,3,155,30
771,3,155,30
810,3,155,30
44,4,155,30
327,4,155,30
737,4,155,30
869,4,155,30
916,4,155,30
607,5,155,30
170,7,155,30
775,7,155,30
939,7,155,30
338,8,155,30
558,8,155,30
663,8,155,30
639,9,155,30
823,10,155,30
359,11,155,30
709,11,155,30
633,12,155,30
738,13,155,30
283,16,155,30
506,17,155,30
817,17,155,30
675,19,155,30
660,20,155,30
711,20,155,30
340,21,155,30
390,21,155,30
43,0,156,30
326,0,156,30
445,0,156,30
505,0,156,30
638,0,156,30
822,0,156,30
832,0,156,30
887,0,156,30
42,1,156,30
915,1,156,30
497,2,156,30
587,2,156,30
736,2,156,30
770,3,156,30
839,3,156,30
579,4,156,30
882,4,156,30
912,4,156,30
938,4,156,30
659,5,156,30
389,6,156,30
816,6,156,30
169,7,156,30
632,7,156,30
969,7,156,30
282,8,156,30
337,8,156,30
358,8,156,30
339,9,156,30
788,10,156,30
868,10,156,30
606,13,156,30
737,14,156,30
920,15,156,30
120,16,156,30
405,16,156,30
774,16,156,30
674,20,156,30
708,20,156,30
163,21,156,30
710,21,156,30
662,27,156,30
336,0,157,30
496,0,157,30
586,0,157,30
658,0,157,30
709,0,157,30
831,0,157,30
886,0,157,30
911,0,157,30
937,0,157,30
504,1,157,30
41,2,157,30
556,2,157,30
605,2,157,30
673,2,157,30
735,2,157,30
881,2,157,30
769,3,157,30
838,3,157,30
42,4,157,30
64,4,157,30
281,4,157,30
444,4,157,30
578,4,157,30
808,4,157,30
162,5,157,30
338,5,157,30
707,5,157,30
736,5,157,30
404,6,157,30
773,6,157,30
119,7,157,30
821,7,157,30
168,8,157,30
968,8,157,30
325,9,157,30
357,9,157,30
631,9,157,30
637,9,157,30
914,9,157,30
787,10,157,30
867,10,157,30
815,11,157,30
301,13,157,30
388,13,157,30
919,13,157,30
661,14,157,30
161,0,158,30
672,0,158,30
706,0,158,30
866,0,158,30
880,0,158,30
936,0,158,30
503,1,158,30
555,1,158,30
807,1,158,30
814,1,158,30
40,2,158,30
657,2,158,30
708,2,158,30
768,2,158,30
786,2,158,30
885,2,158,30
41,3,158,30
280,3,158,30
495,3,158,30
967,3,158,30
356,4,158,30
443,4,158,30
830,5,158,30
837,5,158,30
403,7,158,30
335,8,158,30
337,8,158,30
735,8,158,30
63,9,158,30
118,9,158,30
300,9,158,30
913,9,158,30
577,10,158,30
585,10,158,30
660,10,158,30
167,11,158,30
820,11,158,30
387,12,158,30
636,13,158,30
918,13,158,30
734,16,158,30
772,16,158,30
910,16,158,30
604,20,158,30
630,20,158,30
324,23,158,30
117,0,159,30
160,0,159,30
323,0,159,30
584,0,159,30
629,0,159,30
829,0,159,30
917,0,159,30
935,0,159,30
502,1,159,30
813,1,159,30
819,1,159,30
554,2,159,30
656,2,159,30
966,2,159,30
299,3,159,30
767,3,159,30
771,3,159,30
785,3,159,30
355,4,159,30
912,4,159,30
279,5,159,30
336,5,159,30
659,5,159,30
879,5,159,30
166,6,159,30
62,7,159,30
334,7,159,30
402,7,159,30
442,7,159,30
733,7,159,30
635,8,159,30
707,8,159,30
884,10,159,30
836,11,159,30
865,11,159,30
39,13,159,30
671,15,159,30
909,15,159,30
40,17,159,30
494,17,159,30
734,18,159,30
806,19,159,30
705,25,159,30
603,28,159,30
386,29,159,30
493,0,160,30
575,0,160,30
583,0,160,30
628,0,160,30
655,0,160,30
658,0,160,30
704,0,160,30
812,0,160,30
322,1,160,30
501,1,160,30
553,1,160,30
602,1,160,30
732,1,160,30
864,1,160,30
670,2,160,30
916,2,160,30
401,3,160,30
766,3,160,30
770,3,160,30
784,3,160,30
835,3,160,30
934,3,160,30
116,4,160,30
805,4,160,30
818,4,160,30
911,4,160,30
828,5,160,30
61,6,160,30
38,7,160,30
278,7,160,30
333,7,160,30
733,7,160,30
878,7,160,30
159,8,160,30
335,8,160,30
165,9,160,30
883,9,160,30
908,9,160,30
298,11,160,30
385,11,160,30
354,12,160,30
706,14,160,30
39,15,160,30
441,24,160,30
634,24,160,30
164,0,161,30
334,0,161,30
574,0,161,30
627,0,161,30
765,0,161,30
500,1,161,30
657,1,161,30
731,1,161,30
811,1,161,30
834,1,161,30
882,1,161,30
915,1,161,30
297,2,161,30
601,2,161,30
817,2,161,30
37,3,161,30
769,3,161,30
910,3,161,30
38,4,161,30
321,4,161,30
384,4,161,30
492,4,161,30
964,4,161,30
582,5,161,30
60,6,161,30
115,6,161,30
277,6,161,30
877,6,161,30
158,7,161,30
732,7,161,30
907,8,161,30
654,9,161,30
400,10,161,30
669,10,161,30
804,11,161,30
552,14,161,30
783,14,161,30
332,16,161,30
933,18,161,30
353,20,161,30
440,21,161,30
705,23,161,30
703,25,161,30
827,25,161,30
633,29,161,30
632,0,162,30
704,0,162,30
730,0,162,30
764,0,162,30
826,0,162,30
157,1,162,30
499,1,162,30
573,1,162,30
600,2,162,30
656,2,162,30
914,2,162,30
114,3,162,30
163,3,162,30
551,3,162,30
768,3,162,30
803,3,162,30
810,3,162,30
909,3,162,30
37,4,162,30
276,4,162,30
963,4,162,30
581,5,162,30
702,5,162,30
36,6,162,30
383,6,162,30
816,6,162,30
876,6,162,30
668,7,162,30
881,7,162,30
59,8,162,30
333,8,162,30
731,8,162,30
653,9,162,30
862,9,162,30
352,10,162,30
331,11,162,30
782,11,162,30
399,12,162,30
439,14,162,30
906,14,162,30
320,18,162,30
932,19,162,30
296,21,162,30
491,21,162,30
833,26,162,30
498,0,163,30
550,0,163,30
580,0,163,30
625,0,163,30
631,0,163,30
730,0,163,30
763,0,163,30
913,0,163,30
156,1,163,30
490,1,163,30
655,1,163,30
701,1,163,30
729,1,163,30
295,2,163,30
330,2,163,30
599,2,163,30
438,3,163,30
572,3,163,30
767,3,163,30
802,3,163,30
36,4,163,30
275,4,163,30
351,4,163,30
398,4,163,30
113,5,163,30
319,5,163,30
908,5,163,30
931,5,163,30
667,6,163,30
875,6,163,30
162,7,163,30
905,7,163,30
35,8,163,30
652,9,163,30
382,10,163,30
999,10,163,30
703,13,163,30
781,13,163,30
332,16,163,30
832,17,163,30
815,18,163,30
809,19,163,30
825,20,163,30
880,21,163,30
861,23,163,30
155,0,164,30
161,0,164,30
318,0,164,30
549,0,164,30
571,0,164,30
728,0,164,30
801,0,164,30
808,0,164,30
904,0,164,30
930,0,164,30
998,0,164,30
294,1,164,30
780,1,164,30
824,1,164,30
57,2,164,30
112,2,164,30
489,2,164,30
497,2,164,30
598,2,164,30
654,2,164,30
666,2,164,30
437,3,164,30
762,3,164,30
766,3,164,30
831,3,164,30
350,4,164,30
397,4,164,30
579,4,164,30
381,5,164,30
702,5,164,30
729,5,164,30
874,5,164,30
274,6,164,30
651,6,164,30
907,6,164,30
34,8,164,30
879,9,164,30
624,10,164,30
814,10,164,30
860,10,164,30
912,10,164,30
35,11,164,30
331,11,164,30
961,14,164,30
700,20,164,30
329,26,164,30
630,29,164,30
56,0,165,30
160,0,165,30
496,0,165,30
629,0,165,30
728,0,165,30
765,0,165,30
903,0,165,30
911,0,165,30
997,0,165,30
111,1,165,30
273,1,165,30
293,1,165,30
488,1,165,30
701,1,165,30
800,1,165,30
807,1,165,30
570,2,165,30
578,2,165,30
650,2,165,30
761,2,165,30
960,2,165,30
349,3,165,30
699,3,165,30
653,4,165,30
878,4,165,30
317,5,165,30
330,5,165,30
380,5,165,30
396,5,165,30
154,6,165,30
597,6,165,30
779,6,165,30
33,7,165,30
548,7,165,30
859,7,165,30
436,8,165,30
727,8,165,30
813,8,165,30
623,9,165,30
906,10,165,30
665,12,165,30
830,12,165,30
873,12,165,30
929,13,165,30
34,17,165,30
823,25,165,30
272,0,166,30
628,0,166,30
760,0,166,30
764,0,166,30
812,0,166,30
822,0,166,30
829,0,166,30
902,0,166,30
159,1,166,30
487,1,166,30
622,1,166,30
959,2,166,30
55,3,166,30
348,3,166,30
495,3,166,30
395,4,166,30
652,4,166,30
726,4,166,30
596,6,166,30
649,6,166,30
316,7,166,30
379,7,166,30
905,7,166,30
569,8,166,30
727,8,166,30
32,9,166,30
110,9,166,30
153,9,166,30
292,9,166,30
435,9,166,30
700,9,166,30
877,9,166,30
547,10,166,30
577,10,166,30
778,10,166,30
928,11,166,30
996,11,166,30
872,12,166,30
33,13,166,30
327,14,166,30
698,16,166,30
910,16,166,30
806,17,166,30
664,19,166,30
799,20,166,30
858,22,166,30
152,0,167,30
595,0,167,30
627,0,167,30
759,0,167,30
763,0,167,30
904,0,167,30
109,1,167,30
326,1,167,30
378,1,167,30
434,1,167,30
486,1,167,30
576,1,167,30
648,1,167,30
828,2,167,30
271,3,167,30
347,3,167,30
394,3,167,30
726,3,167,30
811,3,167,30
995,3,167,30
328,4,167,30
546,4,167,30
805,4,167,30
871,4,167,30
663,5,167,30
697,5,167,30
958,5,167,30
31,6,167,30
651,6,167,30
798,6,167,30
158,7,167,30
725,7,167,30
821,7,167,30
857,7,167,30
291,8,167,30
699,8,167,30
32,9,167,30
901,10,167,30
315,11,167,30
568,11,167,30
927,11,167,30
621,12,167,30
54,15,167,30
909,15,167,30
494,17,167,30
876,18,167,30
108,0,168,30
346,0,168,30
493,0,168,30
545,0,168,30
647,0,168,30
820,0,168,30
903,0,168,30
957,0,168,30
620,1,168,30
377,2,168,30
900,2,168,30
53,3,168,30
151,3,168,30
314,3,168,30
393,3,168,30
758,3,168,30
762,3,168,30
776,3,168,30
810,3,168,30
270,4,168,30
327,4,168,30
698,4,168,30
31,5,168,30
575,5,168,30
594,5,168,30
662,5,168,30
696,5,168,30
908,5,168,30
325,6,168,30
797,6,168,30
485,7,168,30
926,7,168,30
290,8,168,30
30,9,168,30
567,10,168,30
999,10,168,30
804,11,168,30
870,11,168,30
875,11,168,30
433,12,168,30
725,12,168,30
856,14,168,30
827,15,168,30
650,18,168,30
994,18,168,30
724,22,168,30
626,24,168,30
150,0,169,30
289,0,169,30
345,0,169,30
376,0,169,30
697,0,169,30
775,0,169,30
819,0,169,30
902,0,169,30
432,1,169,30
544,1,169,30
646,1,169,30
757,1,169,30
826,1,169,30
899,1,169,30
724,2,169,30
956,2,169,30
993,2,169,30
52,3,169,30
326,3,169,30
723,3,169,30
803,3,169,30
392,4,169,30
484,4,169,30
30,5,169,30
269,5,169,30
492,5,169,30
925,5,169,30
107,6,169,30
593,6,169,30
574,7,169,30
566,8,169,30
619,8,169,30
874,8,169,30
695,10,169,30
796,10,169,30
998,10,169,30
761,11,169,30
649,13,169,30
661,13,169,30
29,16,169,30
855,16,169,30
324,19,169,30
809,19,169,30
156,20,169,30
313,20,169,30
907,23,169,30
625,24,169,30
869,29,169,30
29,0,170,30
149,0,170,30
344,0,170,30
391,0,170,30
694,0,170,30
756,0,170,30
854,0,170,30
543,1,170,30
573,1,170,30
645,1,170,30
155,2,170,30
323,2,170,30
375,2,170,30
624,2,170,30
723,2,170,30
992,2,170,30
696,3,170,30
760,3,170,30
802,3,170,30
51,4,170,30
924,4,170,30
491,5,170,30
106,6,170,30
325,6,170,30
722,6,170,30
955,6,170,30
565,7,170,30
808,7,170,30
483,8,170,30
268,9,170,30
312,9,170,30
592,9,170,30
873,9,170,30
901,10,170,30
906,10,170,30
288,11,170,30
618,11,170,30
898,12,170,30
774,13,170,30
431,14,170,30
868,15,170,30
648,16,170,30
660,16,170,30
997,17,170,30
825,20,170,30
795,21,170,30
28,22,170,30
818,29,170,30
343,0,171,30
482,0,171,30
542,0,171,30
623,0,171,30
647,0,171,30
693,0,171,30
824,0,171,30
154,1,171,30
490,1,171,30
773,1,171,30
807,1,171,30
853,1,171,30
27,2,171,30
722,2,171,30
991,2,171,30
105,3,171,30
267,3,171,30
755,3,171,30
867,3,171,30
50,4,171,30
374,4,171,30
617,4,171,30
801,4,171,30
287,5,171,30
900,5,171,30
564,6,171,30
954,6,171,30
721,7,171,30
905,7,171,30
996,7,171,30
311,8,171,30
794,8,171,30
430,9,171,30
390,10,171,30
572,11,171,30
28,12,171,30
322,12,171,30
872,12,171,30
591,13,171,30
817,13,171,30
759,14,171,30
695,16,171,30
897,16,171,30
923,17,171,30
324,19,171,30
659,19,171,30
644,24,171,30
389,0,172,30
481,0,172,30
571,0,172,30
658,0,172,30
694,0,172,30
153,1,172,30
286,1,172,30
373,1,172,30
622,1,172,30
772,1,172,30
800,1,172,30
27,2,172,30
721,2,172,30
793,2,172,30
904,2,172,30
104,3,172,30
323,3,172,30
489,3,172,30
990,3,172,30
321,4,172,30
871,4,172,30
995,4,172,30
953,5,172,30
590,6,172,30
816,6,172,30
899,6,172,30
720,7,172,30
541,8,172,30
823,8,172,30
643,9,172,30
758,9,172,30
49,10,172,30
563,10,172,30
922,11,172,30
429,12,172,30
26,13,172,30
896,13,172,30
616,14,172,30
266,15,172,30
692,15,172,30
342,16,172,30
646,16,172,30
852,16,172,30
806,17,172,30
866,18,172,30
310,19,172,30
754,29,172,30
309,0,173,30
540,0,173,30
589,0,173,30
645,0,173,30
693,0,173,30
815,0,173,30
851,0,173,30
921,0,173,30
989,0,173,30
488,1,173,30
657,1,173,30
691,1,173,30
771,1,173,30
48,2,173,30
146,2,173,30
428,2,173,30
570,2,173,30
719,2,173,30
792,2,173,30
805,2,173,30
320,3,173,30
870,3,173,30
895,3,173,30
822,4,173,30
103,5,173,30
341,5,173,30
753,5,173,30
903,5,173,30
952,5,173,30
25,6,173,30
621,6,173,30
720,6,173,30
898,6,173,30
372,7,173,30
562,7,173,30
615,8,173,30
322,9,173,30
642,9,173,30
799,9,173,30
152,11,173,30
865,11,173,30
265,13,173,30
757,14,173,30
480,15,173,30
994,18,173,30
26,21,173,30
388,21,173,30
24,0,174,30
284,0,174,30
539,0,174,30
588,0,174,30
798,0,174,30
894,0,174,30
145,1,174,30
487,1,174,30
620,1,174,30
690,1,174,30
814,1,174,30
864,1,174,30
988,1,174,30
47,2,174,30
321,2,174,30
656,2,174,30
719,2,174,30
993,2,174,30
151,3,174,30
319,3,174,30
569,3,174,30
692,3,174,30
756,3,174,30
770,3,174,30
897,3,174,30
427,4,174,30
614,4,174,30
641,4,174,30
869,4,174,30
102,5,174,30
644,5,174,30
718,5,174,30
25,6,174,30
340,6,174,30
371,7,174,30
821,7,174,30
902,7,174,30
791,9,174,30
850,9,174,30
479,10,174,30
951,10,174,30
561,11,174,30
804,13,174,30
308,14,174,30
920,15,174,30
387,18,174,30
752,22,174,30
264,27,174,30
23,0,175,30
24,0,175,30
101,0,175,30
318,0,175,30
538,0,175,30
655,0,175,30
46,1,175,30
144,1,175,30
150,1,175,30
370,1,175,30
486,1,175,30
691,1,175,30
769,1,175,30
797,1,175,30
813,1,175,30
320,2,175,30
386,2,175,30
863,2,175,30
992,2,175,30
755,3,175,30
803,3,175,30
307,4,175,30
751,4,175,30
987,4,175,30
619,5,175,30
950,5,175,30
568,6,175,30
689,8,175,30
643,9,175,30
718,9,175,30
478,10,175,30
640,10,175,30
849,10,175,30
868,10,175,30
901,10,175,30
339,11,175,30
717,11,175,30
560,12,175,30
426,14,175,30
790,14,175,30
919,14,175,30
896,15,175,30
263,16,175,30
283,16,175,30
587,19,175,30
893,22,175,30
23,0,176,30
262,0,176,30
586,0,176,30
812,0,176,30
369,1,176,30
537,1,176,30
618,1,176,30
690,1,176,30
867,1,176,30
45,2,176,30
654,2,176,30
789,2,176,30
900,2,176,30
991,2,176,30
100,3,176,30
319,3,176,30
750,3,176,30
768,3,176,30
802,3,176,30
143,4,176,30
477,4,176,30
918,4,176,30
317,5,176,30
338,5,176,30
688,5,176,30
892,5,176,30
986,5,176,30
306,6,176,30
754,7,176,30
282,8,176,30
485,8,176,30
642,9,176,30
22,10,176,30
639,10,176,30
716,10,176,30
796,10,176,30
862,10,176,30
385,11,176,30
559,11,176,30
717,11,176,30
949,11,176,30
819,13,176,30
425,14,176,30
848,18,176,30
895,18,176,30
149,21,176,30
612,25,176,30
567,28,176,30
318,0,177,30
638,0,177,30
716,0,177,30
866,0,177,30
21,1,177,30
305,1,177,30
536,1,177,30
811,1,177,30
899,1,177,30
641,2,177,30
261,3,177,30
653,3,177,30
767,3,177,30
985,3,177,30
990,3,177,30
44,4,177,30
142,4,177,30
148,4,177,30
316,4,177,30
384,4,177,30
476,4,177,30
484,4,177,30
611,4,177,30
617,4,177,30
917,5,177,30
753,6,177,30
891,7,177,30
281,8,177,30
558,8,177,30
99,9,177,30
22,10,177,30
585,10,177,30
689,10,177,30
715,10,177,30
788,10,177,30
337,11,177,30
948,11,177,30
795,12,177,30
749,13,177,30
894,13,177,30
368,14,177,30
424,14,177,30
818,14,177,30
847,16,177,30
566,17,177,30
801,19,177,30
687,22,177,30
861,23,177,30
43,0,178,30
367,0,178,30
383,0,178,30
557,0,178,30
748,0,178,30
21,1,178,30
315,1,178,30
610,1,178,30
640,1,178,30
752,1,178,30
800,1,178,30
984,1,178,30
423,2,178,30
637,2,178,30
916,2,178,30
280,3,178,30
336,3,178,30
766,3,178,30
989,3,178,30
141,4,178,30
260,4,178,30
475,4,178,30
652,4,178,30
20,5,178,30
98,5,178,30
317,5,178,30
535,5,178,30
616,5,178,30
686,5,178,30
688,5,178,30
715,5,178,30
565,7,178,30
483,8,178,30
860,8,178,30
304,9,178,30
810,9,178,30
787,10,178,30
865,11,178,30
947,11,178,30
714,13,178,30
817,13,178,30
890,15,178,30
898,16,178,30
893,17,178,30
846,18,178,30
147,19,178,30
794,20,178,30
584,23,178,30
97,0,179,30
422,0,179,30
482,0,179,30
751,0,179,30
765,0,179,30
859,0,179,30
892,0,179,30
279,1,179,30
303,1,179,30
534,1,179,30
609,1,179,30
636,1,179,30
889,1,179,30
983,1,179,30
146,2,179,30
314,2,179,30
583,2,179,30
786,2,179,30
793,2,179,30
915,2,179,30
946,2,179,30
747,3,179,30
20,4,179,30
42,4,179,30
382,4,179,30
713,4,179,30
259,5,179,30
714,5,179,30
845,5,179,30
564,6,179,30
651,6,179,30
316,7,179,30
687,8,179,30
639,9,179,30
685,9,179,30
799,9,179,30
816,9,179,30
335,10,179,30
140,11,179,30
474,11,179,30
988,11,179,30
615,13,179,30
897,16,179,30
366,19,179,30
19,21,179,30
864,21,179,30
809,24,179,30
556,25,179,30
481,0,180,30
713,0,180,30
750,0,180,30
764,0,180,30
982,0,180,30
302,1,180,30
365,1,180,30
533,1,180,30
635,1,180,30
858,1,180,30
792,2,180,30
914,2,180,30
18,3,180,30
145,3,180,30
712,3,180,30
785,3,180,30
945,3,180,30
334,4,180,30
473,4,180,30
808,4,180,30
987,4,180,30
41,5,180,30
258,5,180,30
582,5,180,30
313,6,180,30
381,6,180,30
614,6,180,30
278,7,180,30
746,7,180,30
844,7,180,30
555,8,180,30
684,8,180,30
19,9,180,30
421,10,180,30
563,10,180,30
608,10,180,30
315,11,180,30
815,11,180,30
686,12,180,30
896,13,180,30
638,14,180,30
798,15,180,30
888,15,180,30
650,18,180,30
891,20,180,30
863,24,180,30
139,25,180,30
40,0,181,30
301,0,181,30
763,0,181,30
913,0,181,30
981,0,181,30
257,1,181,30
472,1,181,30
532,1,181,30
807,1,181,30
314,2,181,30
683,2,181,30
745,2,181,30
814,2,181,30
843,2,181,30
18,3,181,30
144,3,181,30
712,3,181,30
784,3,181,30
637,4,181,30
277,5,181,30
480,5,181,30
581,5,181,30
607,5,181,30
986,5,181,30
95,6,181,30
312,6,181,30
649,6,181,30
890,6,181,30
333,7,181,30
364,7,181,30
562,7,181,30
613,7,181,30
554,8,181,30
749,9,181,30
862,9,181,30
420,10,181,30
634,11,181,30
685,12,181,30
797,12,181,30
791,14,181,30
17,16,181,30
138,16,181,30
944,19,181,30
887,22,181,30
711,23,181,30
857,24,181,30
380,25,181,30
895,26,181,30
94,0,182,30
300,0,182,30
419,0,182,30
479,0,182,30
580,0,182,30
748,0,182,30
980,0,182,30
636,1,182,30
648,1,182,30
710,1,182,30
332,2,182,30
531,2,182,30
842,2,182,30
894,2,182,30
682,3,182,30
744,3,182,30
762,3,182,30
16,4,182,30
137,4,182,30
143,4,182,30
276,4,182,30
813,4,182,30
912,4,182,30
985,5,182,30
39,6,182,30
311,6,182,30
313,6,182,30
606,6,182,30
379,7,182,30
612,7,182,30
256,8,182,30
471,8,182,30
790,8,182,30
17,9,182,30
796,9,182,30
553,10,182,30
886,13,182,30
783,14,182,30
561,15,182,30
684,17,182,30
711,20,182,30
889,20,182,30
806,22,182,30
861,23,182,30
363,24,182,30
856,25,182,30
943,29,182,30
478,0,183,30
605,0,183,30
632,0,183,30
812,0,183,30
911,0,183,30
979,0,183,30
142,1,183,30
470,1,183,30
530,1,183,30
635,1,183,30
647,1,183,30
795,1,183,30
709,2,183,30
782,2,183,30
805,2,183,30
743,3,183,30
747,3,183,30
942,3,183,30
16,4,183,30
38,4,183,30
275,4,183,30
579,4,183,30
683,4,183,30
312,5,183,30
93,6,183,30
255,6,183,30
310,6,183,30
331,6,183,30
378,6,183,30
789,6,183,30
841,6,183,30
15,7,183,30
885,7,183,30
362,8,183,30
710,8,183,30
860,8,183,30
761,10,183,30
888,11,183,30
611,12,183,30
855,13,183,30
136,14,183,30
552,14,183,30
893,17,183,30
299,20,183,30
418,21,183,30
681,21,183,30
560,22,183,30
37,0,184,30
631,0,184,30
709,0,184,30
742,0,184,30
760,0,184,30
840,0,184,30
854,0,184,30
254,1,184,30
646,1,184,30
92,2,184,30
578,2,184,30
708,2,184,30
983,2,184,30
14,3,184,30
274,3,184,30
551,3,184,30
682,3,184,30
910,3,184,30
941,3,184,30
141,4,184,30
477,4,184,30
794,4,184,30
811,4,184,30
884,4,184,30
135,5,184,30
311,5,184,30
680,5,184,30
892,5,184,30
15,7,184,30
309,7,184,30
377,7,184,30
859,7,184,30
529,8,184,30
788,8,184,30
978,9,184,30
610,12,184,30
559,13,184,30
781,13,184,30
804,13,184,30
604,14,184,30
298,20,184,30
330,21,184,30
469,21,184,30
746,21,184,30
887,22,184,30
417,25,184,30
361,28,184,30
634,29,184,30
91,0,185,30
360,0,185,30
550,0,185,30
745,0,185,30
759,0,185,30
977,0,185,30
982,0,185,30
253,1,185,30
645,1,185,30
707,1,185,30
468,2,185,30
609,2,185,30
708,2,185,30
883,2,185,30
273,3,185,30
741,3,185,30
909,3,185,30
36,4,185,30
134,4,185,30
476,4,185,30
681,4,185,30
810,4,185,30
839,4,185,30
528,5,185,30
679,5,185,30
803,5,185,30
310,6,185,30
376,6,185,30
297,7,185,30
787,7,185,30
891,7,185,30
940,7,185,30
416,8,185,30
793,8,185,30
558,9,185,30
853,9,185,30
14,13,185,30
140,13,185,30
308,14,185,30
780,15,185,30
886,17,185,30
329,20,185,30
630,20,185,30
603,28,185,30
13,29,185,30
633,29,185,30
90,0,186,30
272,0,186,30
359,0,186,30
475,0,186,30
549,0,186,30
557,0,186,30
629,0,186,30
632,0,186,30
981,0,186,30
307,1,186,30
576,1,186,30
602,1,186,30
706,1,186,30
707,1,186,30
744,1,186,30
328,2,186,30
467,2,186,30
857,2,186,30
885,2,186,30
139,3,186,30
608,3,186,30
758,3,186,30
296,4,186,30
375,4,186,30
740,4,186,30
786,4,186,30
838,4,186,30
882,4,186,30
976,4,186,30
133,5,186,30
252,5,186,30
527,5,186,30
644,5,186,30
680,5,186,30
908,5,186,30
779,6,186,30
309,7,186,30
939,7,186,30
13,8,186,30
35,8,186,30
415,10,186,30
802,10,186,30
852,10,186,30
792,17,186,30
890,17,186,30
678,19,186,30
809,19,186,30
12,28,186,30
251,0,187,30
575,0,187,30
628,0,187,30
631,0,187,30
677,0,187,30
706,0,187,30
801,0,187,30
980,0,187,30
138,1,187,30
705,1,187,30
889,1,187,30
556,2,187,30
601,2,187,30
12,3,187,30
132,3,187,30
271,3,187,30
414,3,187,30
474,3,187,30
739,3,187,30
856,3,187,30
358,4,187,30
374,4,187,30
548,4,187,30
679,4,187,30
808,4,187,30
884,4,187,30
938,4,187,30
295,5,187,30
607,5,187,30
837,5,187,30
975,5,187,30
89,6,187,30
306,6,187,30
643,6,187,30
907,6,187,30
881,7,187,30
11,8,187,30
34,8,187,30
743,8,187,30
851,8,187,30
327,9,187,30
778,10,187,30
526,11,187,30
466,12,187,30
308,14,187,30
785,14,187,30
791,18,187,30
757,22,187,30
10,0,188,30
88,0,188,30
307,0,188,30
465,0,188,30
473,0,188,30
574,0,188,30
600,0,188,30
627,0,188,30
704,0,188,30
742,0,188,30
784,0,188,30
937,0,188,30
979,0,188,30
305,1,188,30
555,1,188,30
705,1,188,30
800,1,188,30
807,1,188,30
357,2,188,30
678,2,188,30
974,2,188,30
11,3,188,30
131,3,188,30
250,3,188,30
676,3,188,30
855,3,188,30
137,4,188,30
270,4,188,30
790,4,188,30
880,4,188,30
373,5,188,30
888,5,188,30
326,6,188,30
850,6,188,30
33,7,188,30
606,8,188,30
642,9,188,30
756,9,188,30
547,10,188,30
294,11,188,30
525,12,188,30
738,13,188,30
906,13,188,30
413,19,188,30
630,20,188,30
836,21,188,30
777,22,188,30
10,0,189,30
306,0,189,30
412,0,189,30
472,0,189,30
677,0,189,30
704,0,189,30
936,0,189,30
87,1,189,30
605,1,189,30
629,1,189,30
849,1,189,30
882,1,189,30
356,2,189,30
464,2,189,30
554,2,189,30
599,2,189,30
641,2,189,30
854,2,189,30
879,2,189,30
9,3,189,30
372,3,189,30
524,3,189,30
741,3,189,30
835,3,189,30
546,4,189,30
973,4,189,30
249,5,189,30
269,5,189,30
130,6,189,30
325,6,189,30
626,6,189,30
703,6,189,30
783,6,189,30
789,6,189,30
905,7,189,30
755,8,189,30
776,8,189,30
978,9,189,30
293,10,189,30
304,11,189,30
32,12,189,30
136,14,189,30
806,15,189,30
799,20,189,30
887,21,189,30
86,0,190,30
129,0,190,30
471,0,190,30
545,0,190,30
625,0,190,30
740,0,190,30
775,0,190,30
904,0,190,30
935,0,190,30
977,0,190,30
303,1,190,30
553,1,190,30
604,1,190,30
853,1,190,30
248,2,190,30
371,2,190,30
598,2,190,30
628,2,190,30
754,2,190,30
782,2,190,30
805,2,190,30
881,2,190,30
676,3,190,30
703,3,190,30
834,3,190,30
305,4,190,30
878,4,190,30
8,5,190,30
31,5,190,30
355,5,190,30
702,5,190,30
788,5,190,30
268,6,190,30
640,6,190,30
798,6,190,30
292,7,190,30
848,7,190,30
411,8,190,30
972,8,190,30
463,9,190,30
9,13,190,30
135,13,190,30
674,20,190,30
886,21,190,30
523,22,190,30
736,23,190,30
572,28,190,30
7,0,191,30
85,0,191,30
247,0,191,30
323,0,191,30
410,0,191,30
571,0,191,30
833,0,191,30
903,0,191,30
302,1,191,30
370,1,191,30
462,1,191,30
470,1,191,30
544,1,191,30
701,1,191,30
624,2,191,30
267,3,191,30
627,3,191,30
639,3,191,30
739,3,191,30
934,3,191,30
291,4,191,30
976,4,191,30
8,5,191,30
30,5,191,30
702,5,191,30
880,5,191,30
597,6,191,30
781,6,191,30
787,6,191,30
797,6,191,30
877,6,191,30
753,7,191,30
847,7,191,30
885,7,191,30
128,9,191,30
522,10,191,30
673,10,191,30
134,11,191,30
304,11,191,30
804,11,191,30
971,11,191,30
354,13,191,30
774,13,191,30
552,14,191,30
852,17,191,30
735,19,191,30
7,0,192,30
29,0,192,30
84,0,192,30
246,0,192,30
353,0,192,30
623,0,192,30
672,0,192,30
832,0,192,30
902,0,192,30
127,1,192,30
303,1,192,30
369,1,192,30
521,1,192,30
543,1,192,30
602,1,192,30
701,1,192,30
752,1,192,30
786,1,192,30
851,1,192,30
301,2,192,30
780,3,192,30
879,3,192,30
461,4,192,30
290,5,192,30
596,5,192,30
409,6,192,30
469,6,192,30
626,6,192,30
876,6,192,30
133,7,192,30
933,7,192,30
796,8,192,30
570,9,192,30
674,9,192,30
700,9,192,30
773,9,192,30
970,9,192,30
322,10,192,30
975,10,192,30
6,11,192,30
266,11,192,30
638,11,192,30
846,13,192,30
803,15,192,30
734,16,192,30
551,20,192,30
738,24,192,30
5,0,193,30
289,0,193,30
460,0,193,30
550,0,193,30
595,0,193,30
831,0,193,30
245,1,193,30
302,1,193,30
622,1,193,30
751,1,193,30
785,1,193,30
795,1,193,30
901,1,193,30
321,2,193,30
468,2,193,30
542,2,193,30
637,2,193,30
974,2,193,30
569,3,193,30
625,3,193,30
699,3,193,30
875,3,193,30
737,4,193,30
850,4,193,30
772,5,193,30
845,5,193,30
883,5,193,30
969,6,193,30
132,7,193,30
265,7,193,30
408,7,193,30
878,7,193,30
520,8,193,30
352,10,193,30
673,10,193,30
802,10,193,30
671,11,193,30
28,12,193,30
368,13,193,30
700,14,193,30
733,14,193,30
779,15,193,30
126,16,193,30
6,17,193,30
601,18,193,30
300,19,193,30
932,22,193,30
5,0,194,30
301,0,194,30
367,0,194,30
459,0,194,30
549,0,194,30
600,0,194,30
784,0,194,30
801,0,194,30
973,0,194,30
244,1,194,30
672,1,194,30
844,1,194,30
882,1,194,30
931,1,194,30
320,2,194,30
351,2,194,30
467,2,194,30
624,2,194,30
636,2,194,30
736,2,194,30
900,2,194,30
699,3,194,30
750,3,194,30
4,4,194,30
594,4,194,30
698,4,194,30
82,5,194,30
519,5,194,30
830,5,194,30
874,5,194,30
621,6,194,30
771,6,194,30
877,6,194,30
849,7,194,30
541,8,194,30
670,8,194,30
794,8,194,30
968,8,194,30
288,9,194,30
27,11,194,30
568,11,194,30
125,12,194,30
264,12,194,30
732,14,194,30
407,15,194,30
299,19,194,30
131,22,194,30
778,25,194,30
3,0,195,30
300,0,195,30
567,0,195,30
697,0,195,30
930,0,195,30
406,1,195,30
458,1,195,30
81,2,195,30
350,2,195,30
635,2,195,30
735,2,195,30
843,2,195,30
881,2,195,30
899,2,195,30
319,3,195,30
298,4,195,30
366,4,195,30
540,4,195,30
593,4,195,30
698,4,195,30
749,4,195,30
777,4,195,30
4,5,195,30
967,5,195,30
623,6,195,30
783,6,195,30
800,6,195,30
876,6,195,30
124,7,195,30
548,7,195,30
848,7,195,30
873,7,195,30
287,8,195,30
518,8,195,30
599,8,195,30
669,8,195,30
793,8,195,30
243,10,195,30
620,11,195,30
263,12,195,30
466,12,195,30
731,14,195,30
671,15,195,30
972,15,195,30
130,16,195,30
829,16,195,30
26,18,195,30
770,26,195,30
3,0,196,30
318,0,196,30
592,0,196,30
730,0,196,30
286,1,196,30
365,1,196,30
465,1,196,30
262,2,196,30
297,2,196,30
670,2,196,30
828,2,196,30
842,2,196,30
242,3,196,30
349,3,196,30
776,3,196,30
875,3,196,30
25,4,196,30
517,4,196,30
748,4,196,30
880,4,196,30
929,4,196,30
80,5,196,30
769,5,196,30
457,6,196,30
622,6,196,30
696,6,196,30
782,6,196,30
539,7,196,30
668,7,196,30
847,7,196,30
872,7,196,30
566,8,196,30
634,11,196,30
792,11,196,30
971,11,196,30
129,12,196,30
299,12,196,30
697,12,196,30
598,14,196,30
898,14,196,30
405,16,196,30
619,16,196,30
734,16,196,30
2,17,196,30
966,19,196,30
799,21,196,30
123,23,196,30
547,24,196,30
24,0,197,30
456,0,197,30
775,0,197,30
781,0,197,30
798,0,197,30
538,1,197,30
970,1,197,30
261,2,197,30
464,2,197,30
768,2,197,30
928,2,197,30
241,3,197,30
348,3,197,30
591,3,197,30
696,3,197,30
879,3,197,30
897,3,197,30
298,4,197,30
565,4,197,30
747,4,197,30
871,4,197,30
404,5,197,30
667,5,197,30
621,6,197,30
841,6,197,30
285,7,197,30
364,7,197,30
1,9,197,30
695,9,197,30
733,9,197,30
128,10,197,30
729,10,197,30
546,11,197,30
597,11,197,30
618,11,197,30
791,11,197,30
633,12,197,30
669,12,197,30
846,12,197,30
874,13,197,30
2,14,197,30
516,16,197,30
827,18,197,30
79,23,197,30
965,23,197,30
317,24,197,30
23,0,198,30
284,0,198,30
316,0,198,30
455,0,198,30
694,0,198,30
780,0,198,30
840,0,198,30
403,1,198,30
537,1,198,30
732,1,198,30
767,1,198,30
826,1,198,30
870,1,198,30
964,1,198,30
78,2,198,30
240,2,198,30
295,2,198,30
297,2,198,30
515,2,198,30
666,2,198,30
797,2,198,30
347,3,198,30
1,4,198,30
121,4,198,30
260,4,198,30
878,4,198,30
896,4,198,30
0,5,198,30
127,5,198,30
545,5,198,30
617,5,198,30
845,5,198,30
590,6,198,30
969,7,198,30
463,8,198,30
746,8,198,30
790,8,198,30
728,9,198,30
620,11,198,30
927,11,198,30
596,15,198,30
774,15,198,30
695,20,198,30
668,23,198,30
564,25,198,30
873,27,198,30
346,0,199,30
693,0,199,30
694,0,199,30
745,0,199,30
315,1,199,30
402,1,199,30
514,1,199,30
536,1,199,30
731,1,199,30
773,1,199,30
294,2,199,30
362,3,199,30
839,3,199,30
77,4,199,30
239,4,199,30
869,4,199,30
259,5,199,30
544,5,199,30
563,5,199,30
616,5,199,30
619,5,199,30
454,6,199,30
877,6,199,30
462,7,199,30
120,8,199,30
595,8,199,30
968,8,199,30
22,10,199,30
766,10,199,30
779,10,199,30
825,10,199,30
844,10,199,30
895,10,199,30
963,10,199,30
126,11,199,30
589,11,199,30
926,11,199,30
0,12,199,30
283,12,199,30
665,12,199,30
872,13,199,30
667,14,199,30
631,17,199,30
727,20,199,30
789,21,199,30
796,21,199,30
296,29,199,30
345,0,200,30
693,0,200,30
765,0,200,30
125,1,200,30
730,1,200,30
772,1,200,30
824,1,200,30
119,2,200,30
588,2,200,30
361,3,200,30
513,3,200,30
692,3,200,30
726,3,200,30
838,3,200,30
967,3,200,30
238,4,200,30
258,5,200,30
401,5,200,30
535,5,200,30
925,5,200,30
76,6,200,30
876,6,200,30
962,7,200,30
282,8,200,30
453,8,200,30
461,8,200,30
543,8,200,30
664,8,200,30
843,8,200,30
778,10,200,30
788,10,200,30
868,10,200,30
618,11,200,30
894,12,200,30
562,13,200,30
615,13,200,30
871,14,200,30
295,17,200,30
314,17,200,30
666,17,200,30
21,19,200,30
744,19,200,30
795,21,200,30
293,28,200,30
344,0,201,30
460,0,201,30
542,0,201,30
629,0,201,30
764,0,201,30
691,1,201,30
729,1,201,30
771,1,201,30
867,1,201,30
587,2,201,30
999,2,201,30
257,3,201,30
692,3,201,30
870,3,201,30
20,4,201,30
237,4,201,30
313,4,201,30
617,4,201,30
794,4,201,30
924,4,201,30
777,5,201,30
837,5,201,30
281,6,201,30
561,6,201,30
593,6,201,30
614,6,201,30
665,6,201,30
875,6,201,30
124,7,201,30
292,7,201,30
961,7,201,30
360,8,201,30
452,8,201,30
663,8,201,30
743,8,201,30
512,9,201,30
75,10,201,30
400,10,201,30
787,10,201,30
294,11,201,30
725,12,201,30
823,14,201,30
118,17,201,30
534,17,201,30
893,17,201,30
966,22,201,30
842,25,201,30
117,0,202,30
343,0,202,30
459,0,202,30
628,0,202,30
742,0,202,30
763,0,202,30
892,0,202,30
923,0,202,30
965,0,202,30
998,0,202,30
74,1,202,30
236,1,202,30
690,1,202,30
691,1,202,30
786,1,202,30
280,2,202,30
613,2,202,30
793,2,202,30
256,3,202,30
399,3,202,30
776,3,202,30
123,4,202,30
822,4,202,30
869,4,202,30
312,5,202,30
592,5,202,30
616,5,202,30
359,6,202,30
511,6,202,30
841,6,202,30
836,7,202,30
541,8,202,30
19,9,202,30
728,9,202,30
960,9,202,30
293,10,202,30
866,10,202,30
451,11,202,30
533,13,202,30
770,15,202,30
664,19,202,30
724,22,202,30
586,25,202,30
662,27,202,30
398,0,203,30
450,0,203,30
627,0,203,30
775,0,203,30
997,0,203,30
690,1,203,30
723,1,203,30
785,1,203,30
116,2,203,30
591,2,203,30
792,2,203,30
18,3,203,30
255,3,203,30
342,3,203,30
585,3,203,30
835,3,203,30
891,3,203,30
964,4,203,30
235,5,203,30
311,5,203,30
769,5,203,30
290,6,203,30
762,6,203,30
292,7,203,30
663,7,203,30
821,7,203,30
358,8,203,30
540,8,203,30
959,8,203,30
279,9,203,30
873,9,203,30
689,10,203,30
999,10,203,30
741,12,203,30
559,13,203,30
615,13,203,30
661,13,203,30
840,13,203,30
73,14,203,30
868,15,203,30
865,17,203,30
922,18,203,30
727,19,203,30
532,20,203,30
510,21,203,30
458,23,203,30
254,0,204,30
341,0,204,30
740,0,204,30
890,0,204,30
921,0,204,30
998,0,204,30
72,1,204,30
834,1,204,30
289,2,204,30
660,2,204,30
784,3,204,30
867,3,204,30
958,3,204,30
291,4,204,30
397,4,204,30
614,4,204,30
688,4,204,30
726,4,204,30
963,4,204,30
234,5,204,30
864,5,204,30
115,6,204,30
457,6,204,30
558,6,204,30
590,6,204,30
278,7,204,30
768,7,204,30
449,8,204,30
689,8,204,30
820,8,204,30
17,9,204,30
310,9,204,30
357,9,204,30
791,9,204,30
509,10,204,30
761,10,204,30
531,12,204,30
872,12,204,30
121,13,204,30
611,13,204,30
774,16,204,30
584,18,204,30
839,18,204,30
996,18,204,30
626,19,204,30
662,21,204,30
999,21,204,30
722,23,204,30
539,24,204,30
71,0,205,30
309,0,205,30
456,0,205,30
530,0,205,30
557,0,205,30
760,0,205,30
833,0,205,30
889,0,205,30
957,0,205,30
997,0,205,30
538,1,205,30
773,1,205,30
819,1,205,30
920,1,205,30
583,2,205,30
863,2,205,30
114,3,205,30
625,3,205,30
687,3,205,30
995,3,205,30
790,4,205,30
725,5,205,30
277,6,205,30
290,6,205,30
340,6,205,30
783,6,205,30
998,6,205,30
16,7,205,30
448,7,205,30
613,7,205,30
688,7,205,30
767,7,205,30
962,7,205,30
739,8,205,30
871,8,205,30
253,10,205,30
288,11,205,30
589,11,205,30
721,12,205,30
661,13,205,30
120,14,205,30
508,14,205,30
838,16,205,30
999,17,205,30
233,18,205,30
610,18,205,30
659,19,205,30
866,22,205,30
396,23,205,30
356,26,205,30
289,0,206,30
395,0,206,30
455,0,206,30
507,0,206,30
658,0,206,30
759,0,206,30
832,0,206,30
888,0,206,30
537,1,206,30
772,1,206,30
119,2,206,30
556,2,206,30
588,2,206,30
660,2,206,30
782,2,206,30
624,3,206,30
870,3,206,30
276,4,206,30
818,4,206,30
862,4,206,30
113,5,206,30
252,5,206,30
582,5,206,30
998,5,206,30
70,6,206,30
720,6,206,30
919,6,206,30
997,6,206,30
15,7,206,30
612,7,206,30
961,7,206,30
996,7,206,30
287,8,206,30
529,8,206,30
687,8,206,30
956,8,206,30
339,9,206,30
232,10,206,30
686,10,206,30
766,10,206,30
865,11,206,30
308,14,206,30
355,15,206,30
609,15,206,30
789,15,206,30
837,17,206,30
994,20,206,30
447,24,206,30
738,25,206,30
112,0,207,30
831,0,207,30
887,0,207,30
118,1,207,30
536,1,207,30
555,1,207,30
771,1,207,30
275,2,207,30
587,2,207,30
657,2,207,30
528,3,207,30
608,3,207,30
758,3,207,30
995,3,207,30
231,5,207,30
251,5,207,30
581,5,207,30
788,5,207,30
288,6,207,30
307,6,207,30
623,6,207,30
765,6,207,30
781,6,207,30
997,6,207,30
338,7,207,30
454,7,207,30
836,7,207,30
69,8,207,30
394,8,207,30
955,8,207,30
719,9,207,30
723,9,207,30
960,9,207,30
286,10,207,30
446,10,207,30
918,10,207,30
996,11,207,30
354,12,207,30
611,12,207,30
864,12,207,30
659,15,207,30
685,15,207,30
686,15,207,30
817,16,207,30
506,17,207,30
993,20,207,30
861,23,207,30
14,26,207,30
353,0,208,30
393,0,208,30
505,0,208,30
586,0,208,30
886,0,208,30
917,0,208,30
117,1,208,30
622,1,208,30
658,1,208,30
757,1,208,30
287,2,208,30
554,2,208,30
580,2,208,30
656,2,208,30
736,2,208,30
780,2,208,30
863,2,208,30
995,2,208,30
770,4,208,30
959,4,208,30
111,5,208,30
250,5,208,30
527,5,208,30
607,5,208,30
992,5,208,30
274,6,208,30
306,6,208,30
445,6,208,30
722,6,208,30
994,6,208,30
285,7,208,30
718,7,208,30
787,7,208,30
13,8,208,30
68,8,208,30
453,8,208,30
337,9,208,30
535,10,208,30
764,10,208,30
860,10,208,30
610,12,208,30
684,13,208,30
835,14,208,30
954,14,208,30
230,15,208,30
685,15,208,30
868,15,208,30
996,15,208,30
830,24,208,30
110,0,209,30
249,0,209,30
756,0,209,30
815,0,209,30
829,0,209,30
953,0,209,30
67,1,209,30
273,1,209,30
286,1,209,30
305,1,209,30
392,1,209,30
444,1,209,30
452,1,209,30
504,1,209,30
655,1,209,30
657,1,209,30
769,1,209,30
834,1,209,30
867,1,209,30
116,2,209,30
735,2,209,30
763,2,209,30
885,2,209,30
916,2,209,30
993,2,209,30
995,2,209,30
12,3,209,30
336,3,209,30
585,3,209,30
958,3,209,30
786,4,209,30
862,4,209,30
606,6,209,30
621,6,209,30
994,6,209,30
229,7,209,30
553,7,209,30
717,7,209,30
284,8,209,30
352,10,209,30
526,11,209,30
579,11,209,30
609,11,209,30
859,11,209,30
721,12,209,30
683,13,209,30
684,13,209,30
534,14,209,30
991,21,209,30
779,24,209,30
391,0,210,30
716,0,210,30
866,0,210,30
11,1,210,30
66,1,210,30
109,1,210,30
503,1,210,30
720,1,210,30
861,1,210,30
578,2,210,30
656,2,210,30
828,2,210,30
915,2,210,30
992,2,210,30
993,2,210,30
228,3,210,30
608,3,210,30
952,3,210,30
990,3,210,30
351,4,210,30
443,4,210,30
683,4,210,30
755,4,210,30
884,4,210,30
272,5,210,30
115,6,210,30
994,6,210,30
285,7,210,30
768,7,210,30
833,8,210,30
605,9,210,30
654,9,210,30
814,9,210,30
304,11,210,30
451,11,210,30
584,11,210,30
620,11,210,30
248,12,210,30
283,12,210,30
525,12,210,30
762,13,210,30
533,14,210,30
785,14,210,30
734,16,210,30
778,16,210,30
957,16,210,30
335,17,210,30
682,17,210,30
552,21,210,30
858,22,210,30
247,0,211,30
450,0,211,30
502,0,211,30
655,0,211,30
989,0,211,30
108,1,211,30
303,1,211,30
524,1,211,30
583,2,211,30
761,2,211,30
883,2,211,30
914,2,211,30
956,2,211,30
991,2,211,30
992,2,211,30
114,3,211,30
284,3,211,30
551,3,211,30
860,3,211,30
10,4,211,30
334,4,211,30
350,4,211,30
653,4,211,30
682,4,211,30
777,4,211,30
784,4,211,30
813,4,211,30
951,4,211,30
715,5,211,30
993,6,211,30
442,7,211,30
619,7,211,30
733,7,211,30
767,7,211,30
857,7,211,30
65,8,211,30
532,8,211,30
719,9,211,30
227,10,211,30
390,10,211,30
865,11,211,30
282,12,211,30
832,13,211,30
604,14,211,30
271,15,211,30
827,15,211,30
681,16,211,30
577,17,211,30
607,22,211,30
754,25,211,30
246,0,212,30
389,0,212,30
760,0,212,30
302,1,212,30
441,1,212,30
501,1,212,30
618,1,212,30
718,1,212,30
826,1,212,30
856,1,212,30
988,1,212,30
449,2,212,30
550,2,212,30
950,2,212,30
991,2,212,30
226,3,212,30
349,3,212,30
831,3,212,30
882,3,212,30
913,3,212,30
990,3,212,30
107,4,212,30
281,4,212,30
523,4,212,30
652,4,212,30
681,4,212,30
812,4,212,30
113,5,212,30
714,5,212,30
753,5,212,30
864,5,212,30
992,5,212,30
64,6,212,30
732,7,212,30
859,7,212,30
955,7,212,30
333,8,212,30
776,8,212,30
654,9,212,30
766,10,212,30
531,12,212,30
9,13,212,30
783,14,212,30
603,15,212,30
680,16,212,30
270,17,212,30
283,21,212,30
606,22,212,30
112,0,213,30
301,0,213,30
530,0,213,30
713,0,213,30
759,0,213,30
989,0,213,30
440,1,213,30
500,1,213,30
752,1,213,30
830,1,213,30
855,1,213,30
280,2,213,30
549,2,213,30
602,2,213,30
605,2,213,30
782,2,213,30
811,2,213,30
863,2,213,30
348,3,213,30
653,3,213,30
106,4,213,30
679,4,213,30
987,4,213,30
8,5,213,30
332,5,213,30
522,7,213,30
990,7,213,30
269,9,213,30
617,9,213,30
651,9,213,30
765,10,213,30
825,10,213,30
912,10,213,30
245,11,213,30
881,11,213,30
63,12,213,30
388,13,213,30
448,14,213,30
717,14,213,30
731,14,213,30
680,15,213,30
991,15,213,30
282,17,213,30
949,18,213,30
775,20,213,30
858,21,213,30
225,24,213,30
954,24,213,30
575,26,213,30
62,0,214,30
105,0,214,30
300,0,214,30
716,0,214,30
730,0,214,30
781,0,214,30
824,0,214,30
829,0,214,30
880,0,214,30
111,1,214,30
281,1,214,30
439,1,214,30
499,1,214,30
521,1,214,30
751,1,214,30
988,1,214,30
244,2,214,30
580,2,214,30
601,2,214,30
678,2,214,30
854,2,214,30
857,2,214,30
347,3,214,30
7,4,214,30
810,4,214,30
224,5,214,30
279,5,214,30
953,5,214,30
986,5,214,30
268,6,214,30
989,6,214,30
574,7,214,30
652,7,214,30
712,8,214,30
764,8,214,30
911,8,214,30
862,9,214,30
990,9,214,30
529,10,214,30
331,11,214,30
616,11,214,30
679,11,214,30
387,12,214,30
948,13,214,30
774,17,214,30
758,18,214,30
604,20,214,30
447,22,214,30
650,27,214,30
110,0,215,30
600,0,215,30
780,0,215,30
989,0,215,30
677,1,215,30
715,1,215,30
763,1,215,30
853,1,215,30
988,1,215,30
498,2,215,30
757,2,215,30
828,2,215,30
879,2,215,30
104,3,215,30
267,3,215,30
280,3,215,30
573,3,215,30
910,3,215,30
773,4,215,30
987,4,215,30
729,5,215,30
750,5,215,30
856,5,215,30
952,5,215,30
985,5,215,30
528,6,215,30
278,7,215,30
520,7,215,30
651,7,215,30
438,10,215,30
446,10,215,30
823,10,215,30
579,11,215,30
299,12,215,30
346,12,215,30
615,13,215,30
649,13,215,30
386,14,215,30
603,15,215,30
223,16,215,30
678,19,215,30
243,20,215,30
711,20,215,30
947,20,215,30
6,21,215,30
809,24,215,30
861,25,215,30
61,26,215,30
330,27,215,30
298,0,216,30
677,0,216,30
728,0,216,30
756,0,216,30
808,0,216,30
951,0,216,30
60,1,216,30
109,1,216,30
279,1,216,30
602,1,216,30
676,1,216,30
710,1,216,30
984,1,216,30
5,2,216,30
445,2,216,30
497,2,216,30
578,2,216,30
599,2,216,30
946,2,216,30
572,3,216,30
762,3,216,30
909,3,216,30
345,4,216,30
614,4,216,30
749,4,216,30
987,4,216,30
103,5,216,30
385,5,216,30
519,5,216,30
648,5,216,30
714,5,216,30
772,5,216,30
277,6,216,30
779,6,216,30
437,7,216,30
527,7,216,30
852,10,216,30
860,10,216,30
222,11,216,30
546,11,216,30
988,11,216,30
986,12,216,30
266,15,216,30
822,15,216,30
827,16,216,30
855,16,216,30
878,16,216,30
650,22,216,30
329,23,216,30
276,0,217,30
709,0,217,30
713,0,217,30
748,0,217,30
851,0,217,30
854,0,217,30
108,1,217,30
344,1,217,30
983,1,217,30
59,2,217,30
444,2,217,30
598,2,217,30
613,2,217,30
761,2,217,30
826,2,217,30
221,3,217,30
526,3,217,30
755,3,217,30
807,3,217,30
985,3,217,30
241,4,217,30
328,4,217,30
987,4,217,30
4,5,217,30
102,5,217,30
265,5,217,30
647,5,217,30
877,6,217,30
384,7,217,30
986,7,217,30
518,8,217,30
771,8,217,30
945,8,217,30
908,9,217,30
278,10,217,30
545,10,217,30
676,10,217,30
859,11,217,30
601,12,217,30
950,12,217,30
649,13,217,30
675,16,217,30
496,17,217,30
577,19,217,30
436,20,217,30
727,20,217,30
297,23,217,30
778,25,217,30
101,0,218,30
600,0,218,30
820,0,218,30
648,1,218,30
858,1,218,30
984,1,218,30
383,2,218,30
443,2,218,30
708,2,218,30
754,2,218,30
825,2,218,30
982,2,218,30
220,3,218,30
712,3,218,30
985,3,218,30
58,4,218,30
107,4,218,30
240,4,218,30
275,4,218,30
296,4,218,30
327,4,218,30
343,4,218,30
544,4,218,30
646,4,218,30
747,4,218,30
777,4,218,30
850,4,218,30
3,5,218,30
277,5,218,30
986,5,218,30
597,6,218,30
876,6,218,30
907,6,218,30
495,8,218,30
435,9,218,30
674,9,218,30
726,9,218,30
853,9,218,30
570,10,218,30
612,12,218,30
525,14,218,30
770,15,218,30
806,15,218,30
675,16,218,30
949,18,218,30
760,19,218,30
517,20,218,30
944,21,218,30
264,27,218,30
276,0,219,30
326,0,219,30
575,0,219,30
819,0,219,30
824,0,219,30
100,1,219,30
524,1,219,30
647,1,219,30
707,1,219,30
983,1,219,30
295,2,219,30
382,2,219,30
434,2,219,30
673,2,219,30
274,3,219,30
569,3,219,30
875,3,219,30
984,3,219,30
985,3,219,30
57,4,219,30
106,4,219,30
239,4,219,30
599,4,219,30
611,4,219,30
805,4,219,30
516,5,219,30
725,5,219,30
753,5,219,30
543,6,219,30
596,6,219,30
849,7,219,30
981,7,219,30
943,8,219,30
674,9,219,30
769,9,219,30
746,12,219,30
857,12,219,30
906,12,219,30
645,13,219,30
948,13,219,30
2,16,219,30
852,16,219,30
494,17,219,30
263,18,219,30
711,20,219,30
442,21,219,30
776,22,219,30
105,0,220,30
433,0,220,30
493,0,220,30
542,0,220,30
574,0,220,30
672,0,220,30
706,0,220,30
745,0,220,30
99,1,220,30
218,1,220,30
273,1,220,30
294,1,220,30
646,1,220,30
752,1,220,30
275,2,220,30
325,2,220,30
381,2,220,30
673,2,220,30
724,2,220,30
768,2,220,30
851,2,220,30
982,2,220,30
947,3,220,30
983,3,220,30
984,3,220,30
1,4,220,30
238,4,220,30
262,4,220,30
341,4,220,30
598,4,220,30
818,4,220,30
856,5,220,30
980,5,220,30
441,6,220,30
515,6,220,30
523,6,220,30
848,7,220,30
874,7,220,30
905,7,220,30
56,8,220,30
710,8,220,30
823,8,220,30
758,9,220,30
595,10,220,30
942,10,220,30
568,11,220,30
804,11,220,30
610,12,220,30
644,13,220,30
272,0,221,30
645,0,221,30
709,0,221,30
822,0,221,30
982,0,221,30
0,1,221,30
293,1,221,30
573,1,221,30
705,1,221,30
723,1,221,30
751,1,221,30
941,1,221,30
522,2,221,30
757,2,221,30
873,2,221,30
904,2,221,30
983,2,221,30
98,3,221,30
274,3,221,30
514,3,221,30
567,3,221,30
803,3,221,30
237,4,221,30
440,4,221,30
492,4,221,30
594,4,221,30
850,4,221,30
104,5,221,30
380,5,221,30
217,6,221,30
597,6,221,30
672,6,221,30
946,6,221,30
847,7,221,30
981,8,221,30
643,9,221,30
55,10,221,30
340,11,221,30
541,11,221,30
261,13,221,30
432,13,221,30
767,13,221,30
817,13,221,30
855,13,221,30
609,15,221,30
671,15,221,30
774,16,221,30
979,16,221,30
744,21,221,30
324,23,221,30
323,0,222,30
431,0,222,30
704,0,222,30
756,0,222,30
854,0,222,30
981,0,222,30
982,0,222,30
216,1,222,30
273,1,222,30
521,1,222,30
773,1,222,30
849,1,222,30
722,2,222,30
97,3,222,30
513,3,222,30
572,3,222,30
608,3,222,30
802,3,222,30
945,3,222,30
980,3,222,30
260,4,222,30
540,4,222,30
593,4,222,30
670,4,222,30
903,4,222,30
103,5,222,30
491,5,222,30
596,5,222,30
271,6,222,30
816,6,222,30
292,7,222,30
379,7,222,30
872,7,222,30
940,7,222,30
54,8,222,30
566,8,222,30
743,8,222,30
642,9,222,30
708,10,222,30
339,11,222,30
671,11,222,30
236,12,222,30
766,12,222,30
644,13,222,30
750,13,222,30
439,14,222,30
821,18,222,30
846,19,222,30
215,0,223,30
272,0,223,30
571,0,223,30
592,0,223,30
643,0,223,30
765,0,223,30
801,0,223,30
815,0,223,30
980,0,223,30
981,0,223,30
322,1,223,30
378,1,223,30
742,1,223,30
772,1,223,30
853,1,223,30
979,1,223,30
259,2,223,30
520,2,223,30
641,2,223,30
670,2,223,30
721,2,223,30
438,3,223,30
977,3,223,30
53,4,223,30
270,4,223,30
565,4,223,30
749,4,223,30
755,4,223,30
102,5,223,30
235,5,223,30
338,5,223,30
430,5,223,30
607,5,223,30
707,5,223,30
944,5,223,30
703,6,223,30
902,6,223,30
96,7,223,30
490,7,223,30
871,7,223,30
939,7,223,30
291,8,223,30
669,8,223,30
595,12,223,30
848,13,223,30
539,14,223,30
820,17,223,30
512,23,223,30
269,0,224,30
748,0,224,30
764,0,224,30
979,0,224,30
980,0,224,30
214,1,224,30
771,1,224,30
800,1,224,30
819,1,224,30
844,1,224,30
258,2,224,30
570,2,224,30
591,2,224,30
814,2,224,30
938,2,224,30
271,3,224,30
437,3,224,30
489,3,224,30
741,3,224,30
870,3,224,30
321,4,224,30
976,4,224,30
52,5,224,30
101,5,224,30
234,5,224,30
290,5,224,30
519,5,224,30
706,5,224,30
564,6,224,30
606,6,224,30
640,6,224,30
95,7,224,30
668,7,224,30
720,7,224,30
337,8,224,30
669,8,224,30
642,9,224,30
978,9,224,30
377,10,224,30
511,10,224,30
901,10,224,30
943,11,224,30
538,15,224,30
702,15,224,30
852,17,224,30
594,23,224,30
754,29,224,30
268,0,225,30
289,0,225,30
336,0,225,30
605,0,225,30
763,0,225,30
851,0,225,30
977,0,225,30
979,0,225,30
100,1,225,30
376,1,225,30
488,1,225,30
510,1,225,30
701,1,225,30
233,2,225,30
428,2,225,30
719,2,225,30
843,2,225,30
900,2,225,30
563,3,225,30
770,3,225,30
942,3,225,30
270,4,225,30
740,4,225,30
747,4,225,30
813,4,225,30
869,4,225,30
94,5,225,30
975,5,225,30
667,6,225,30
705,6,225,30
753,6,225,30
593,7,225,30
668,7,225,30
436,8,225,30
569,8,225,30
639,9,225,30
978,9,225,30
518,11,225,30
537,12,225,30
590,12,225,30
641,12,225,30
257,13,225,30
846,13,225,30
213,17,225,30
51,18,225,30
799,20,225,30
937,22,225,30
320,23,225,30
818,27,225,30
589,0,226,30
592,0,226,30
638,0,226,30
977,0,226,30
99,1,226,30
487,1,226,30
604,1,226,30
640,1,226,30
769,1,226,30
817,1,226,30
941,1,226,30
232,2,226,30
842,2,226,30
899,2,226,30
93,3,226,30
427,3,226,30
562,3,226,30
739,3,226,30
762,3,226,30
517,4,226,30
536,4,226,30
812,4,226,30
509,5,226,30
718,5,226,30
798,5,226,30
845,5,226,30
976,5,226,30
267,6,226,30
375,6,226,30
568,6,226,30
704,6,226,30
850,7,226,30
335,8,226,30
746,8,226,30
269,9,226,30
288,9,226,30
319,9,226,30
974,9,226,30
978,9,226,30
212,10,226,30
936,11,226,30
50,12,226,30
752,12,226,30
256,13,226,30
435,13,226,30
667,13,226,30
700,14,226,30
868,20,226,30
318,0,227,30
334,0,227,30
567,0,227,30
588,0,227,30
745,0,227,30
973,0,227,30
486,1,227,30
561,1,227,30
816,1,227,30
844,1,227,30
849,1,227,30
231,2,227,30
434,2,227,30
591,2,227,30
761,2,227,30
768,2,227,30
797,2,227,30
811,2,227,30
98,3,227,30
516,3,227,30
639,3,227,30
699,3,227,30
935,3,227,30
977,3,227,30
92,5,227,30
287,5,227,30
508,5,227,30
751,5,227,30
975,5,227,30
255,6,227,30
703,6,227,30
898,6,227,30
717,7,227,30
940,7,227,30
976,7,227,30
211,9,227,30
268,9,227,30
637,9,227,30
49,10,227,30
738,13,227,30
426,14,227,30
665,14,227,30
841,14,227,30
266,15,227,30
666,18,227,30
535,19,227,30
867,20,227,30
374,26,227,30
603,28,227,30
230,0,228,30
507,0,228,30
815,0,228,30
254,1,228,30
286,1,228,30
373,1,228,30
534,1,228,30
602,1,228,30
840,2,228,30
843,2,228,30
974,2,228,30
48,3,228,30
97,3,228,30
485,3,228,30
750,3,228,30
760,3,228,30
767,3,228,30
897,3,228,30
934,3,228,30
737,4,228,30
810,4,228,30
976,4,228,30
702,5,228,30
716,5,228,30
796,5,228,30
515,6,228,30
590,6,228,30
91,7,228,30
265,7,228,30
333,7,228,30
848,7,228,30
939,7,228,30
664,8,228,30
972,8,228,30
587,9,228,30
975,9,228,30
665,10,228,30
317,11,228,30
267,12,228,30
560,12,228,30
425,14,228,30
638,14,228,30
698,14,228,30
210,15,228,30
999,15,228,30
433,16,228,30
636,16,228,30
744,19,228,30
866,24,228,30
316,0,229,30
586,0,229,30
589,0,229,30
973,0,229,30
209,1,229,30
253,1,229,30
533,1,229,30
701,1,229,30
637,2,229,30
736,2,229,30
842,2,229,30
766,3,229,30
839,3,229,30
484,4,229,30
565,4,229,30
749,4,229,30
372,5,229,30
663,5,229,30
697,5,229,30
715,5,229,30
814,6,229,30
938,6,229,30
998,6,229,30
90,7,229,30
96,7,229,30
847,7,229,30
933,7,229,30
424,8,229,30
514,8,229,30
635,8,229,30
974,9,229,30
266,11,229,30
559,11,229,30
971,11,229,30
264,12,229,30
743,13,229,30
759,14,229,30
506,17,229,30
432,18,229,30
601,19,229,30
664,19,229,30
809,19,229,30
896,19,229,30
795,21,229,30
975,23,229,30
865,24,229,30
285,25,229,30
47,26,229,30
588,0,230,30
765,0,230,30
808,0,230,30
973,0,230,30
46,1,230,30
208,1,230,30
532,1,230,30
864,1,230,30
970,1,230,30
252,2,230,30
505,2,230,30
636,2,230,30
735,2,230,30
748,2,230,30
974,2,230,30
89,3,230,30
228,3,230,30
423,3,230,30
696,3,230,30
838,3,230,30
265,4,230,30
742,4,230,30
813,4,230,30
662,5,230,30
714,5,230,30
331,6,230,30
371,6,230,30
564,6,230,30
841,6,230,30
997,6,230,30
95,7,230,30
663,7,230,30
284,8,230,30
431,8,230,30
513,8,230,30
315,11,230,30
263,12,230,30
846,12,230,30
558,13,230,30
600,13,230,30
483,14,230,30
758,14,230,30
972,15,230,30
895,18,230,30
932,19,230,30
634,20,230,30
700,20,230,30
794,20,230,30
585,21,230,30
937,22,230,30
262,0,231,30
370,0,231,30
557,0,231,30
713,0,231,30
764,0,231,30
973,0,231,30
251,1,231,30
807,1,231,30
94,2,231,30
227,2,231,30
314,2,231,30
330,2,231,30
635,2,231,30
757,2,231,30
793,2,231,30
894,2,231,30
563,3,231,30
699,3,231,30
747,3,231,30
863,3,231,30
504,4,231,30
599,4,231,30
741,4,231,30
812,4,231,30
931,4,231,30
845,5,231,30
88,7,231,30
430,7,231,30
840,7,231,30
996,7,231,30
45,9,231,30
512,9,231,30
587,9,231,30
662,9,231,30
695,9,231,30
207,10,231,30
837,10,231,30
584,11,231,30
936,11,231,30
971,11,231,30
283,12,231,30
531,12,231,30
422,13,231,30
264,14,231,30
972,15,231,30
734,18,231,30
661,19,231,30
313,0,232,30
632,0,232,30
756,0,232,30
763,0,232,30
661,1,232,30
206,2,232,30
503,2,232,30
556,2,232,30
792,2,232,30
970,2,232,30
995,2,232,30
999,2,232,30
93,3,232,30
226,3,232,30
511,3,232,30
562,3,232,30
811,3,232,30
839,3,232,30
935,3,232,30
598,4,232,30
698,4,232,30
733,4,232,30
740,4,232,30
44,5,232,30
481,6,232,30
694,6,232,30
369,7,232,30
836,7,232,30
930,7,232,30
282,8,232,30
712,8,232,30
972,8,232,30
862,9,232,30
660,10,232,30
421,11,232,30
971,11,232,30
746,12,232,30
530,14,232,30
250,15,232,30
806,15,232,30
261,16,232,30
429,16,232,30
263,18,232,30
893,18,232,30
968,19,232,30
329,20,232,30
634,20,232,30
87,25,232,30
586,25,232,30
844,29,232,30
43,0,233,30
225,0,233,30
262,0,233,30
631,0,233,30
745,0,233,30
892,0,233,30
998,0,233,30
281,1,233,30
561,1,233,30
732,1,233,30
861,1,233,30
970,1,233,30
92,2,233,30
420,2,233,30
428,2,233,30
502,2,233,30
555,2,233,30
660,2,233,30
934,2,233,30
510,3,233,30
739,3,233,30
755,3,233,30
762,3,233,30
810,3,233,30
835,3,233,30
838,3,233,30
805,4,233,30
328,5,233,30
480,5,233,30
697,5,233,30
693,6,233,30
994,6,233,30
929,7,233,30
969,7,233,30
260,8,233,30
368,8,233,30
791,9,233,30
86,10,233,30
585,10,233,30
967,10,233,30
971,11,233,30
312,14,233,30
529,14,233,30
659,15,233,30
843,15,233,30
249,20,233,30
711,23,233,30
582,24,233,30
205,27,233,30
419,0,234,30
479,0,234,30
509,0,234,30
632,0,234,30
997,0,234,30
42,1,234,30
427,1,234,30
731,1,234,30
834,1,234,30
970,1,234,30
85,2,234,30
554,2,234,30
928,2,234,30
966,2,234,30
993,2,234,30
528,3,234,30
692,3,234,30
744,3,234,30
891,3,234,30
501,4,234,30
790,4,234,30
259,5,234,30
696,5,234,30
933,5,234,30
969,7,234,30
204,8,234,30
860,8,234,30
968,8,234,30
91,9,234,30
280,9,234,30
761,10,234,30
584,11,234,30
754,11,234,30
804,11,234,30
248,12,234,30
658,12,234,30
261,13,234,30
327,14,234,30
596,15,234,30
659,15,234,30
224,17,234,30
837,17,234,30
809,19,234,30
630,20,234,30
710,21,234,30
581,24,234,30
738,24,234,30
842,25,234,30
367,26,234,30
247,0,235,30
478,0,235,30
595,0,235,30
629,0,235,30
631,0,235,30
709,0,235,30
730,0,235,30
760,0,235,30
808,0,235,30
833,0,235,30
859,0,235,30
90,1,235,30
203,1,235,30
279,1,235,30
426,1,235,30
527,1,235,30
553,1,235,30
657,2,235,30
789,2,235,30
992,2,235,30
41,3,235,30
326,3,235,30
580,3,235,30
743,3,235,30
803,3,235,30
260,4,235,30
691,4,235,30
737,4,235,30
258,5,235,30
753,5,235,30
967,5,235,30
841,6,235,30
969,6,235,30
836,7,235,30
310,9,235,30
695,9,235,30
500,11,235,30
996,11,235,30
223,12,235,30
508,12,235,30
932,12,235,30
366,13,235,30
559,13,235,30
84,14,235,30
658,15,235,30
890,15,235,30
965,18,235,30
418,21,235,30
927,24,235,30
583,29,235,30
40,0,236,30
246,0,236,30
309,0,236,30
507,0,236,30
628,0,236,30
694,0,236,30
759,0,236,30
832,0,236,30
89,1,236,30
257,1,236,30
558,1,236,30
729,1,236,30
807,1,236,30
964,1,236,30
202,2,236,30
325,2,236,30
656,2,236,30
657,2,236,30
708,2,236,30
736,2,236,30
991,2,236,30
995,2,236,30
499,3,236,30
802,3,236,30
889,3,236,30
477,4,236,30
594,4,236,30
742,4,236,30
931,4,236,30
259,5,236,30
582,5,236,30
967,5,236,30
83,6,236,30
278,10,236,30
999,10,236,30
579,11,236,30
752,11,236,30
222,12,236,30
417,12,236,30
690,12,236,30
425,14,236,30
552,14,236,30
835,14,236,30
840,17,236,30
788,18,236,30
968,19,236,30
630,20,236,30
858,21,236,30
926,22,236,30
966,22,236,30
526,23,236,30
88,0,237,30
557,0,237,30
627,0,237,30
629,0,237,30
693,0,237,30
728,0,237,30
801,0,237,30
831,0,237,30
930,0,237,30
965,0,237,30
998,0,237,30
245,1,237,30
656,2,237,30
735,2,237,30
751,2,237,30
476,3,237,30
758,3,237,30
839,3,237,30
990,3,237,30
221,4,237,30
498,4,237,30
593,4,237,30
741,4,237,30
834,4,237,30
82,5,237,30
258,5,237,30
581,5,237,30
655,5,237,30
888,5,237,30
925,5,237,30
39,6,237,30
506,6,237,30
787,6,237,30
364,7,237,30
416,7,237,30
857,7,237,30
256,8,237,30
424,8,237,30
689,10,237,30
967,10,237,30
963,11,237,30
578,12,237,30
201,13,237,30
277,14,237,30
308,14,237,30
707,17,237,30
806,17,237,30
994,18,237,30
551,20,237,30
525,24,237,30
966,26,237,30
276,0,238,30
307,0,238,30
475,0,238,30
550,0,238,30
628,0,238,30
655,0,238,30
740,0,238,30
833,0,238,30
997,0,238,30
87,1,238,30
244,1,238,30
524,1,238,30
800,1,238,30
323,2,238,30
505,2,238,30
654,2,238,30
757,2,238,30
786,2,238,30
966,2,238,30
257,3,238,30
423,3,238,30
497,3,238,30
580,3,238,30
750,3,238,30
838,3,238,30
989,3,238,30
220,4,238,30
924,4,238,30
964,4,238,30
688,5,238,30
415,6,238,30
626,6,238,30
556,7,238,30
929,7,238,30
255,8,238,30
592,8,238,30
727,8,238,30
993,10,238,30
200,12,238,30
856,12,238,30
805,13,238,30
363,17,238,30
692,17,238,30
734,17,238,30
962,18,238,30
965,18,238,30
81,19,238,30
577,19,238,30
887,22,238,30
706,24,238,30
830,24,238,30
80,0,239,30
86,0,239,30
254,0,239,30
306,0,239,30
496,0,239,30
549,0,239,30
625,0,239,30
627,0,239,30
829,0,239,30
832,0,239,30
923,0,239,30
965,0,239,30
576,1,239,30
886,1,239,30
928,2,239,30
199,3,239,30
256,3,239,30
362,3,239,30
414,3,239,30
474,3,239,30
653,3,239,30
739,3,239,30
756,3,239,30
785,3,239,30
219,4,239,30
422,4,239,30
504,4,239,30
523,4,239,30
691,4,239,30
726,4,239,30
749,4,239,30
963,4,239,30
37,5,239,30
837,5,239,30
964,6,239,30
992,7,239,30
687,8,239,30
733,8,239,30
275,9,239,30
799,9,239,30
243,10,239,30
322,10,239,30
804,11,239,30
961,12,239,30
591,17,239,30
654,17,239,30
996,19,239,30
855,20,239,30
988,20,239,30
579,21,239,30
555,23,239,30
705,25,239,30
85,0,240,30
748,0,240,30
784,0,240,30
798,0,240,30
831,0,240,30
854,0,240,30
218,1,240,30
421,1,240,30
964,1,240,30
503,2,240,30
522,2,240,30
995,2,240,30
198,3,240,30
242,3,240,30
255,3,240,30
361,3,240,30
495,3,240,30
624,3,240,30
653,3,240,30
755,3,240,30
803,3,240,30
79,4,240,30
305,4,240,30
548,4,240,30
652,4,240,30
987,4,240,30
575,5,240,30
686,5,240,30
725,5,240,30
36,6,240,30
274,6,240,30
590,6,240,30
626,6,240,30
704,7,240,30
962,7,240,30
554,9,240,30
253,10,240,30
885,10,240,30
927,11,240,30
690,12,240,30
738,13,240,30
732,14,240,30
413,18,240,30
922,18,240,30
578,21,240,30
991,21,240,30
321,22,240,30
828,24,240,30
836,27,240,30
84,0,241,30
360,0,241,30
502,0,241,30
589,0,241,30
623,0,241,30
625,0,241,30
926,0,241,30
254,1,241,30
273,1,241,30
797,1,241,30
830,1,241,30
921,1,241,30
754,2,241,30
420,3,241,30
703,3,241,30
747,3,241,30
802,3,241,30
990,3,241,30
412,4,241,30
652,4,241,30
884,4,241,30
217,5,241,30
783,6,241,30
472,7,241,30
521,7,241,30
651,7,241,30
961,7,241,30
252,8,241,30
574,8,241,30
731,8,241,30
959,8,241,30
304,9,241,30
553,9,241,30
827,9,241,30
689,10,241,30
963,10,241,30
35,11,241,30
320,12,241,30
685,12,241,30
986,12,241,30
197,13,241,30
737,14,241,30
835,14,241,30
494,17,241,30
577,17,241,30
962,18,241,30
547,20,241,30
853,20,241,30
78,21,241,30
994,21,241,30
724,27,241,30
272,0,242,30
359,0,242,30
419,0,242,30
588,0,242,30
730,0,242,30
826,0,242,30
829,0,242,30
989,0,242,30
216,1,242,30
251,1,242,30
253,1,242,30
573,1,242,30
576,1,242,30
723,1,242,30
920,1,242,30
520,2,242,30
782,2,242,30
960,2,242,30
471,3,242,30
624,3,242,30
985,3,242,30
77,4,242,30
493,4,242,30
688,4,242,30
801,4,242,30
319,5,242,30
883,5,242,30
958,5,242,30
83,6,242,30
622,6,242,30
651,6,242,30
962,7,242,30
303,8,242,30
411,8,242,30
684,8,242,30
746,8,242,30
796,8,242,30
993,8,242,30
196,9,242,30
925,9,242,30
240,10,242,30
546,11,242,30
34,12,242,30
650,12,242,30
961,12,242,30
501,13,242,30
736,13,242,30
852,17,242,30
702,18,242,30
552,20,242,30
834,20,242,30
753,21,242,30
215,0,243,30
575,0,243,30
623,0,243,30
833,0,243,30
851,0,243,30
957,0,243,30
795,1,243,30
587,2,243,30
650,2,243,30
683,2,243,30
745,2,243,30
825,2,243,30
959,2,243,30
410,3,243,30
470,3,243,30
882,3,243,30
984,3,243,30
358,4,243,30
492,4,243,30
82,5,243,30
302,5,243,30
318,5,243,30
729,5,243,30
992,5,243,30
76,6,243,30
252,6,243,30
621,6,243,30
649,6,243,30
781,6,243,30
800,6,243,30
924,6,243,30
701,7,243,30
961,7,243,30
239,8,243,30
519,8,243,30
551,8,243,30
271,9,243,30
545,10,243,30
572,11,243,30
919,11,243,30
687,12,243,30
752,12,243,30
33,13,243,30
500,13,243,30
195,15,243,30
418,15,243,30
828,18,243,30
250,19,243,30
722,19,243,30
988,20,243,30
735,23,243,30
251,0,244,30
417,0,244,30
571,0,244,30
574,0,244,30
586,0,244,30
751,0,244,30
824,0,244,30
832,0,244,30
923,0,244,30
214,1,244,30
518,1,244,30
544,1,244,30
622,1,244,30
648,1,244,30
956,2,244,30
983,2,244,30
780,3,244,30
270,4,244,30
682,4,244,30
850,4,244,30
987,4,244,30
194,5,244,30
317,5,244,30
409,5,244,30
686,5,244,30
301,7,244,30
491,7,244,30
721,7,244,30
81,8,244,30
794,8,244,30
249,9,244,30
550,9,244,30
960,9,244,30
75,10,244,30
469,10,244,30
918,10,244,30
958,10,244,30
32,11,244,30
238,13,244,30
357,13,244,30
620,14,244,30
700,14,244,30
728,14,244,30
991,15,244,30
499,16,244,30
827,16,244,30
744,19,244,30
649,21,244,30
959,21,244,30
74,0,245,30
213,0,245,30
269,0,245,30
316,0,245,30
750,0,245,30
831,0,245,30
917,0,245,30
982,0,245,30
517,1,245,30
543,1,245,30
647,1,245,30
826,1,245,30
849,1,245,30
193,2,245,30
248,2,245,30
80,3,245,30
250,3,245,30
585,3,245,30
699,3,245,30
958,3,245,30
990,3,245,30
681,4,245,30
733,4,245,30
880,4,245,30
922,4,245,30
959,4,245,30
356,5,245,30
619,5,245,30
648,5,245,30
986,5,245,30
720,6,245,30
955,6,245,30
408,7,245,30
416,7,245,30
490,7,245,30
957,7,245,30
570,8,245,30
727,8,245,30
793,8,245,30
823,8,245,30
685,9,245,30
31,10,245,30
549,10,245,30
779,10,245,30
498,12,245,30
798,15,245,30
237,17,245,30
743,17,245,30
621,18,245,30
300,20,245,30
573,25,245,30
247,0,246,30
249,0,246,30
268,0,246,30
584,0,246,30
647,0,246,30
684,0,246,30
742,0,246,30
921,0,246,30
981,0,246,30
989,0,246,30
236,1,246,30
516,1,246,30
618,1,246,30
646,1,246,30
407,2,246,30
489,2,246,30
719,2,246,30
825,2,246,30
879,2,246,30
497,3,246,30
726,3,246,30
958,3,246,30
985,3,246,30
548,4,246,30
698,4,246,30
732,4,246,30
749,4,246,30
954,4,246,30
355,5,246,30
830,5,246,30
415,6,246,30
467,6,246,30
792,7,246,30
848,7,246,30
957,7,246,30
79,8,246,30
212,8,246,30
542,8,246,30
569,8,246,30
822,9,246,30
778,10,246,30
192,11,246,30
315,11,246,30
572,11,246,30
620,11,246,30
956,11,246,30
797,12,246,30
73,14,246,30
30,16,246,30
916,18,246,30
299,20,246,30
680,25,246,30
246,0,247,30
406,0,247,30
496,0,247,30
583,0,247,30
645,0,247,30
683,0,247,30
957,0,247,30
980,0,247,30
72,1,247,30
718,1,247,30
915,1,247,30
920,1,247,30
988,1,247,30
29,2,247,30
956,2,247,30
211,3,247,30
267,3,247,30
741,3,247,30
984,3,247,30
298,4,247,30
488,4,247,30
617,4,247,30
679,4,247,30
731,4,247,30
748,4,247,30
777,4,247,30
191,5,247,30
725,5,247,30
414,6,247,30
824,6,247,30
619,7,247,30
697,7,247,30
847,7,247,30
878,7,247,30
955,7,247,30
541,8,247,30
796,8,247,30
515,10,247,30
568,11,247,30
248,12,247,30
466,12,247,30
646,12,247,30
354,13,247,30
791,14,247,30
829,14,247,30
78,15,247,30
314,17,247,30
571,18,247,30
235,19,247,30
821,19,247,30
999,20,247,30
547,24,247,30
247,0,248,30
353,0,248,30
645,0,248,30
730,0,248,30
740,0,248,30
979,0,248,30
998,0,248,30
71,1,248,30
495,2,248,30
570,2,248,30
724,2,248,30
954,2,248,30
983,2,248,30
999,2,248,30
696,3,248,30
747,3,248,30
776,3,248,30
77,4,248,30
210,4,248,30
540,4,248,30
682,4,248,30
790,4,248,30
952,4,248,30
987,4,248,30
190,5,248,30
616,5,248,30
644,5,248,30
828,5,248,30
914,5,248,30
465,6,248,30
955,6,248,30
313,7,248,30
678,7,248,30
717,7,248,30
297,8,248,30
405,8,248,30
956,8,248,30
877,9,248,30
514,10,248,30
582,10,248,30
266,11,248,30
618,11,248,30
919,11,248,30
795,12,248,30
846,12,248,30
413,14,248,30
823,14,248,30
234,16,248,30
546,16,248,30
28,17,248,30
820,17,248,30
245,26,248,30
567,28,248,30
189,0,249,30
209,0,249,30
246,0,249,30
545,0,249,30
643,0,249,30
677,0,249,30
822,0,249,30
951,0,249,30
953,0,249,30
997,0,249,30
998,0,249,30
76,2,249,30
233,2,249,30
244,2,249,30
464,2,249,30
494,2,249,30
723,2,249,30
982,2,249,30
775,3,249,30
819,3,249,30
913,3,249,30
265,4,249,30
412,4,249,30
617,4,249,30
681,4,249,30
739,4,249,30
794,4,249,30
954,4,249,30
312,5,249,30
404,5,249,30
644,5,249,30
986,5,249,30
789,6,249,30
539,7,249,30
569,7,249,30
876,7,249,30
918,7,249,30
70,8,249,30
566,8,249,30
615,8,249,30
955,8,249,30
978,9,249,30
352,10,249,30
581,10,249,30
695,10,249,30
27,11,249,30
746,12,249,30
486,14,249,30
513,14,249,30
729,15,249,30
827,15,249,30
716,20,249,30
296,21,249,30
845,28,249,30
188,0,250,30
580,0,250,30
643,0,250,30
694,0,250,30
728,0,250,30
745,0,250,30
917,0,250,30
953,0,250,30
977,0,250,30
997,0,250,30
26,1,250,30
245,1,250,30
403,1,250,30
538,1,250,30
676,1,250,30
826,1,250,30
844,1,250,30
232,2,250,30
351,2,250,30
493,2,250,30
722,2,250,30
793,2,250,30
954,2,250,30
485,3,250,30
875,3,250,30
952,3,250,30
985,3,250,30
614,4,250,30
818,4,250,30
950,4,250,30
311,5,250,30
616,5,250,30
680,5,250,30
788,5,250,30
544,6,250,30
565,7,250,30
981,7,250,30
69,8,250,30
463,8,250,30
208,9,250,30
512,9,250,30
642,9,250,30
75,10,250,30
243,10,250,30
996,11,250,30
264,12,250,30
411,12,250,30
568,12,250,30
715,12,250,30
738,13,250,30
774,13,250,30
912,14,250,30
295,15,250,30
821,29,250,30
567,0,251,30
693,0,251,30
951,0,251,30
953,0,251,30
25,1,251,30
187,1,251,30
244,1,251,30
294,1,251,30
402,1,251,30
537,1,251,30
615,1,251,30
874,1,251,30
231,2,251,30
350,2,251,30
641,2,251,30
721,2,251,30
792,2,251,30
916,2,251,30
410,3,251,30
952,3,251,30
980,3,251,30
984,3,251,30
579,4,251,30
737,4,251,30
995,4,251,30
242,5,251,30
492,5,251,30
679,5,251,30
74,6,251,30
543,6,251,30
773,6,251,30
787,6,251,30
207,7,251,30
462,7,251,30
613,7,251,30
976,7,251,30
68,8,251,30
825,10,251,30
911,11,251,30
996,11,251,30
263,12,251,30
511,12,251,30
310,13,251,30
564,13,251,30
484,14,251,30
642,14,251,30
949,15,251,30
817,17,251,30
820,17,251,30
714,18,251,30
675,19,251,30
727,19,251,30
744,19,251,30
843,21,251,30
24,0,252,30
186,0,252,30
230,0,252,30
309,0,252,30
542,0,252,30
713,0,252,30
951,0,252,30
67,1,252,30
293,1,252,30
510,1,252,30
536,1,252,30
614,1,252,30
640,1,252,30
819,1,252,30
824,1,252,30
873,1,252,30
262,2,252,30
678,2,252,30
736,2,252,30
915,2,252,30
349,3,252,30
401,3,252,30
563,3,252,30
910,3,252,30
952,3,252,30
983,3,252,30
995,3,252,30
206,4,252,30
241,4,252,30
578,4,252,30
641,4,252,30
786,4,252,30
950,4,252,30
73,5,252,30
491,5,252,30
772,5,252,30
720,6,252,30
816,6,252,30
612,7,252,30
461,8,252,30
483,8,252,30
566,8,252,30
743,8,252,30
975,8,252,30
674,9,252,30
791,9,252,30
243,10,252,30
409,12,252,30
948,15,252,30
979,16,252,30
692,17,252,30
726,19,252,30
994,21,252,30
842,25,252,30
23,0,253,30
460,0,253,30
482,0,253,30
677,0,253,30
742,0,253,30
951,0,253,30
66,1,253,30
185,1,253,30
490,1,253,30
240,2,253,30
261,2,253,30
673,2,253,30
719,2,253,30
735,2,253,30
909,2,253,30
914,2,253,30
950,2,253,30
974,2,253,30
348,3,253,30
408,3,253,30
562,3,253,30
947,3,253,30
982,3,253,30
565,4,253,30
818,4,253,30
205,5,253,30
509,5,253,30
535,5,253,30
785,5,253,30
72,6,253,30
994,6,253,30
229,7,253,30
725,7,253,30
872,7,253,30
400,8,253,30
541,8,253,30
712,8,253,30
771,8,253,30
790,8,253,30
292,9,253,30
613,9,253,30
639,10,253,30
823,10,253,30
978,10,253,30
993,10,253,30
815,11,253,30
949,11,253,30
611,13,253,30
308,14,253,30
841,14,253,30
577,19,253,30
691,19,253,30
71,0,254,30
307,0,254,30
459,0,254,30
481,0,254,30
672,0,254,30
822,0,254,30
946,0,254,30
977,0,254,30
718,1,254,30
817,1,254,30
407,2,254,30
534,2,254,30
814,2,254,30
840,2,254,30
908,2,254,30
993,2,254,30
228,3,254,30
347,3,254,30
399,3,254,30
639,3,254,30
676,3,254,30
204,4,254,30
239,4,254,30
741,4,254,30
770,4,254,30
784,4,254,30
973,4,254,30
508,5,254,30
950,5,254,30
871,7,254,30
981,7,254,30
992,7,254,30
260,8,254,30
540,8,254,30
690,8,254,30
913,9,254,30
22,10,254,30
241,11,254,30
948,11,254,30
489,12,254,30
564,12,254,30
638,15,254,30
949,15,254,30
184,16,254,30
734,16,254,30
610,18,254,30
561,19,254,30
789,20,254,30
291,26,254,30
711,27,254,30
306,0,255,30
507,0,255,30
575,0,255,30
740,0,255,30
945,0,255,30
21,1,255,30
203,1,255,30
406,1,255,30
458,1,255,30
816,1,255,30
70,2,255,30
609,2,255,30
637,2,255,30
907,2,255,30
992,2,255,30
563,3,255,30
839,3,255,30
870,3,255,30
947,3,255,30
238,4,255,30
611,4,255,30
733,4,255,30
813,4,255,30
723,5,255,30
788,5,255,30
64,6,255,30
290,6,255,30
783,6,255,30
539,7,255,30
821,7,255,30
976,7,255,30
183,8,255,30
398,8,255,30
488,8,255,30
689,8,255,30
710,8,255,30
980,8,255,30
769,9,255,30
240,10,255,30
259,11,255,30
638,11,255,30
671,11,255,30
717,11,255,30
912,12,255,30
948,13,255,30
533,14,255,30
972,15,255,30
991,15,255,30
949,18,255,30
560,19,255,30
675,19,255,30
480,20,255,30
227,25,255,30
346,27,255,30
574,0,256,30
716,0,256,30
911,0,256,30
946,0,256,30
538,1,256,30
202,2,256,30
289,2,256,30
397,2,256,30
532,2,256,30
636,2,256,30
768,2,256,30
991,2,256,30
562,3,256,30
608,3,256,30
739,3,256,30
838,3,256,30
947,3,256,30
20,4,256,30
237,4,256,30
345,4,256,30
688,4,256,30
732,4,256,30
812,4,256,30
869,4,256,30
226,5,256,30
457,6,256,30
709,6,256,30
722,6,256,30
782,6,256,30
479,7,256,30
610,7,256,30
674,7,256,30
815,7,256,30
990,7,256,30
69,8,256,30
975,8,256,30
637,9,256,30
787,10,256,30
906,10,256,30
971,11,256,30
305,12,256,30
506,16,256,30
820,17,256,30
239,18,256,30
559,19,256,30
944,19,256,30
979,19,256,30
182,20,256,30
487,20,256,30
948,20,256,30
63,29,256,30
670,29,256,30
225,0,257,30
236,0,257,30
505,0,257,30
945,0,257,30
946,0,257,30
989,0,257,30
181,1,257,30
257,1,257,30
344,1,257,30
537,1,257,30
573,1,257,30
636,1,257,30
767,1,257,30
786,1,257,30
811,1,257,30
814,1,257,30
819,1,257,30
396,2,257,30
456,2,257,30
531,2,257,30
635,2,257,30
673,2,257,30
970,2,257,30
687,3,257,30
910,3,257,30
731,4,257,30
837,5,257,30
561,6,257,30
781,6,257,30
62,7,257,30
721,7,257,30
905,7,257,30
990,7,257,30
68,8,257,30
974,9,257,30
978,9,257,30
669,10,257,30
304,11,257,30
238,12,257,30
288,13,257,30
607,13,257,30
738,13,257,30
19,15,257,30
201,15,257,30
609,15,257,30
868,15,257,30
947,20,257,30
478,21,257,30
404,22,257,30
486,22,257,30
558,24,257,30
557,0,258,30
904,0,258,30
945,0,258,30
303,1,258,30
403,1,258,30
536,1,258,30
635,1,258,30
707,1,258,30
780,1,258,30
785,1,258,30
813,1,258,30
455,2,258,30
530,2,258,30
946,2,258,30
485,3,258,30
672,3,258,30
909,3,258,30
942,3,258,30
395,4,258,30
504,4,258,30
810,4,258,30
235,5,258,30
720,6,258,30
867,6,258,30
224,7,258,30
237,7,258,30
608,7,258,30
969,7,258,30
989,7,258,30
18,8,258,30
256,8,258,30
61,9,258,30
180,9,258,30
973,9,258,30
668,10,258,30
686,10,258,30
766,10,258,30
477,11,258,30
836,11,258,30
200,12,258,30
606,12,258,30
714,13,258,30
730,14,258,30
737,14,258,30
67,16,258,30
572,16,258,30
944,18,258,30
287,19,258,30
560,19,258,30
343,21,258,30
977,22,258,30
988,23,258,30
634,29,258,30
605,0,259,30
706,0,259,30
713,0,259,30
784,0,259,30
866,0,259,30
903,0,259,30
60,1,259,30
286,1,259,30
302,1,259,30
402,1,259,30
988,1,259,30
556,2,259,30
719,2,259,30
729,2,259,30
199,3,259,30
342,3,259,30
394,3,259,30
476,3,259,30
503,3,259,30
835,3,259,30
941,3,259,30
945,4,259,30
976,4,259,30
234,5,259,30
607,5,259,30
667,5,259,30
736,5,259,30
944,5,259,30
987,5,259,30
765,6,259,30
779,6,259,30
66,7,259,30
223,7,259,30
255,8,259,30
529,8,259,30
943,8,259,30
968,8,259,30
908,9,259,30
17,10,259,30
535,10,259,30
236,11,259,30
559,11,259,30
634,11,259,30
671,11,259,30
633,12,259,30
685,12,259,30
454,13,259,30
812,13,259,30
484,14,259,30
972,15,259,30
571,18,259,30
809,19,259,30
179,21,259,30
817,28,259,30
254,0,260,30
301,0,260,30
341,0,260,30
393,0,260,30
502,0,260,30
684,0,260,30
902,0,260,30
534,1,260,30
555,1,260,30
604,1,260,30
705,1,260,30
718,1,260,30
811,1,260,30
834,1,260,30
59,2,260,30
233,2,260,30
235,2,260,30
570,2,260,30
666,2,260,30
670,2,260,30
198,3,260,30
401,3,260,30
528,3,260,30
712,3,260,30
16,4,260,30
475,5,260,30
986,5,260,30
558,6,260,30
606,6,260,30
783,6,260,30
940,7,260,30
65,8,260,30
632,8,260,30
907,8,260,30
943,8,260,30
967,8,260,30
987,8,260,30
178,9,260,30
222,9,260,30
483,9,260,30
816,9,260,30
975,9,260,30
285,10,260,30
728,10,260,30
764,10,260,30
778,10,260,30
808,10,260,30
942,12,260,30
865,17,260,30
971,17,260,30
735,21,260,30
300,0,261,30
482,0,261,30
632,0,261,30
683,0,261,30
704,0,261,30
815,0,261,30
452,1,261,30
533,1,261,30
807,1,261,30
864,1,261,30
941,1,261,30
970,1,261,30
232,2,261,30
392,2,261,30
554,2,261,30
605,2,261,30
763,2,261,30
966,2,261,30
974,2,261,30
810,3,261,30
942,3,261,30
64,4,261,30
177,5,261,30
474,5,261,30
777,5,261,30
985,5,261,30
234,6,261,30
340,6,261,30
557,6,261,30
665,6,261,30
782,6,261,30
569,7,261,30
939,7,261,30
284,8,261,30
727,8,261,30
833,8,261,30
943,8,261,30
197,10,261,30
253,10,261,30
400,10,261,30
901,10,261,30
717,11,261,30
527,12,261,30
669,12,261,30
906,12,261,30
986,12,261,30
501,13,261,30
58,15,261,30
734,16,261,30
631,17,261,30
221,18,261,30
711,20,261,30
15,23,261,30
603,28,261,30
196,0,262,30
481,0,262,30
631,0,262,30
973,0,262,30
532,1,262,30
710,1,262,30
231,2,262,30
233,2,262,30
602,2,262,30
863,2,262,30
900,2,262,30
938,2,262,30
14,3,262,30
391,3,262,30
399,3,262,30
526,3,262,30
682,3,262,30
703,3,262,30
726,3,262,30
776,3,262,30
941,3,262,30
176,4,262,30
473,4,262,30
733,4,262,30
252,5,262,30
716,5,262,30
220,6,262,30
762,6,262,30
781,6,262,30
814,6,262,30
969,6,262,30
553,7,262,30
668,7,262,30
940,7,262,30
63,9,262,30
339,9,262,30
832,9,262,30
984,10,262,30
451,11,262,30
568,11,262,30
664,11,262,30
283,12,262,30
299,12,262,30
942,12,262,30
500,13,262,30
57,14,262,30
604,14,262,30
985,16,262,30
806,17,262,30
965,18,262,30
905,19,262,30
630,20,262,30
556,21,262,30
809,24,262,30
56,0,263,30
450,0,263,30
567,0,263,30
629,0,263,30
808,0,263,30
904,0,263,30
937,0,263,30
195,1,263,30
555,1,263,30
941,1,263,30
230,2,263,30
232,2,263,30
601,2,263,30
805,2,263,30
899,2,263,30
251,3,263,30
775,3,263,30
780,3,263,30
831,3,263,30
175,4,263,30
398,4,263,30
681,4,263,30
732,4,263,30
480,5,263,30
667,5,263,30
702,5,263,30
715,5,263,30
725,5,263,30
531,6,263,30
964,6,263,30
62,7,263,30
663,7,263,30
939,7,263,30
13,8,263,30
972,8,263,30
338,9,263,30
813,9,263,30
862,9,263,30
472,10,263,30
298,11,263,30
983,11,263,30
282,12,263,30
525,12,263,30
552,14,263,30
709,14,263,30
940,14,263,30
219,15,263,30
390,15,263,30
499,15,263,30
984,15,263,30
968,19,263,30
761,21,263,30
389,0,264,30
479,0,264,30
498,0,264,30
530,0,264,30
628,0,264,30
760,0,264,30
812,0,264,30
903,0,264,30
936,0,264,30
174,1,264,30
194,1,264,30
524,1,264,30
602,1,264,30
629,1,264,30
861,1,264,30
231,2,264,30
600,2,264,30
666,2,264,30
938,2,264,30
983,2,264,30
55,3,264,30
250,3,264,30
807,3,264,30
281,4,264,30
397,4,264,30
471,4,264,30
731,4,264,30
714,5,264,30
229,6,264,30
701,7,264,30
940,7,264,30
297,8,264,30
449,8,264,30
554,8,264,30
337,9,264,30
982,9,264,30
12,10,264,30
708,10,264,30
939,10,264,30
963,10,264,30
971,11,264,30
61,12,264,30
662,12,264,30
830,12,264,30
774,13,264,30
804,13,264,30
218,14,264,30
566,14,264,30
898,14,264,30
680,15,264,30
779,15,264,30
967,15,264,30
551,20,264,30
193,0,265,30
478,0,265,30
550,0,265,30
627,0,265,30
730,0,265,30
759,0,265,30
829,0,265,30
902,0,265,30
935,0,265,30
982,0,265,30
11,1,265,30
60,1,265,30
173,1,265,30
470,1,265,30
553,1,265,30
773,1,265,30
811,1,265,30
230,2,265,30
336,2,265,30
497,2,265,30
599,2,265,30
628,2,265,30
713,2,265,30
938,2,265,30
280,3,265,30
723,3,265,30
803,3,265,30
228,4,265,30
897,4,265,30
249,5,265,30
217,6,265,30
523,6,265,30
448,7,265,30
565,7,265,30
939,7,265,30
962,7,265,30
529,8,265,30
970,9,265,30
665,10,265,30
860,10,265,30
937,10,265,30
396,11,265,30
700,12,265,30
661,13,265,30
388,14,265,30
707,14,265,30
679,16,265,30
778,16,265,30
601,19,265,30
806,19,265,30
966,19,265,30
981,19,265,30
54,22,265,30
172,0,266,30
395,0,266,30
496,0,266,30
549,0,266,30
600,0,266,30
965,0,266,30
981,0,266,30
216,1,266,30
279,1,266,30
772,1,266,30
937,1,266,30
59,2,266,30
227,2,266,30
598,2,266,30
678,2,266,30
828,2,266,30
934,2,266,30
53,3,266,30
699,3,266,30
712,3,266,30
802,3,266,30
10,4,266,30
192,4,266,30
477,4,266,30
706,4,266,30
777,4,266,30
805,4,266,30
896,4,266,30
528,5,266,30
729,5,266,30
810,5,266,30
980,5,266,30
229,6,266,30
969,6,266,30
522,7,266,30
627,7,266,30
961,7,266,30
469,8,266,30
938,8,266,30
758,9,266,30
660,10,266,30
664,11,266,30
248,12,266,30
387,12,266,30
564,12,266,30
859,15,266,30
335,17,266,30
722,17,266,30
901,18,266,30
295,19,266,30
626,19,266,30
552,20,266,30
936,20,266,30
447,22,266,30
247,0,267,30
334,0,267,30
446,0,267,30
677,0,267,30
728,0,267,30
980,0,267,30
52,1,267,30
58,1,267,30
294,1,267,30
771,1,267,30
935,1,267,30
171,2,267,30
215,2,267,30
468,2,267,30
495,2,267,30
226,3,267,30
476,3,267,30
551,3,267,30
776,3,267,30
895,3,267,30
521,4,267,30
698,4,267,30
801,4,267,30
191,5,267,30
527,5,267,30
659,5,267,30
626,6,267,30
663,6,267,30
705,6,267,30
964,6,267,30
933,7,267,30
394,8,267,30
599,8,267,30
900,8,267,30
968,8,267,30
625,9,267,30
827,9,267,30
936,9,267,30
563,10,267,30
999,10,267,30
804,11,267,30
228,13,267,30
278,13,267,30
9,14,267,30
386,14,267,30
757,14,267,30
937,16,267,30
960,19,267,30
548,20,267,30
711,20,267,30
858,21,267,30
597,26,267,30
979,27,267,30
225,0,268,30
246,0,268,30
445,0,268,30
475,0,268,30
625,0,268,30
756,0,268,30
826,0,268,30
894,0,268,30
979,0,268,30
998,0,268,30
51,1,268,30
214,1,268,30
293,1,268,30
658,1,268,30
800,1,268,30
899,1,268,30
467,2,268,30
494,2,268,30
520,2,268,30
550,2,268,30
857,2,268,30
676,3,268,30
775,3,268,30
935,3,268,30
57,4,268,30
170,4,268,30
770,4,268,30
959,4,268,30
8,5,268,30
190,5,268,30
277,5,268,30
385,5,268,30
596,5,268,30
598,5,268,30
967,5,268,30
624,6,268,30
704,6,268,30
720,6,268,30
934,6,268,30
333,7,268,30
562,7,268,30
697,7,268,30
803,7,268,30
808,7,268,30
727,8,268,30
393,9,268,30
662,9,268,30
227,10,268,30
526,10,268,30
547,10,268,30
963,10,268,30
978,10,268,30
710,18,268,30
932,21,268,30
936,23,268,30
7,0,269,30
189,0,269,30
213,0,269,30
276,0,269,30
493,0,269,30
623,0,269,30
709,0,269,30
977,0,269,30
997,0,269,30
245,1,269,30
444,1,269,30
561,1,269,30
657,1,269,30
769,1,269,30
332,2,269,30
392,2,269,30
549,2,269,30
825,2,269,30
934,2,269,30
966,2,269,30
624,3,269,30
696,3,269,30
703,3,269,30
719,3,269,30
856,3,269,30
384,4,269,30
519,4,269,30
546,4,269,30
726,4,269,30
755,4,269,30
931,4,269,30
226,5,269,30
958,5,269,30
597,6,269,30
807,6,269,30
169,7,269,30
224,7,269,30
56,8,269,30
595,8,269,30
962,8,269,30
978,9,269,30
898,10,269,30
50,11,269,30
474,11,269,30
466,12,269,30
802,12,269,30
661,13,269,30
774,13,269,30
292,14,269,30
675,16,269,30
893,18,269,30
933,18,269,30
799,22,269,30
935,24,269,30
525,25,269,30
168,0,270,30
188,0,270,30
383,0,270,30
391,0,270,30
465,0,270,30
623,0,270,30
824,0,270,30
892,0,270,30
957,0,270,30
977,0,270,30
244,1,270,30
622,1,270,30
718,1,270,30
773,1,270,30
212,2,270,30
275,2,270,30
291,2,270,30
660,2,270,30
754,2,270,30
768,2,270,30
524,3,270,30
855,3,270,30
897,3,270,30
443,4,270,30
492,4,270,30
548,4,270,30
976,4,270,30
545,5,270,30
594,5,270,30
596,5,270,30
725,5,270,30
933,5,270,30
331,6,270,30
656,6,270,30
798,6,270,30
223,7,270,30
674,7,270,30
801,7,270,30
55,10,270,30
695,10,270,30
518,11,270,30
49,12,270,30
560,12,270,30
932,12,270,30
961,13,270,30
225,14,270,30
708,14,270,30
473,15,270,30
806,15,270,30
996,15,270,30
6,17,270,30
702,18,270,30
934,22,270,30
930,23,270,30
5,0,271,30
655,0,271,30
854,0,271,30
701,1,271,30
767,1,271,30
772,1,271,30
48,2,271,30
167,2,271,30
330,2,271,30
382,2,271,30
472,2,271,30
673,2,271,30
724,2,271,30
797,2,271,30
800,2,271,30
956,2,271,30
274,3,271,30
187,4,271,30
517,4,271,30
523,4,271,30
896,4,271,30
929,4,271,30
964,4,271,30
976,4,271,30
224,5,271,30
290,5,271,30
491,5,271,30
544,5,271,30
659,5,271,30
753,5,271,30
931,5,271,30
975,5,271,30
593,6,271,30
621,6,271,30
622,6,271,30
694,6,271,30
891,7,271,30
933,7,271,30
54,8,271,30
707,8,271,30
995,8,271,30
222,9,271,30
960,9,271,30
390,10,271,30
547,10,271,30
595,10,271,30
717,11,271,30
211,13,271,30
559,13,271,30
243,14,271,30
823,16,271,30
442,19,271,30
464,19,271,30
805,19,271,30
932,21,271,30
221,0,272,30
289,0,272,30
389,0,272,30
658,0,272,30
672,0,272,30
822,0,272,30
890,0,272,30
930,0,272,30
273,1,272,30
490,1,272,30
752,1,272,30
771,1,272,30
931,1,272,30
47,2,272,30
381,2,272,30
654,2,272,30
723,2,272,30
928,2,272,30
974,2,272,30
53,3,272,30
242,3,272,30
516,3,272,30
166,4,272,30
186,4,272,30
546,4,272,30
594,4,272,30
959,4,272,30
963,4,272,30
4,5,272,30
592,5,272,30
716,5,272,30
558,6,272,30
621,6,272,30
693,6,272,30
994,6,272,30
210,7,272,30
463,8,272,30
522,8,272,30
543,8,272,30
796,8,272,30
955,8,272,30
853,9,272,30
975,9,272,30
471,10,272,30
895,10,272,30
620,11,272,30
804,11,272,30
932,12,272,30
766,13,272,30
441,14,272,30
706,14,272,30
223,16,272,30
700,20,272,30
799,21,272,30
209,0,273,30
380,0,273,30
557,0,273,30
798,0,273,30
889,0,273,30
930,0,273,30
973,0,273,30
46,1,273,30
220,1,273,30
470,1,273,30
521,1,273,30
620,1,273,30
751,1,273,30
328,2,273,30
515,2,273,30
657,2,273,30
722,2,273,30
894,2,273,30
954,2,273,30
974,2,273,30
993,2,273,30
52,3,273,30
241,3,273,30
591,3,273,30
653,3,273,30
692,3,273,30
699,3,273,30
770,3,273,30
803,3,273,30
958,3,273,30
440,4,273,30
593,4,273,30
3,5,273,30
272,5,273,30
545,5,273,30
619,5,273,30
715,5,273,30
185,6,273,30
288,6,273,30
705,6,273,30
165,7,273,30
462,7,273,30
821,7,273,30
929,7,273,30
542,8,273,30
795,9,273,30
962,10,273,30
222,11,273,30
489,12,273,30
388,14,273,30
852,17,273,30
931,18,273,30
671,19,273,30
927,19,273,30
765,21,273,30
219,0,274,30
221,0,274,30
379,0,274,30
592,0,274,30
704,0,274,30
888,0,274,30
926,0,274,30
953,0,274,30
957,0,274,30
973,0,274,30
208,1,274,30
514,1,274,30
544,1,274,30
618,1,274,30
797,1,274,30
45,2,274,30
184,2,274,30
240,2,274,30
520,2,274,30
556,2,274,30
656,2,274,30
721,2,274,30
851,2,274,30
992,2,274,30
750,3,274,30
769,3,274,30
802,3,274,30
488,4,274,30
652,4,274,30
670,4,274,30
698,4,274,30
164,5,274,30
287,5,274,30
714,5,274,30
271,6,274,30
469,6,274,30
590,6,274,30
691,7,274,30
928,7,274,30
929,7,274,30
930,7,274,30
461,8,274,30
541,8,274,30
764,8,274,30
794,8,274,30
51,13,274,30
327,14,274,30
439,14,274,30
961,14,274,30
972,15,274,30
619,16,274,30
2,17,274,30
893,17,274,30
387,18,274,30
820,26,274,30
589,0,275,30
697,0,275,30
801,0,275,30
887,0,275,30
220,1,275,30
543,1,275,30
720,1,275,30
763,1,275,30
819,1,275,30
386,2,275,30
555,2,275,30
591,2,275,30
793,2,275,30
960,2,275,30
991,2,275,30
326,3,275,30
487,3,275,30
768,3,275,30
952,3,275,30
218,4,275,30
540,4,275,30
749,4,275,30
850,4,275,30
929,4,275,30
519,5,275,30
713,5,275,30
796,5,275,30
925,5,275,30
270,6,275,30
378,6,275,30
438,6,275,30
460,6,275,30
651,6,275,30
703,6,275,30
928,7,275,30
183,8,275,30
655,8,275,30
690,8,275,30
972,8,275,30
1,9,275,30
207,10,275,30
956,10,275,30
50,11,275,30
618,11,275,30
669,12,275,30
927,12,275,30
971,12,275,30
44,15,275,30
892,17,275,30
286,18,275,30
617,19,275,30
239,20,275,30
468,25,275,30
513,25,275,30
163,27,275,30
182,0,276,30
269,0,276,30
542,0,276,30
588,0,276,30
748,0,276,30
886,0,276,30
926,0,276,30
951,0,276,30
800,1,276,30
970,1,276,30
325,2,276,30
554,2,276,30
650,2,276,30
719,2,276,30
792,2,276,30
959,2,276,30
696,3,276,30
762,3,276,30
767,3,276,30
849,3,276,30
206,4,276,30
219,4,276,30
617,4,276,30
924,4,276,30
0,5,276,30
217,5,276,30
385,5,276,30
459,5,276,30
702,5,276,30
590,6,276,30
162,7,276,30
285,7,276,30
891,7,276,30
928,7,276,30
990,7,276,30
518,8,276,30
689,8,276,30
512,9,276,30
795,9,276,30
377,10,276,30
437,11,276,30
616,11,276,30
927,11,276,30
971,11,276,30
238,12,276,30
43,13,276,30
49,13,276,30
539,14,276,30
467,16,276,30
654,16,276,30
486,18,276,30
712,20,276,30
668,23,276,30
955,23,276,30
818,27,276,30
268,0,277,30
284,0,277,30
589,0,277,30
890,0,277,30
923,0,277,30
926,0,277,30
42,1,277,30
216,1,277,30
376,1,277,30
458,1,277,30
553,1,277,30
718,1,277,30
817,1,277,30
970,1,277,30
48,2,277,30
587,2,277,30
885,2,277,30
485,3,277,30
511,3,277,30
653,3,277,30
747,3,277,30
766,3,277,30
958,3,277,30
218,4,277,30
384,4,277,30
688,4,277,30
794,4,277,30
950,4,277,30
954,4,277,30
205,5,277,30
161,6,277,30
667,6,277,30
969,6,277,30
989,6,277,30
237,7,277,30
181,8,277,30
436,8,277,30
791,9,277,30
799,9,277,30
848,9,277,30
695,10,277,30
701,10,277,30
761,10,277,30
925,10,277,30
541,11,277,30
616,11,277,30
466,12,277,30
927,12,277,30
517,13,277,30
649,13,277,30
538,17,277,30
324,19,277,30
615,20,277,30
711,20,277,30
204,0,278,30
215,0,278,30
236,0,278,30
383,0,278,30
465,0,278,30
540,0,278,30
588,0,278,30
765,0,278,30
798,0,278,30
889,0,278,30
957,0,278,30
510,1,278,30
648,1,278,30
710,1,278,30
816,1,278,30
47,2,278,30
793,2,278,30
41,3,278,30
267,3,278,30
323,3,278,30
516,3,278,30
687,3,278,30
760,3,278,30
484,4,278,30
652,4,278,30
790,4,278,30
922,4,278,30
217,5,278,30
925,5,278,30
953,5,278,30
457,6,278,30
614,6,278,30
694,6,278,30
969,6,278,30
375,7,278,30
717,7,278,30
746,7,278,30
926,7,278,30
180,8,278,30
435,9,278,30
847,9,278,30
160,11,278,30
949,11,278,30
988,11,278,30
283,12,278,30
666,12,278,30
924,13,278,30
884,15,278,30
968,17,278,30
537,19,278,30
615,20,278,30
552,21,278,30
700,23,278,30
456,0,279,30
539,0,279,30
709,0,279,30
745,0,279,30
764,0,279,30
888,0,279,30
921,0,279,30
46,1,279,30
203,1,279,30
434,1,279,30
647,1,279,30
797,1,279,30
216,2,279,30
235,2,279,30
515,2,279,30
789,2,279,30
792,2,279,30
585,3,279,30
967,3,279,30
179,4,279,30
536,4,279,30
614,4,279,30
924,4,279,30
987,4,279,30
716,5,279,30
925,5,279,30
952,5,279,30
693,6,279,30
382,7,279,30
815,7,279,30
40,8,279,30
509,8,279,30
551,8,279,30
587,9,279,30
613,9,279,30
883,9,279,30
159,10,279,30
322,10,279,30
665,10,279,30
759,10,279,30
956,10,279,30
948,11,279,30
282,12,279,30
651,12,279,30
686,12,279,30
266,15,279,30
214,16,279,30
464,19,279,30
846,19,279,30
699,22,279,30
923,23,279,30
213,0,280,30
215,0,280,30
373,0,280,30
433,0,280,30
455,0,280,30
482,0,280,30
538,0,280,30
550,0,280,30
584,0,280,30
586,0,280,30
763,0,280,30
887,0,280,30
923,0,280,30
951,0,280,30
514,1,280,30
646,1,280,30
814,1,280,30
920,1,280,30
45,2,280,30
321,2,280,30
613,2,280,30
966,2,280,30
234,3,280,30
744,3,280,30
758,3,280,30
922,4,280,30
265,5,280,30
535,5,280,30
715,5,280,30
796,5,280,30
986,5,280,30
39,6,280,30
281,6,280,30
955,6,280,30
664,8,280,30
788,8,280,30
202,9,280,30
463,9,280,30
708,10,280,30
967,10,280,30
947,11,280,30
508,12,280,30
650,12,280,30
685,12,280,30
882,13,280,30
924,13,280,30
791,15,280,30
692,17,280,30
178,18,280,30
698,22,280,30
158,24,280,30
381,24,280,30
845,28,280,30
380,0,281,30
481,0,281,30
507,0,281,30
549,0,281,30
583,0,281,30
886,0,281,30
921,0,281,30
946,0,281,30
157,1,281,30
432,1,281,30
537,1,281,30
645,1,281,30
813,1,281,30
212,2,281,30
280,2,281,30
320,2,281,30
534,2,281,30
881,2,281,30
372,3,281,30
585,3,281,30
743,3,281,30
762,3,281,30
985,3,281,30
38,4,281,30
611,4,281,30
790,4,281,30
954,4,281,30
177,5,281,30
454,5,281,30
697,5,281,30
714,5,281,30
950,5,281,30
649,6,281,30
663,6,281,30
691,6,281,30
757,6,281,30
787,6,281,30
462,7,281,30
612,7,281,30
513,8,281,30
795,9,281,30
844,10,281,30
919,11,281,30
684,13,281,30
922,14,281,30
44,15,281,30
233,16,281,30
923,18,281,30
965,18,281,30
264,19,281,30
707,20,281,30
966,26,281,30
201,28,281,30
43,0,282,30
379,0,282,30
431,0,282,30
742,0,282,30
756,0,282,30
880,0,282,30
945,0,282,30
965,0,282,30
156,1,282,30
279,1,282,30
536,1,282,30
648,1,282,30
921,1,282,30
371,2,282,30
713,2,282,30
843,2,282,30
37,3,282,30
211,3,282,30
232,3,282,30
319,3,282,30
984,3,282,30
176,4,282,30
461,4,282,30
786,4,282,30
812,4,282,30
922,4,282,30
964,4,282,30
213,5,282,30
453,5,282,30
480,5,282,30
582,5,282,30
696,5,282,30
610,7,282,30
885,7,282,30
794,8,282,30
548,9,282,30
662,9,282,30
918,10,282,30
533,11,282,30
584,11,282,30
949,11,282,30
200,12,282,30
611,12,282,30
690,12,282,30
644,13,282,30
683,13,282,30
761,15,282,30
789,15,282,30
953,15,282,30
706,18,282,30
263,19,282,30
512,22,282,30
370,0,283,30
460,0,283,30
505,0,283,30
647,0,283,30
760,0,283,30
921,0,283,30
42,1,283,30
378,1,283,30
661,1,283,30
811,1,283,30
920,1,283,30
155,2,283,30
212,2,283,30
583,2,283,30
793,2,283,30
842,2,283,30
879,2,283,30
983,2,283,30
511,3,283,30
712,3,283,30
755,3,283,30
952,3,283,30
36,4,283,30
175,4,283,30
210,4,283,30
741,4,283,30
963,4,283,30
964,4,283,30
231,5,283,30
318,5,283,30
430,5,283,30
479,5,283,30
535,5,283,30
581,5,283,30
785,5,283,30
917,5,283,30
944,5,283,30
643,6,283,30
705,6,283,30
610,7,283,30
452,8,283,30
278,10,283,30
547,10,283,30
609,10,283,30
695,10,283,30
788,10,283,30
532,11,283,30
919,11,283,30
948,11,283,30
682,12,283,30
199,16,283,30
689,20,283,30
230,0,284,30
459,0,284,30
704,0,284,30
759,0,284,30
154,1,284,30
174,1,284,30
209,1,284,30
369,1,284,30
646,1,284,30
920,1,284,30
41,2,284,30
580,2,284,30
609,2,284,30
754,2,284,30
792,2,284,30
883,2,284,30
916,2,284,30
982,2,284,30
261,3,284,30
510,3,284,30
608,3,284,30
810,3,284,30
947,3,284,30
504,4,284,30
546,4,284,30
740,4,284,30
784,4,284,30
878,4,284,30
918,4,284,30
951,4,284,30
963,4,284,30
277,5,284,30
317,5,284,30
478,5,284,30
688,5,284,30
198,6,284,30
531,6,284,30
694,6,284,30
787,6,284,30
962,7,284,30
582,8,284,30
211,9,284,30
642,9,284,30
35,10,284,30
451,11,284,30
534,11,284,30
919,11,284,30
429,12,284,30
841,14,284,30
377,16,284,30
660,17,284,30
711,25,284,30
681,26,284,30
40,0,285,30
316,0,285,30
450,0,285,30
545,0,285,30
645,0,285,30
680,0,285,30
917,0,285,30
153,1,285,30
173,1,285,30
208,1,285,30
710,1,285,30
786,1,285,30
882,1,285,30
915,1,285,30
428,2,285,30
641,2,285,30
840,2,285,30
950,2,285,30
503,3,285,30
608,3,285,30
703,3,285,30
758,3,285,30
477,4,285,30
739,4,285,30
918,4,285,30
509,5,285,30
607,5,285,30
530,6,285,30
693,6,285,30
919,6,285,30
210,7,285,30
961,7,285,30
962,7,285,30
368,8,285,30
581,8,285,30
687,8,285,30
877,8,285,30
981,8,285,30
458,9,285,30
533,11,285,30
579,11,285,30
34,12,285,30
197,13,285,30
229,14,285,30
783,14,285,30
791,14,285,30
260,15,285,30
946,15,285,30
276,16,285,30
659,17,285,30
809,19,285,30
376,20,285,30
753,24,285,30
942,28,285,30
172,0,286,30
209,0,286,30
367,0,286,30
502,0,286,30
580,0,286,30
679,0,286,30
709,0,286,30
917,0,286,30
315,1,286,30
640,1,286,30
752,1,286,30
785,1,286,30
941,1,286,30
259,2,286,30
275,2,286,30
449,2,286,30
532,2,286,30
578,2,286,30
757,2,286,30
914,2,286,30
960,2,286,30
228,3,286,30
427,3,286,30
375,4,286,30
476,4,286,30
544,4,286,30
808,4,286,30
916,4,286,30
918,4,286,30
945,4,286,30
508,5,286,30
644,5,286,30
686,5,286,30
980,5,286,30
39,6,286,30
606,6,286,30
607,6,286,30
33,7,286,30
152,7,286,30
196,7,286,30
207,7,286,30
876,7,286,30
961,7,286,30
529,8,286,30
782,9,286,30
839,9,286,30
457,10,286,30
881,11,286,30
738,13,286,30
790,14,286,30
702,15,286,30
658,16,286,30
692,17,286,30
949,18,286,30
456,0,287,30
751,0,287,30
756,0,287,30
784,0,287,30
913,0,287,30
917,0,287,30
195,1,287,30
208,1,287,30
605,1,287,30
979,1,287,30
258,2,287,30
531,2,287,30
657,2,287,30
678,2,287,30
959,2,287,30
960,2,287,30
171,3,287,30
528,3,287,30
807,3,287,30
38,4,287,30
366,4,287,30
374,4,287,30
475,4,287,30
501,4,287,30
691,4,287,30
737,4,287,30
916,4,287,30
314,6,287,30
543,6,287,30
579,6,287,30
606,6,287,30
643,6,287,30
838,6,287,30
206,7,287,30
507,7,287,30
274,8,287,30
32,9,287,30
151,10,287,30
701,10,287,30
875,11,287,30
227,12,287,30
639,12,287,30
426,14,287,30
685,14,287,30
940,14,287,30
708,17,287,30
944,18,287,30
789,20,287,30
880,20,287,30
948,20,287,30
577,21,287,30
448,24,287,30
915,24,287,30
31,0,288,30
37,0,288,30
150,0,288,30
313,0,288,30
373,0,288,30
455,0,288,30
542,0,288,30
684,0,288,30
750,0,288,30
194,1,288,30
365,1,288,30
604,1,288,30
707,1,288,30
780,1,288,30
874,1,288,30
915,1,288,30
273,2,288,30
530,2,288,30
656,2,288,30
736,2,288,30
879,2,288,30
959,2,288,30
257,3,288,30
474,3,288,30
578,3,288,30
677,3,288,30
958,3,288,30
755,4,288,30
912,4,288,30
916,4,288,30
205,5,288,30
788,5,288,30
914,5,288,30
226,6,288,30
783,6,288,30
170,9,288,30
642,9,288,30
700,9,288,30
527,10,288,30
605,10,288,30
837,10,288,30
939,10,288,30
978,10,288,30
207,12,288,30
500,12,288,30
690,13,288,30
425,14,288,30
506,16,288,30
806,17,288,30
947,20,288,30
638,21,288,30
447,24,288,30
149,0,289,30
193,0,289,30
446,0,289,30
505,0,289,30
575,0,289,30
683,0,289,30
706,0,289,30
911,0,289,30
913,0,289,30
946,0,289,30
957,0,289,30
873,1,289,30
206,2,289,30
637,2,289,30
735,2,289,30
754,2,289,30
256,3,289,30
372,3,289,30
499,3,289,30
676,3,289,30
699,3,289,30
915,3,289,30
36,4,289,30
805,4,289,30
878,4,289,30
938,4,289,30
30,5,289,30
169,5,289,30
204,5,289,30
454,5,289,30
655,5,289,30
914,5,289,30
272,6,289,30
312,6,289,30
641,6,289,30
779,6,289,30
782,6,289,30
787,6,289,30
836,7,289,30
225,8,289,30
424,8,289,30
529,8,289,30
541,8,289,30
958,8,289,30
473,9,289,30
526,10,289,30
577,10,289,30
942,10,289,30
689,11,289,30
604,14,289,30
603,15,289,30
749,16,289,30
364,19,289,30
29,0,290,30
168,0,290,30
445,0,290,30
540,0,290,30
574,0,290,30
748,0,290,30
945,0,290,30
957,0,290,30
472,1,290,30
504,1,290,30
705,1,290,30
937,1,290,30
941,1,290,30
203,2,290,30
224,2,290,30
498,2,290,30
636,2,290,30
786,2,290,30
956,2,290,30
255,3,290,30
271,3,290,30
371,3,290,30
682,3,290,30
913,3,290,30
148,4,290,30
688,4,290,30
698,4,290,30
205,5,290,30
453,5,290,30
528,5,290,30
910,5,290,30
914,5,290,30
976,5,290,30
192,6,290,30
311,6,290,30
640,6,290,30
781,6,290,30
753,7,290,30
872,7,290,30
35,8,290,30
877,8,290,30
835,9,290,30
602,10,290,30
525,12,290,30
912,12,290,30
804,13,290,30
423,14,290,30
603,15,290,30
778,16,290,30
734,18,290,30
363,24,290,30
654,26,290,30
675,28,290,30
191,0,291,30
204,0,291,30
370,0,291,30
422,0,291,30
539,0,291,30
697,0,291,30
913,0,291,30
444,1,291,30
503,1,291,30
527,1,291,30
752,1,291,30
834,1,291,30
202,2,291,30
497,2,291,30
635,2,291,30
956,2,291,30
223,3,291,30
362,3,291,30
471,3,291,30
573,3,291,30
653,3,291,30
687,3,291,30
747,3,291,30
780,3,291,30
785,3,291,30
803,3,291,30
270,4,291,30
681,4,291,30
777,4,291,30
871,4,291,30
575,5,291,30
975,5,291,30
310,6,291,30
704,7,291,30
34,8,291,30
452,8,291,30
524,8,291,30
911,8,291,30
674,9,291,30
936,9,291,30
639,10,291,30
912,10,291,30
601,12,291,30
955,12,291,30
909,15,291,30
28,17,291,30
733,18,291,30
147,19,291,30
167,19,291,30
254,22,291,30
876,23,291,30
602,27,291,30
940,29,291,30
309,0,292,30
496,0,292,30
538,0,292,30
680,0,292,30
784,0,292,30
911,0,292,30
369,1,292,30
421,1,292,30
502,1,292,30
751,1,292,30
870,1,292,30
908,1,292,30
935,1,292,30
203,2,292,30
443,2,292,30
954,2,292,30
974,2,292,30
361,3,292,30
470,3,292,30
526,3,292,30
572,3,292,30
703,3,292,30
776,3,292,30
802,3,292,30
875,3,292,30
912,4,292,30
190,5,292,30
686,5,292,30
696,5,292,30
910,5,292,30
166,6,292,30
33,7,292,30
574,7,292,30
746,7,292,30
146,8,292,30
523,8,292,30
833,8,292,30
943,8,292,30
955,8,292,30
779,10,292,30
451,11,292,30
673,11,292,30
732,11,292,30
222,12,292,30
601,12,292,30
201,13,292,30
253,13,292,30
939,13,292,30
27,17,292,30
600,19,292,30
634,20,292,30
638,21,292,30
652,27,292,30
360,0,293,30
450,0,293,30
672,0,293,30
679,0,293,30
745,0,293,30
801,0,293,30
26,1,293,30
145,1,293,30
501,1,293,30
537,1,293,30
573,1,293,30
685,1,293,30
874,1,293,30
907,1,293,30
202,2,293,30
252,2,293,30
420,2,293,30
495,2,293,30
522,2,293,30
909,2,293,30
934,2,293,30
938,2,293,30
954,2,293,30
775,3,293,30
910,3,293,30
599,4,293,30
911,4,293,30
189,5,293,30
702,5,293,30
268,6,293,30
469,6,293,30
783,6,293,30
165,7,293,30
731,8,293,30
832,9,293,30
695,10,293,30
778,10,293,30
869,10,293,30
32,11,293,30
200,12,293,30
651,12,293,30
942,12,293,30
973,12,293,30
600,13,293,30
750,13,293,30
953,15,293,30
368,16,293,30
308,19,293,30
442,22,293,30
571,23,293,30
221,25,293,30
633,29,293,30
637,29,293,30
31,0,294,30
144,0,294,30
359,0,294,30
419,0,294,30
684,0,294,30
730,0,294,30
937,0,294,30
953,0,294,30
25,1,294,30
500,1,294,30
521,1,294,30
536,1,294,30
800,1,294,30
873,1,294,30
906,1,294,30
941,1,294,30
449,2,294,30
494,2,294,30
570,2,294,30
678,2,294,30
694,2,294,30
908,2,294,30
199,3,294,30
251,3,294,30
267,3,294,30
524,3,294,30
744,3,294,30
831,3,294,30
909,3,294,30
598,4,294,30
599,4,294,30
777,4,294,30
164,5,294,30
220,6,294,30
782,6,294,30
468,7,294,30
632,7,294,30
933,7,294,30
701,8,294,30
952,9,294,30
868,10,294,30
307,11,294,30
671,11,294,30
650,12,294,30
749,13,294,30
572,15,294,30
774,15,294,30
201,17,294,30
367,18,294,30
188,24,294,30
441,25,294,30
636,26,294,30
972,28,294,30
219,0,295,30
571,0,295,30
683,0,295,30
748,0,295,30
781,0,295,30
936,0,295,30
951,0,295,30
499,1,295,30
677,1,295,30
830,1,295,30
908,1,295,30
493,2,295,30
729,2,295,30
907,2,295,30
163,3,295,30
198,3,295,30
250,3,295,30
635,3,295,30
743,3,295,30
867,3,295,30
366,4,295,30
440,4,295,30
523,4,295,30
598,4,295,30
670,4,295,30
773,4,295,30
30,5,295,30
535,5,295,30
952,5,295,30
597,6,295,30
649,6,295,30
872,7,295,30
143,8,295,30
358,8,295,30
776,8,295,30
700,9,295,30
799,9,295,30
266,11,295,30
306,11,295,30
520,11,295,30
971,11,295,30
932,12,295,30
467,13,295,30
905,13,295,30
940,14,295,30
693,15,295,30
569,19,295,30
418,21,295,30
187,24,295,30
631,26,295,30
24,27,295,30
448,27,295,30
29,0,296,30
249,0,296,30
417,0,296,30
728,0,296,30
775,0,296,30
780,0,296,30
798,0,296,30
866,0,296,30
935,0,296,30
951,0,296,30
23,1,296,30
142,1,296,30
365,1,296,30
676,1,296,30
829,1,296,30
907,1,296,30
908,1,296,30
970,1,296,30
522,2,296,30
904,2,296,30
199,3,296,30
682,3,296,30
692,3,296,30
931,3,296,30
492,4,296,30
519,4,296,30
871,4,296,30
950,5,296,30
568,6,296,30
570,6,296,30
596,6,296,30
747,6,296,30
265,7,296,30
186,8,296,30
669,8,296,30
699,8,296,30
305,9,296,30
357,9,296,30
906,10,296,30
498,11,296,30
534,11,296,30
466,12,296,30
772,13,296,30
197,14,296,30
218,14,296,30
439,14,296,30
742,14,296,30
939,14,296,30
597,17,296,30
162,19,296,30
630,20,296,30
634,20,296,30
447,22,296,30
161,0,297,30
196,0,297,30
465,0,297,30
567,0,297,30
595,0,297,30
629,0,297,30
930,0,297,30
691,1,297,30
870,1,297,30
906,1,297,30
907,1,297,30
198,2,297,30
248,2,297,30
416,2,297,30
797,2,297,30
828,2,297,30
934,2,297,30
950,2,297,30
497,3,297,30
521,3,297,30
356,4,297,30
438,4,297,30
903,4,297,30
141,5,297,30
491,5,297,30
596,5,297,30
938,5,297,30
217,6,297,30
771,6,297,30
969,6,297,30
569,7,297,30
746,7,297,30
905,7,297,30
304,9,297,30
533,9,297,30
446,10,297,30
668,10,297,30
779,10,297,30
518,11,297,30
865,11,297,30
633,12,297,30
264,14,297,30
698,14,297,30
647,15,297,30
774,15,297,30
185,17,297,30
675,18,297,30
22,19,297,30
727,19,297,30
681,21,297,30
28,23,297,30
364,24,297,30
160,0,298,30
496,0,298,30
628,0,298,30
740,0,298,30
745,0,298,30
904,0,298,30
937,0,298,30
21,1,298,30
195,1,298,30
490,1,298,30
690,1,298,30
864,1,298,30
906,1,298,30
415,2,298,30
520,2,298,30
532,2,298,30
726,3,298,30
303,4,298,30
355,4,298,30
437,4,298,30
517,4,298,30
646,4,298,30
773,4,298,30
869,4,298,30
594,5,298,30
680,5,298,30
697,5,298,30
933,5,298,30
216,6,298,30
247,6,298,30
902,6,298,30
632,7,298,30
905,7,298,30
796,8,298,30
968,8,298,30
674,9,298,30
197,10,298,30
445,10,298,30
595,10,298,30
667,10,298,30
778,10,298,30
140,11,298,30
949,11,298,30
568,12,298,30
929,13,298,30
566,14,298,30
770,15,298,30
184,16,298,30
263,16,298,30
827,16,298,30
464,19,298,30
948,20,298,30
363,24,298,30
215,0,299,30
262,0,299,30
567,0,299,30
627,0,299,30
645,0,299,30
826,0,299,30
903,0,299,30
936,0,299,30
159,1,299,30
194,1,299,30
444,1,299,30
744,1,299,30
901,1,299,30
531,2,299,30
666,2,299,30
904,2,299,30
362,3,299,30
414,3,299,30
489,3,299,30
516,3,299,30
863,3,299,30
947,3,299,30
967,3,299,30
436,4,299,30
679,4,299,30
777,4,299,30
139,5,299,30
302,5,299,30
594,5,299,30
696,5,299,30
772,5,299,30
183,6,299,30
246,6,299,30
495,6,299,30
519,6,299,30
593,6,299,30
196,7,299,30
905,7,299,30
463,8,299,30
739,8,299,30
795,9,299,30
673,10,299,30
868,10,299,30
769,11,299,30
948,11,299,30
565,12,299,30
26,13,299,30
631,15,299,30
354,16,299,30
689,16,299,30
928,19,299,30
932,22,299,30
20,24,299,30
301,0,300,30
530,0,300,30
592,0,300,30
902,0,300,30
935,0,300,30
946,0,300,30
138,1,300,30
245,1,300,30
518,1,300,30
867,1,300,30
193,2,300,30
515,2,300,30
678,2,300,30
768,2,300,30
361,3,300,30
672,3,300,30
776,3,300,30
931,3,300,30
443,4,300,30
488,4,300,30
688,4,300,30
862,4,300,30
903,4,300,30
904,4,300,30
644,5,300,30
462,7,300,30
771,8,300,30
19,9,300,30
593,9,300,30
695,10,300,30
825,10,300,30
665,11,300,30
947,11,300,30
564,12,300,30
927,12,300,30
435,13,300,30
738,13,300,30
566,14,300,30
195,15,300,30
261,15,300,30
794,15,300,30
494,17,300,30
743,17,300,30
626,19,300,30
966,19,300,30
630,20,300,30
353,21,300,30
413,22,300,30
724,22,300,30
158,24,300,30
182,25,300,30
900,28,300,30
18,0,301,30
24,0,301,30
300,0,301,30
360,0,301,30
592,0,301,30
694,0,301,30
742,0,301,30
775,0,301,30
824,0,301,30
866,0,301,30
930,0,301,30
945,0,301,30
946,0,301,30
965,0,301,30
244,1,301,30
517,1,301,30
629,1,301,30
677,1,301,30
899,1,301,30
591,2,301,30
793,2,301,30
434,3,301,30
514,3,301,30
625,3,301,30
137,4,301,30
260,4,301,30
412,4,301,30
493,4,301,30
565,4,301,30
770,4,301,30
903,4,301,30
194,5,301,30
213,5,301,30
563,5,301,30
192,6,301,30
643,6,301,30
934,6,301,30
767,7,301,30
181,8,301,30
664,8,301,30
737,9,301,30
157,11,301,30
671,11,301,30
529,12,301,30
352,15,301,30
901,18,301,30
902,18,301,30
442,19,301,30
487,20,301,30
926,22,301,30
687,23,301,30
861,23,301,30
723,26,301,30
461,27,301,30
17,0,302,30
23,0,302,30
191,0,302,30
193,0,302,30
359,0,302,30
693,0,302,30
945,0,302,30
516,1,302,30
676,1,302,30
180,2,302,30
212,2,302,30
591,2,302,30
624,2,302,30
670,2,302,30
736,2,302,30
792,2,302,30
902,2,302,30
513,3,302,30
528,3,302,30
741,3,302,30
156,4,302,30
492,4,302,30
964,4,302,30
259,5,302,30
686,5,302,30
925,5,302,30
933,5,302,30
944,5,302,30
590,6,302,30
722,6,302,30
898,6,302,30
136,7,302,30
486,7,302,30
562,7,302,30
663,7,302,30
929,7,302,30
411,8,302,30
823,8,302,30
860,8,302,30
642,9,302,30
769,9,302,30
243,10,302,30
766,10,302,30
433,12,302,30
460,12,302,30
628,12,302,30
774,13,302,30
441,14,302,30
351,15,302,30
901,18,302,30
299,19,302,30
865,21,302,30
564,25,302,30
900,28,302,30
298,0,303,30
440,0,303,30
623,0,303,30
740,0,303,30
765,0,303,30
859,0,303,30
561,1,303,30
155,2,303,30
459,2,303,30
515,2,303,30
641,2,303,30
735,2,303,30
900,2,303,30
928,2,303,30
179,3,303,30
211,3,303,30
410,3,303,30
485,3,303,30
627,3,303,30
692,3,303,30
897,3,303,30
16,4,303,30
773,4,303,30
822,4,303,30
963,4,303,30
190,5,303,30
258,5,303,30
350,5,303,30
563,5,303,30
590,6,303,30
512,7,303,30
721,7,303,30
768,7,303,30
358,8,303,30
589,8,303,30
943,8,303,30
662,9,303,30
791,9,303,30
22,10,303,30
192,11,303,30
491,11,303,30
527,11,303,30
669,12,303,30
135,13,303,30
432,13,303,30
864,13,303,30
901,13,303,30
685,14,303,30
899,15,303,30
924,15,303,30
675,16,303,30
944,19,303,30
932,21,303,30
189,0,304,30
191,0,304,30
439,0,304,30
684,0,304,30
764,0,304,30
923,0,304,30
257,1,304,30
297,1,304,30
640,1,304,30
661,1,304,30
720,1,304,30
767,1,304,30
21,2,304,30
899,2,304,30
900,2,304,30
349,3,304,30
511,3,304,30
514,3,304,30
863,3,304,30
931,3,304,30
942,3,304,30
134,4,304,30
241,4,304,30
484,4,304,30
739,4,304,30
790,4,304,30
409,5,304,30
431,5,304,30
588,5,304,30
622,6,304,30
626,6,304,30
691,6,304,30
154,7,304,30
210,7,304,30
562,7,304,30
962,7,304,30
896,8,304,30
458,9,304,30
178,11,304,30
526,11,304,30
589,11,304,30
943,11,304,30
898,12,304,30
927,12,304,30
772,13,304,30
734,16,304,30
821,19,304,30
858,21,304,30
357,22,304,30
490,22,304,30
560,22,304,30
668,24,304,30
674,28,304,30
188,0,305,30
625,0,305,30
683,0,305,30
763,0,305,30
820,0,305,30
926,0,305,30
930,0,305,30
899,1,305,30
588,2,305,30
660,2,305,30
673,2,305,30
719,2,305,30
14,3,305,30
256,3,305,30
348,3,305,30
438,3,305,30
489,3,305,30
510,3,305,30
513,3,305,30
897,3,305,30
941,3,305,30
20,4,305,30
240,4,305,30
733,4,305,30
862,4,305,30
177,5,305,30
356,5,305,30
430,5,305,30
667,5,305,30
561,6,305,30
621,6,305,30
483,7,305,30
961,7,305,30
690,8,305,30
895,8,305,30
153,9,305,30
639,9,305,30
408,10,305,30
942,10,305,30
559,11,305,30
133,12,305,30
190,12,305,30
457,12,305,30
525,12,305,30
898,12,305,30
766,13,305,30
857,14,305,30
209,17,305,30
771,17,305,30
587,19,305,30
789,20,305,30
296,21,305,30
922,29,305,30
152,0,306,30
189,0,306,30
456,0,306,30
509,0,306,30
765,0,306,30
819,0,306,30
894,0,306,30
718,1,306,30
861,1,306,30
255,2,306,30
407,2,306,30
587,2,306,30
624,2,306,30
666,2,306,30
132,3,306,30
347,3,306,30
437,3,306,30
524,3,306,30
672,3,306,30
762,3,306,30
856,3,306,30
239,4,306,30
482,4,306,30
682,4,306,30
732,4,306,30
737,4,306,30
896,4,306,30
929,4,306,30
295,5,306,30
355,5,306,30
659,5,306,30
925,5,306,30
941,5,306,30
176,6,306,30
558,6,306,30
898,6,306,30
512,7,306,30
488,8,306,30
689,8,306,30
788,8,306,30
960,9,306,30
586,11,306,30
620,11,306,30
638,11,306,30
187,12,306,30
429,12,306,30
560,12,306,30
921,13,306,30
940,14,306,30
208,15,306,30
770,15,306,30
897,16,306,30
19,18,306,30
186,0,307,30
188,0,307,30
254,0,307,30
406,0,307,30
455,0,307,30
557,0,307,30
764,0,307,30
769,1,307,30
131,3,307,30
151,3,307,30
487,3,307,30
511,3,307,30
855,3,307,30
860,3,307,30
238,4,307,30
637,4,307,30
681,4,307,30
688,4,307,30
731,4,307,30
818,4,307,30
924,4,307,30
959,4,307,30
18,5,307,30
428,5,307,30
175,6,307,30
523,6,307,30
585,6,307,30
665,6,307,30
787,6,307,30
897,6,307,30
928,7,307,30
619,8,307,30
896,8,307,30
623,9,307,30
736,9,307,30
207,10,307,30
481,10,307,30
761,10,307,30
895,10,307,30
671,11,307,30
294,12,307,30
346,12,307,30
354,12,307,30
658,12,307,30
559,13,307,30
939,13,307,30
508,14,307,30
717,14,307,30
940,14,307,30
436,15,307,30
12,17,307,30
893,17,307,30
586,25,307,30
920,26,307,30
353,0,308,30
507,0,308,30
680,0,308,30
730,0,308,30
763,0,308,30
892,0,308,30
894,0,308,30
923,0,308,30
11,1,308,30
427,1,308,30
622,1,308,30
817,1,308,30
206,2,308,30
522,2,308,30
556,2,308,30
657,2,308,30
670,2,308,30
150,3,308,30
510,3,308,30
585,3,308,30
854,3,308,30
958,3,308,30
187,4,308,30
237,4,308,30
938,4,308,30
480,5,308,30
130,6,308,30
185,6,308,30
454,6,308,30
558,6,308,30
786,6,308,30
919,6,308,30
768,7,308,30
859,7,308,30
345,8,308,30
405,8,308,30
735,8,308,30
895,8,308,30
174,9,308,30
17,10,308,30
253,10,308,30
293,10,308,30
760,10,308,30
618,11,308,30
636,11,308,30
927,12,308,30
716,14,308,30
939,14,308,30
584,19,308,30
896,19,308,30
435,21,308,30
687,22,308,30
664,25,308,30
486,29,308,30
129,0,309,30
479,0,309,30
509,0,309,30
557,0,309,30
584,0,309,30
679,0,309,30
926,0,309,30
937,0,309,30
957,0,309,30
426,1,309,30
521,1,309,30
715,1,309,30
816,1,309,30
853,1,309,30
858,1,309,30
149,2,309,30
184,2,309,30
252,2,309,30
344,2,309,30
555,2,309,30
656,2,309,30
759,2,309,30
894,2,309,30
938,2,309,30
434,3,309,30
635,3,309,30
762,3,309,30
10,4,309,30
186,4,309,30
617,4,309,30
918,4,309,30
922,4,309,30
16,5,309,30
404,5,309,30
785,5,309,30
663,6,309,30
583,7,309,30
767,7,309,30
891,7,309,30
621,9,309,30
686,10,309,30
236,12,309,30
669,12,309,30
292,14,309,30
352,16,309,30
506,16,309,30
173,17,309,30
893,17,309,30
453,18,309,30
729,18,309,30
895,18,309,30
485,25,309,30
172,0,310,30
478,0,310,30
505,0,310,30
583,0,310,30
655,0,310,30
728,0,310,30
784,0,310,30
815,0,310,30
890,0,310,30
917,0,310,30
921,0,310,30
936,0,310,30
620,1,310,30
685,1,310,30
554,2,310,30
892,2,310,30
148,4,310,30
291,4,310,30
351,4,310,30
235,5,310,30
508,5,310,30
582,5,310,30
925,5,310,30
183,6,310,30
185,6,310,30
678,7,310,30
733,7,310,30
857,7,310,30
204,8,310,30
343,8,310,30
520,8,310,30
956,8,310,30
128,9,310,30
662,9,310,30
758,9,310,30
937,10,310,30
616,11,310,30
634,11,310,30
9,13,310,30
668,13,310,30
714,13,310,30
894,13,310,30
484,14,310,30
761,15,310,30
425,16,310,30
433,16,310,30
852,16,310,30
403,17,310,30
893,18,310,30
556,21,310,30
251,22,310,30
452,24,310,30
766,28,310,30
684,0,311,30
713,0,311,30
760,0,311,30
889,0,311,30
935,0,311,30
203,1,311,30
555,1,311,30
615,1,311,30
677,1,311,30
732,1,311,30
851,1,311,30
856,1,311,30
184,2,311,30
654,2,311,30
757,2,311,30
14,3,311,30
171,3,311,30
891,3,311,30
127,4,311,30
350,4,311,30
477,4,311,30
519,4,311,30
916,4,311,30
924,4,311,30
8,5,311,30
234,5,311,30
290,5,311,30
581,5,311,30
667,5,311,30
892,5,311,30
507,6,311,30
765,6,311,30
783,6,311,30
182,7,311,30
504,7,311,30
619,7,311,30
955,7,311,30
727,8,311,30
920,8,311,30
814,9,311,30
936,9,311,30
633,12,311,30
402,13,311,30
432,13,311,30
483,13,311,30
553,14,311,30
582,15,311,30
342,16,311,30
893,17,311,30
147,19,311,30
250,21,311,30
424,21,311,30
451,21,311,30
661,25,311,30
7,0,312,30
249,0,312,30
289,0,312,30
341,0,312,30
482,0,312,30
632,0,312,30
683,0,312,30
756,0,312,30
759,0,312,30
888,0,312,30
892,0,312,30
923,0,312,30
450,1,312,30
614,1,312,30
618,1,312,30
676,1,312,30
731,1,312,30
855,1,312,30
202,2,312,30
233,2,312,30
423,2,312,30
503,2,312,30
666,2,312,30
401,3,312,30
476,3,312,30
580,3,312,30
712,3,312,30
726,3,312,30
891,3,312,30
915,3,312,30
935,3,312,30
170,4,312,30
349,4,312,30
813,4,312,30
954,4,312,30
181,5,312,30
183,6,312,30
506,6,312,30
782,6,312,30
890,6,312,30
934,6,312,30
850,7,312,30
13,8,312,30
431,8,312,30
518,8,312,30
764,8,312,30
554,9,312,30
653,9,312,30
146,10,312,30
919,11,312,30
552,14,312,30
660,15,312,30
581,24,312,30
475,0,313,30
481,0,313,30
580,0,313,30
631,0,313,30
730,0,313,30
781,0,313,30
812,0,313,30
887,0,313,30
890,0,313,30
953,0,313,30
145,1,313,30
763,1,313,30
180,2,313,30
232,2,313,30
502,2,313,30
505,2,313,30
169,3,313,30
551,3,313,30
682,3,313,30
755,3,313,30
758,3,313,30
854,3,313,30
889,3,313,30
934,3,313,30
400,4,313,30
422,4,313,30
579,4,313,30
617,4,313,30
918,4,313,30
125,5,313,30
659,5,313,30
348,6,313,30
665,6,313,30
182,7,313,30
652,7,313,30
725,7,313,30
849,7,313,30
891,7,313,30
430,8,313,30
449,8,313,30
553,9,313,30
613,9,313,30
933,10,313,30
6,11,313,30
288,11,313,30
248,12,313,30
201,13,313,30
922,14,313,30
675,16,313,30
12,17,313,30
517,20,313,30
711,20,313,30
340,22,313,30
914,22,313,30
5,0,314,30
247,0,314,30
780,0,314,30
886,0,314,30
889,0,314,30
890,0,314,30
917,0,314,30
921,0,314,30
144,1,314,30
181,1,314,30
504,1,314,30
658,1,314,30
729,1,314,30
757,1,314,30
811,1,314,30
853,1,314,30
231,2,314,30
550,2,314,30
724,2,314,30
399,3,314,30
474,3,314,30
762,3,314,30
913,3,314,30
501,4,314,30
578,4,314,30
480,5,314,30
516,5,314,30
616,5,314,30
888,5,314,30
933,5,314,30
421,6,314,30
579,6,314,30
124,7,314,30
448,7,314,30
651,7,314,30
674,7,314,30
848,7,314,30
168,8,314,30
710,8,314,30
952,9,314,30
754,11,314,30
339,12,314,30
429,16,314,30
200,18,314,30
287,19,314,30
664,19,314,30
932,19,314,30
552,20,314,30
347,21,314,30
681,21,314,30
11,24,314,30
179,24,314,30
612,25,314,30
630,28,314,30
10,0,315,30
246,0,315,30
346,0,315,30
398,0,315,30
479,0,315,30
680,0,315,30
709,0,315,30
728,0,315,30
888,0,315,30
889,0,315,30
951,0,315,30
503,1,315,30
615,1,315,30
629,1,315,30
657,1,315,30
723,1,315,30
931,1,315,30
180,2,315,30
230,2,315,30
420,2,315,30
549,2,315,30
578,2,315,30
551,3,315,30
4,4,315,30
143,4,315,30
515,4,315,30
611,4,315,30
810,4,315,30
912,4,315,30
167,5,315,30
428,5,315,30
753,5,315,30
663,6,315,30
756,6,315,30
847,7,315,30
885,7,315,30
338,8,315,30
178,9,315,30
577,10,315,30
779,10,315,30
500,11,315,30
673,11,315,30
761,11,315,30
473,15,315,30
920,15,315,30
286,16,315,30
852,16,315,30
650,18,315,30
916,18,315,30
932,19,315,30
887,21,315,30
447,24,315,30
199,26,315,30
123,27,315,30
3,0,316,30
345,0,316,30
419,0,316,30
478,0,316,30
672,0,316,30
679,0,316,30
760,0,316,30
887,0,316,30
888,0,316,30
911,0,316,30
930,0,316,30
245,1,316,30
427,1,316,30
472,1,316,30
502,1,316,30
614,1,316,30
931,1,316,30
397,2,316,30
628,2,316,30
708,2,316,30
722,2,316,30
851,2,316,30
950,2,316,30
179,3,316,30
550,3,316,30
915,3,316,30
142,4,316,30
548,4,316,30
755,4,316,30
166,5,316,30
122,6,316,30
198,6,316,30
656,6,316,30
919,6,316,30
285,7,316,30
229,8,316,30
337,8,316,30
727,8,316,30
577,10,316,30
778,10,316,30
499,11,316,30
846,12,316,30
9,13,316,30
649,13,316,30
446,19,316,30
662,21,316,30
886,21,316,30
514,22,316,30
752,23,316,30
610,24,316,30
809,24,316,30
336,0,317,30
344,0,317,30
575,0,317,30
759,0,317,30
808,0,317,30
886,0,317,30
887,0,317,30
930,0,317,30
121,1,317,30
244,1,317,30
426,1,317,30
501,1,317,30
648,1,317,30
655,1,317,30
176,2,317,30
396,2,317,30
445,2,317,30
609,2,317,30
678,2,317,30
721,2,317,30
754,2,317,30
883,2,317,30
885,2,317,30
471,3,317,30
726,3,317,30
910,3,317,30
141,4,317,30
228,4,317,30
477,4,317,30
751,4,317,30
929,4,317,30
8,5,317,30
777,5,317,30
845,5,317,30
850,6,317,30
165,7,317,30
613,7,317,30
914,9,317,30
547,10,317,30
178,11,317,30
498,11,317,30
949,11,317,30
284,12,317,30
627,12,317,30
918,13,317,30
418,15,317,30
2,16,317,30
661,19,317,30
197,22,317,30
513,25,317,30
707,26,317,30
7,0,318,30
140,0,318,30
343,0,318,30
574,0,318,30
677,0,318,30
706,0,318,30
886,0,318,30
917,0,318,30
500,1,318,30
647,1,318,30
807,1,318,30
227,2,318,30
444,2,318,30
654,2,318,30
928,2,318,30
470,3,318,30
476,3,318,30
497,3,318,30
758,3,318,30
909,3,318,30
913,3,318,30
395,4,318,30
546,4,318,30
548,4,318,30
670,4,318,30
882,4,318,30
884,4,318,30
929,4,318,30
164,5,318,30
575,5,318,30
725,5,318,30
750,5,318,30
175,6,318,30
720,6,318,30
608,7,318,30
612,7,318,30
844,7,318,30
335,8,318,30
196,9,318,30
1,11,318,30
417,11,318,30
948,11,318,30
283,12,318,30
120,14,318,30
243,14,318,30
425,14,318,30
753,14,318,30
660,15,318,30
776,15,318,30
177,19,318,30
885,19,318,30
626,24,318,30
849,24,318,30
512,25,318,30
139,0,319,30
334,0,319,30
475,0,319,30
545,0,319,30
625,0,319,30
0,1,319,30
195,1,319,30
499,1,319,30
646,1,319,30
676,1,319,30
752,1,319,30
908,1,319,30
176,2,319,30
416,2,319,30
443,2,319,30
724,2,319,30
843,2,319,30
881,2,319,30
885,2,319,30
916,2,319,30
163,3,319,30
394,3,319,30
511,3,319,30
719,3,319,30
611,4,319,30
749,4,319,30
242,5,319,30
883,5,319,30
469,6,319,30
119,7,319,30
574,7,319,30
775,7,319,30
282,8,319,30
669,8,319,30
653,9,319,30
848,9,319,30
547,10,319,30
947,11,319,30
912,12,319,30
927,12,319,30
174,14,319,30
424,14,319,30
607,15,319,30
659,15,319,30
884,15,319,30
226,18,319,30
757,18,319,30
806,19,319,30
928,20,319,30
705,23,319,30
6,24,319,30
573,25,319,30
496,26,319,30
5,0,320,30
138,0,320,30
225,0,320,30
341,0,320,30
498,0,320,30
645,0,320,30
658,0,320,30
704,0,320,30
751,0,320,30
911,0,320,30
926,0,320,30
118,1,320,30
194,1,320,30
510,1,320,30
544,1,320,30
573,1,320,30
610,1,320,30
907,1,320,30
173,2,320,30
415,2,320,30
624,2,320,30
723,2,320,30
805,2,320,30
842,2,320,30
883,2,320,30
915,2,320,30
393,3,320,30
423,3,320,30
474,3,320,30
882,3,320,30
748,4,320,30
880,4,320,30
162,5,320,30
718,5,320,30
495,6,320,30
946,6,320,30
333,7,320,30
281,8,320,30
652,9,320,30
847,9,320,30
884,10,320,30
572,11,320,30
606,12,320,30
546,13,320,30
668,13,320,30
927,13,320,30
468,15,320,30
774,15,320,30
675,16,320,30
756,18,320,30
241,21,320,30
442,21,320,30
175,26,320,30
172,0,321,30
422,0,321,30
473,0,321,30
509,0,321,30
545,0,321,30
571,0,321,30
605,0,321,30
623,0,321,30
750,0,321,30
926,0,321,30
117,1,321,30
174,1,321,30
441,1,321,30
543,1,321,30
609,1,321,30
657,1,321,30
906,1,321,30
332,2,321,30
722,2,321,30
881,2,321,30
914,2,321,30
224,3,321,30
572,3,321,30
703,3,321,30
879,3,321,30
882,3,321,30
910,3,321,30
945,3,321,30
4,4,321,30
193,4,321,30
747,4,321,30
755,4,321,30
773,4,321,30
161,5,321,30
644,5,321,30
137,6,321,30
414,6,321,30
467,6,321,30
667,6,321,30
841,6,321,30
717,7,321,30
651,9,321,30
925,9,321,30
497,10,321,30
340,11,321,30
240,12,321,30
846,12,321,30
392,13,321,30
804,13,321,30
280,16,321,30
883,18,321,30
674,20,321,30
494,21,321,30
472,0,322,30
493,0,322,30
496,0,322,30
542,0,322,30
716,0,322,30
880,0,322,30
913,0,322,30
3,1,322,30
173,1,322,30
440,1,322,30
882,1,322,30
666,2,322,30
673,2,322,30
721,2,322,30
754,2,322,30
840,2,322,30
909,2,322,30
223,3,322,30
803,3,322,30
171,4,322,30
192,4,322,30
544,4,322,30
656,4,322,30
160,5,322,30
279,5,322,30
772,5,322,30
391,6,322,30
421,6,322,30
643,6,322,30
746,7,322,30
881,7,322,30
905,7,322,30
570,8,322,30
339,9,322,30
749,9,322,30
878,9,322,30
608,10,322,30
331,11,322,30
466,12,322,30
508,12,322,30
650,12,322,30
925,12,322,30
845,13,322,30
924,13,322,30
413,14,322,30
702,15,322,30
239,18,322,30
944,18,322,30
136,20,322,30
116,23,322,30
571,23,322,30
622,26,322,30
604,29,322,30
172,0,323,30
191,0,323,30
412,0,323,30
465,0,323,30
471,0,323,30
672,0,323,30
745,0,323,30
880,0,323,30
904,0,323,30
923,0,323,30
439,1,323,30
655,1,323,30
701,1,323,30
720,1,323,30
159,2,323,30
420,2,323,30
570,2,323,30
881,2,323,30
908,2,323,30
802,3,323,30
170,4,323,30
912,4,323,30
330,5,323,30
607,5,323,30
753,5,323,30
115,6,323,30
495,6,323,30
507,6,323,30
649,6,323,30
665,6,323,30
748,6,323,30
771,6,323,30
877,6,323,30
879,6,323,30
924,6,323,30
278,7,323,30
844,7,323,30
569,8,323,30
943,8,323,30
338,9,323,30
541,9,323,30
621,9,323,30
642,9,323,30
492,10,323,30
222,12,323,30
238,14,323,30
543,15,323,30
2,16,323,30
135,20,323,30
715,21,323,30
839,21,323,30
221,0,324,30
389,0,324,30
419,0,324,30
880,0,324,30
903,0,324,30
911,0,324,30
602,1,324,30
648,1,324,30
171,2,324,30
641,2,324,30
654,2,324,30
879,2,324,30
907,2,324,30
114,3,324,30
438,3,324,30
470,3,324,30
569,3,324,30
719,3,324,30
942,3,324,30
770,4,324,30
801,4,324,30
878,4,324,30
134,6,324,30
277,6,324,30
506,6,324,30
606,6,324,30
747,6,324,30
838,6,324,30
876,6,324,30
158,7,324,30
664,8,324,30
843,8,324,30
337,9,324,30
568,11,324,30
169,12,324,30
411,12,324,30
464,13,324,30
620,13,324,30
752,13,324,30
922,14,324,30
542,15,324,30
714,15,324,30
1,16,324,30
190,17,324,30
237,17,324,30
494,17,324,30
671,17,324,30
923,17,324,30
540,18,324,30
491,19,324,30
329,20,324,30
700,20,324,30
744,24,324,30
189,0,325,30
276,0,325,30
410,0,325,30
605,0,325,30
751,0,325,30
902,0,325,30
157,1,325,30
220,1,325,30
647,1,325,30
718,1,325,30
769,1,325,30
921,1,325,30
941,1,325,30
133,2,325,30
328,2,325,30
505,2,325,30
601,2,325,30
670,2,325,30
336,3,325,30
437,3,325,30
567,3,325,30
653,3,325,30
699,3,325,30
875,3,325,30
879,3,325,30
910,3,325,30
170,4,325,30
418,5,325,30
837,5,325,30
113,6,325,30
469,6,325,30
663,6,325,30
877,6,325,30
539,7,325,30
713,7,325,30
746,7,325,30
236,8,325,30
493,8,325,30
619,8,325,30
463,9,325,30
541,9,325,30
878,9,325,30
800,10,325,30
906,10,325,30
168,11,325,30
568,11,325,30
490,13,325,30
842,17,325,30
922,18,325,30
388,20,325,30
743,26,325,30
112,0,326,30
188,0,326,30
417,0,326,30
540,0,326,30
567,0,326,30
600,0,326,30
742,0,326,30
745,0,326,30
750,0,326,30
921,0,326,30
156,1,326,30
618,1,326,30
646,1,326,30
920,1,326,30
132,3,326,30
169,3,326,30
489,3,326,30
639,3,326,30
909,3,326,30
167,4,326,30
327,4,326,30
468,4,326,30
504,4,326,30
878,4,326,30
235,5,326,30
409,5,326,30
874,5,326,30
841,6,326,30
876,6,326,30
462,7,326,30
652,7,326,30
768,7,326,30
836,7,326,30
905,7,326,30
669,8,326,30
712,8,326,30
275,9,326,30
799,9,326,30
877,9,326,30
492,10,326,30
901,10,326,30
717,11,326,30
387,12,326,30
662,12,326,30
604,14,326,30
940,14,326,30
219,15,326,30
436,15,326,30
538,15,326,30
335,21,326,30
566,26,326,30
698,28,326,30
168,0,327,30
334,0,327,30
539,0,327,30
645,0,327,30
697,0,327,30
716,0,327,30
798,0,327,30
840,0,327,30
904,0,327,30
187,1,327,30
744,1,327,30
155,2,327,30
386,2,327,30
599,2,327,30
900,2,327,30
131,3,327,30
274,3,327,30
408,3,327,30
503,3,327,30
835,3,327,30
875,3,327,30
166,4,327,30
461,4,327,30
565,4,327,30
617,4,327,30
749,4,327,30
111,5,327,30
234,5,327,30
908,5,327,30
467,6,327,30
488,6,327,30
651,6,327,30
919,6,327,30
668,7,327,30
767,7,327,30
876,7,327,30
416,8,327,30
877,8,327,30
920,8,327,30
873,9,327,30
326,11,327,30
741,12,327,30
537,13,327,30
661,13,327,30
939,14,327,30
603,15,327,30
435,16,327,30
218,17,327,30
566,18,327,30
491,20,327,30
711,20,327,30
638,22,327,30
502,0,328,30
538,0,328,30
740,0,328,30
903,0,328,30
154,1,328,30
434,1,328,30
490,1,328,30
715,1,328,30
797,1,328,30
834,1,328,30
874,1,328,30
899,1,328,30
273,2,328,30
325,2,328,30
407,2,328,30
598,2,328,30
660,2,328,30
696,3,328,30
839,3,328,30
875,3,328,30
415,4,328,30
460,4,328,30
536,4,328,30
637,4,328,30
748,4,328,30
938,4,328,30
217,5,328,30
616,5,328,30
907,6,328,30
165,7,328,30
333,7,328,30
565,7,328,30
876,7,328,30
918,7,328,30
186,8,328,30
710,8,328,30
602,10,328,30
167,11,328,30
385,11,328,30
919,11,328,30
466,12,328,30
650,12,328,30
766,12,328,30
644,13,328,30
667,13,328,30
872,14,328,30
233,16,328,30
130,17,328,30
487,20,328,30
564,20,328,30
743,23,328,30
110,25,328,30
129,0,329,30
272,0,329,30
406,0,329,30
643,0,329,30
709,0,329,30
742,0,329,30
833,0,329,30
902,0,329,30
937,0,329,30
153,1,329,30
185,1,329,30
216,1,329,30
537,1,329,30
615,1,329,30
636,1,329,30
873,1,329,30
109,2,329,30
332,2,329,30
489,2,329,30
666,2,329,30
232,3,329,30
384,3,329,30
414,3,329,30
739,3,329,30
838,3,329,30
875,3,329,30
501,4,329,30
747,4,329,30
918,4,329,30
164,5,329,30
459,5,329,30
535,5,329,30
714,5,329,30
796,5,329,30
874,5,329,30
917,5,329,30
166,6,329,30
564,6,329,30
765,6,329,30
898,6,329,30
486,7,329,30
871,8,329,30
906,10,329,30
465,12,329,30
433,16,329,30
695,16,329,30
597,17,329,30
601,18,329,30
649,18,329,30
324,19,329,30
563,23,329,30
658,0,330,30
832,0,330,30
917,0,330,30
936,0,330,30
432,1,330,30
458,1,330,30
534,1,330,30
536,1,330,30
614,1,330,30
635,1,330,30
870,1,330,30
874,1,330,30
694,2,330,30
271,3,330,30
323,3,330,30
383,3,330,30
485,3,330,30
563,3,330,30
215,4,330,30
741,4,330,30
916,4,330,30
648,5,330,30
713,5,330,30
331,6,330,30
488,6,330,30
897,6,330,30
108,7,330,30
152,7,330,30
562,7,330,30
872,7,330,30
873,7,330,30
905,7,330,30
746,8,330,30
764,8,330,30
165,9,330,30
184,9,330,30
642,9,330,30
128,10,330,30
464,10,330,30
901,10,330,30
500,11,330,30
665,11,330,30
738,13,330,30
596,15,330,30
405,16,330,30
163,19,330,30
231,19,330,30
413,19,330,30
795,23,330,30
837,26,330,30
164,0,331,30
412,0,331,30
431,0,331,30
647,0,331,30
745,0,331,30
831,0,331,30
904,0,331,30
935,0,331,30
127,1,331,30
214,1,331,30
533,1,331,30
763,1,331,30
873,1,331,30
915,1,331,30
641,2,331,30
657,2,331,30
487,3,331,30
562,3,331,30
270,4,331,30
599,4,331,30
737,4,331,30
740,4,331,30
869,4,331,30
916,4,331,30
330,5,331,30
707,5,331,30
900,5,331,30
107,6,331,30
183,6,331,30
404,6,331,30
693,6,331,30
382,7,331,30
836,7,331,30
871,7,331,30
872,7,331,30
463,8,331,30
664,8,331,30
896,8,331,30
613,9,331,30
151,10,331,30
162,10,331,30
322,10,331,30
499,10,331,30
712,10,331,30
457,12,331,30
561,12,331,30
484,14,331,30
794,15,331,30
230,18,331,30
634,20,331,30
535,23,331,30
161,0,332,30
213,0,332,30
269,0,332,30
903,0,332,30
150,1,332,30
532,1,332,30
534,1,332,30
870,1,332,30
899,1,332,30
321,2,332,30
656,2,332,30
736,2,332,30
793,2,332,30
934,2,332,30
163,3,332,30
692,3,332,30
739,3,332,30
744,3,332,30
762,3,332,30
835,3,332,30
895,3,332,30
915,3,332,30
456,4,332,30
498,4,332,30
594,4,332,30
598,4,332,30
706,4,332,30
871,4,332,30
430,5,332,30
663,5,332,30
106,6,332,30
381,6,332,30
229,8,332,30
462,9,332,30
640,9,332,30
914,9,332,30
868,10,332,30
126,11,332,30
561,11,332,30
403,12,332,30
411,12,332,30
560,12,332,30
633,12,332,30
872,13,332,30
483,14,332,30
646,16,332,30
182,20,332,30
486,22,332,30
830,24,332,30
612,25,332,30
329,26,332,30
711,27,332,30
160,0,333,30
268,0,333,30
380,0,333,30
410,0,333,30
632,0,333,30
645,0,333,30
829,0,333,30
894,0,333,30
902,0,333,30
125,1,333,30
533,1,333,30
655,1,333,30
867,1,333,30
212,2,333,30
320,2,333,30
735,2,333,30
792,2,333,30
105,3,333,30
228,3,333,30
485,3,333,30
497,3,333,30
743,3,333,30
834,3,333,30
913,3,333,30
328,4,333,30
482,4,333,30
593,4,333,30
869,4,333,30
871,4,333,30
162,5,333,30
181,5,333,30
662,5,333,30
914,5,333,30
933,5,333,30
149,7,333,30
455,7,333,30
402,8,333,30
639,9,333,30
710,10,333,30
898,10,333,30
559,11,333,30
761,11,333,30
429,12,333,30
560,12,333,30
870,12,333,30
611,13,333,30
738,13,333,30
461,14,333,30
531,16,333,30
691,19,333,30
597,20,333,30
161,0,334,30
379,0,334,30
460,0,334,30
631,0,334,30
638,0,334,30
704,0,334,30
742,0,334,30
833,0,334,30
866,0,334,30
913,0,334,30
159,1,334,30
530,1,334,30
532,1,334,30
592,1,334,30
661,1,334,30
870,1,334,30
901,1,334,30
180,2,334,30
428,2,334,30
104,3,334,30
211,3,334,30
267,3,334,30
319,3,334,30
401,3,334,30
897,3,334,30
327,4,334,30
484,4,334,30
737,4,334,30
869,4,334,30
912,4,334,30
409,5,334,30
454,5,334,30
148,6,334,30
558,6,334,30
690,8,334,30
868,10,334,30
481,12,334,30
596,12,334,30
760,12,334,30
932,12,334,30
644,13,334,30
124,14,334,30
709,15,334,30
654,16,334,30
496,17,334,30
734,17,334,30
893,18,334,30
828,20,334,30
559,22,334,30
227,25,334,30
610,27,334,30
160,0,335,30
326,0,335,30
459,0,335,30
557,0,335,30
595,0,335,30
643,0,335,30
832,0,335,30
892,0,335,30
911,0,335,30
867,1,335,30
495,2,335,30
591,2,335,30
609,2,335,30
759,2,335,30
900,2,335,30
653,3,335,30
741,3,335,30
931,3,335,30
637,4,335,30
733,4,335,30
869,4,335,30
912,4,335,30
103,5,335,30
226,5,335,30
318,5,335,30
453,5,335,30
480,5,335,30
736,5,335,30
378,6,335,30
531,6,335,30
558,6,335,30
408,7,335,30
483,7,335,30
400,8,335,30
529,8,335,30
689,8,335,30
896,8,335,30
708,10,335,30
868,10,335,30
703,13,335,30
210,15,335,30
266,15,335,30
660,15,335,30
827,16,335,30
123,18,335,30
427,20,335,30
790,22,335,30
158,24,335,30
179,24,335,30
630,24,335,30
147,28,335,30
225,0,336,30
479,0,336,30
557,0,336,30
629,0,336,30
740,0,336,30
831,0,336,30
866,0,336,30
911,0,336,30
157,1,336,30
159,1,336,30
452,1,336,30
458,1,336,30
530,1,336,30
707,1,336,30
732,1,336,30
864,1,336,30
867,1,336,30
899,1,336,30
146,2,336,30
377,2,336,30
494,2,336,30
556,2,336,30
528,3,336,30
608,3,336,30
758,3,336,30
891,3,336,30
910,3,336,30
265,4,336,30
482,4,336,30
594,4,336,30
688,4,336,30
102,5,336,30
317,5,336,30
122,6,336,30
325,6,336,30
789,6,336,30
826,8,336,30
895,8,336,30
642,9,336,30
590,10,336,30
399,12,336,30
930,12,336,30
636,13,336,30
209,14,336,30
407,15,336,30
659,15,336,30
178,16,336,30
426,19,336,30
868,20,336,30
735,21,336,30
702,23,336,30
652,25,336,30
376,0,337,30
406,0,337,30
478,0,337,30
589,0,337,30
628,0,337,30
866,0,337,30
121,1,337,30
156,1,337,30
527,1,337,30
555,1,337,30
706,1,337,30
731,1,337,30
867,1,337,30
224,2,337,30
493,2,337,30
641,2,337,30
894,2,337,30
909,2,337,30
635,3,337,30
863,3,337,30
398,4,337,30
593,4,337,30
739,4,337,30
101,5,337,30
145,5,337,30
607,5,337,30
788,5,337,30
830,5,337,30
457,6,337,30
757,6,337,30
890,6,337,30
898,6,337,30
316,7,337,30
481,7,337,30
556,7,337,30
701,7,337,30
825,10,337,30
451,11,337,30
529,12,337,30
651,12,337,30
264,14,337,30
208,15,337,30
658,15,337,30
734,16,337,30
865,17,337,30
324,19,337,30
425,20,337,30
687,22,337,30
177,25,337,30
144,0,338,30
323,0,338,30
450,0,338,30
456,0,338,30
588,0,338,30
627,0,338,30
824,0,338,30
829,0,338,30
866,0,338,30
100,1,338,30
315,1,338,30
640,1,338,30
705,1,338,30
730,1,338,30
864,1,338,30
176,2,338,30
375,2,338,30
554,2,338,30
908,2,338,30
528,3,338,30
555,3,338,30
897,3,338,30
397,4,338,30
477,4,338,30
480,5,338,30
492,5,338,30
686,5,338,30
606,6,338,30
756,6,338,30
223,7,338,30
787,7,338,30
405,8,338,30
592,9,338,30
700,9,338,30
862,9,338,30
928,9,338,30
157,10,338,30
526,10,338,30
865,11,338,30
650,12,338,30
155,13,338,30
120,14,338,30
733,14,338,30
657,15,338,30
207,16,338,30
889,18,338,30
634,20,338,30
909,21,338,30
893,22,338,30
263,25,338,30
738,25,338,30
424,29,338,30
262,0,339,30
455,0,339,30
479,0,339,30
605,0,339,30
704,0,339,30
99,1,339,30
154,1,339,30
527,1,339,30
729,1,339,30
786,1,339,30
861,1,339,30
314,2,339,30
863,2,339,30
892,2,339,30
907,2,339,30
999,2,339,30
476,3,339,30
639,3,339,30
374,4,339,30
737,4,339,30
896,4,339,30
396,5,339,30
404,5,339,30
449,5,339,30
491,5,339,30
828,5,339,30
888,5,339,30
908,5,339,30
423,6,339,30
649,6,339,30
656,6,339,30
553,7,339,30
156,8,339,30
119,9,339,30
554,9,339,30
587,9,339,30
685,9,339,30
755,10,339,30
222,11,339,30
732,11,339,30
143,12,339,30
525,12,339,30
633,12,339,30
927,12,339,30
864,13,339,30
823,15,339,30
175,16,339,30
206,16,339,30
865,17,339,30
322,21,339,30
699,21,339,30
626,25,339,30
313,0,340,30
395,0,340,30
478,0,340,30
625,0,340,30
632,0,340,30
638,0,340,30
728,0,340,30
822,0,340,30
998,0,340,30
118,1,340,30
142,1,340,30
153,1,340,30
174,1,340,30
373,1,340,30
524,1,340,30
604,1,340,30
655,1,340,30
785,1,340,30
864,1,340,30
155,2,340,30
261,2,340,30
321,2,340,30
754,2,340,30
703,3,340,30
863,3,340,30
891,3,340,30
221,4,340,30
422,4,340,30
475,4,340,30
698,4,340,30
98,5,340,30
205,5,340,30
736,5,340,30
454,6,340,30
907,6,340,30
403,7,340,30
490,7,340,30
648,7,340,30
586,8,340,30
731,8,340,30
860,8,340,30
553,9,340,30
827,9,340,30
862,9,340,30
590,10,340,30
895,10,340,30
906,12,340,30
448,14,340,30
552,14,340,30
887,21,340,30
926,22,340,30
526,23,340,30
97,0,341,30
117,0,341,30
204,0,341,30
589,0,341,30
631,0,341,30
697,0,341,30
784,0,341,30
826,0,341,30
890,0,341,30
894,0,341,30
997,0,341,30
173,1,341,30
861,1,341,30
320,2,341,30
654,2,341,30
683,2,341,30
372,3,341,30
474,3,341,30
585,3,341,30
220,4,341,30
260,4,341,30
637,4,341,30
862,4,341,30
477,5,341,30
702,5,341,30
730,5,341,30
753,5,341,30
925,5,341,30
523,6,341,30
624,6,341,30
402,7,341,30
489,7,341,30
821,7,341,30
859,7,341,30
905,7,341,30
154,8,341,30
551,8,341,30
727,8,341,30
152,9,341,30
453,9,341,30
141,11,341,30
394,11,341,30
863,11,341,30
906,12,341,30
421,13,341,30
312,14,341,30
552,14,341,30
647,15,341,30
735,19,341,30
886,21,341,30
447,22,341,30
525,24,341,30
603,28,341,30
140,0,342,30
172,0,342,30
219,0,342,30
393,0,342,30
446,0,342,30
473,0,342,30
588,0,342,30
623,0,342,30
820,0,342,30
889,0,342,30
602,1,342,30
752,1,342,30
858,1,342,30
116,2,342,30
203,2,342,30
371,2,342,30
420,2,342,30
550,2,342,30
825,2,342,30
319,3,342,30
551,3,342,30
682,3,342,30
696,3,342,30
488,4,342,30
524,4,342,30
653,4,342,30
726,4,342,30
259,5,342,30
401,5,342,30
729,5,342,30
476,6,342,30
783,6,342,30
96,7,342,30
522,7,342,30
885,7,342,30
996,7,342,30
311,8,342,30
860,8,342,30
862,9,342,30
151,10,342,30
701,10,342,30
584,11,342,30
904,13,342,30
905,13,342,30
636,15,342,30
646,16,342,30
734,16,342,30
153,17,342,30
893,18,342,30
861,23,342,30
630,24,342,30
452,25,342,30
139,0,343,30
150,0,343,30
152,0,343,30
370,0,343,30
445,0,343,30
472,0,343,30
475,0,343,30
550,0,343,30
629,0,343,30
751,0,343,30
819,0,343,30
859,0,343,30
888,0,343,30
892,0,343,30
923,0,343,30
218,1,343,30
861,1,343,30
171,2,343,30
202,2,343,30
392,2,343,30
549,2,343,30
583,2,343,30
601,2,343,30
995,2,343,30
487,3,343,30
824,3,343,30
860,3,343,30
400,4,343,30
521,4,343,30
523,4,343,30
652,4,343,30
681,4,343,30
733,4,343,30
904,4,343,30
258,5,343,30
419,5,343,30
725,5,343,30
318,6,343,30
622,6,343,30
782,6,343,30
95,7,343,30
115,7,343,30
728,7,343,30
635,8,343,30
695,9,343,30
700,9,343,30
884,10,343,30
903,10,343,30
451,11,343,30
857,12,343,30
310,13,343,30
587,13,343,30
645,13,343,30
94,0,344,30
138,0,344,30
149,0,344,30
391,0,344,30
471,0,344,30
549,0,344,30
586,0,344,30
600,0,344,30
628,0,344,30
694,0,344,30
750,0,344,30
781,0,344,30
887,0,344,30
444,1,344,30
732,1,344,30
858,1,344,30
369,2,344,30
520,2,344,30
522,2,344,30
724,2,344,30
114,3,344,30
450,3,344,30
474,3,344,30
699,3,344,30
856,3,344,30
860,3,344,30
170,4,344,30
548,4,344,30
903,4,344,30
922,4,344,30
217,5,344,30
418,5,344,30
680,5,344,30
883,5,344,30
621,6,344,30
902,6,344,30
309,7,344,30
582,8,344,30
823,8,344,30
859,8,344,30
151,10,344,30
399,12,344,30
644,13,344,30
257,16,344,30
317,18,344,30
486,18,344,30
651,18,344,30
994,18,344,30
201,20,344,30
634,20,344,30
727,20,344,30
891,20,344,30
316,0,345,30
417,0,345,30
627,0,345,30
643,0,345,30
693,0,345,30
780,0,345,30
822,0,345,30
859,0,345,30
886,0,345,30
890,0,345,30
921,0,345,30
150,1,345,30
521,1,345,30
731,1,345,30
858,1,345,30
216,2,345,30
599,2,345,30
723,2,345,30
857,2,345,30
902,2,345,30
993,2,345,30
169,3,345,30
726,3,345,30
855,3,345,30
882,3,345,30
398,4,345,30
443,4,345,30
519,4,345,30
548,4,345,30
679,4,345,30
698,4,345,30
93,6,345,30
113,6,345,30
585,6,345,30
148,8,345,30
368,8,345,30
581,8,345,30
137,9,345,30
473,9,345,30
547,10,345,30
901,10,345,30
256,11,345,30
620,11,345,30
200,12,345,30
485,12,345,30
470,13,345,30
749,13,345,30
308,14,345,30
390,15,345,30
449,15,345,30
650,18,345,30
817,25,345,30
215,0,346,30
367,0,346,30
389,0,346,30
580,0,346,30
584,0,346,30
697,0,346,30
748,0,346,30
854,0,346,30
889,0,346,30
472,1,346,30
518,1,346,30
730,1,346,30
856,1,346,30
858,1,346,30
901,1,346,30
416,2,346,30
520,2,346,30
598,2,346,30
678,2,346,30
722,2,346,30
857,2,346,30
885,2,346,30
900,2,346,30
992,2,346,30
692,3,346,30
112,4,346,30
307,4,346,30
397,4,346,30
484,4,346,30
546,4,346,30
315,5,346,30
619,5,346,30
92,6,346,30
649,6,346,30
816,6,346,30
442,7,346,30
448,7,346,30
725,7,346,30
821,7,346,30
632,8,346,30
920,8,346,30
149,10,346,30
469,10,346,30
881,10,346,30
168,11,346,30
136,14,346,30
642,15,346,30
779,15,346,30
199,16,346,30
147,19,346,30
547,20,346,30
255,21,346,30
626,24,346,30
91,0,347,30
545,0,347,30
583,0,347,30
625,0,347,30
677,0,347,30
820,0,347,30
880,0,347,30
888,0,347,30
111,1,347,30
254,1,347,30
517,1,347,30
729,1,347,30
853,1,347,30
855,1,347,30
856,1,347,30
899,1,347,30
415,2,347,30
468,2,347,30
721,2,347,30
724,2,347,30
991,2,347,30
314,3,347,30
471,3,347,30
167,4,347,30
366,4,347,30
579,4,347,30
691,4,347,30
884,4,347,30
519,5,347,30
900,5,347,30
198,6,347,30
214,6,347,30
306,6,347,30
396,6,347,30
441,6,347,30
696,6,347,30
747,6,347,30
815,7,347,30
146,8,347,30
483,8,347,30
631,9,347,30
618,11,347,30
919,11,347,30
857,12,347,30
135,14,347,30
778,16,347,30
148,18,347,30
597,20,347,30
641,20,347,30
388,21,347,30
447,22,347,30
546,24,347,30
90,0,348,30
110,0,348,30
213,0,348,30
440,0,348,30
446,0,348,30
482,0,348,30
728,0,348,30
819,0,348,30
887,0,348,30
253,1,348,30
470,1,348,30
516,1,348,30
544,1,348,30
640,1,348,30
676,1,348,30
720,1,348,30
723,1,348,30
855,1,348,30
899,1,348,30
467,2,348,30
624,2,348,30
578,3,348,30
856,3,348,30
879,3,348,30
134,4,348,30
166,4,348,30
305,4,348,30
313,4,348,30
395,4,348,30
617,4,348,30
777,4,348,30
918,4,348,30
545,5,348,30
596,5,348,30
414,6,348,30
814,6,348,30
746,7,348,30
990,7,348,30
582,8,348,30
690,8,348,30
695,9,348,30
883,9,348,30
197,10,348,30
647,10,348,30
898,10,348,30
145,14,348,30
854,17,348,30
387,22,348,30
365,26,348,30
518,26,348,30
147,28,348,30
630,28,348,30
144,0,349,30
196,0,349,30
439,0,349,30
445,0,349,30
481,0,349,30
595,0,349,30
629,0,349,30
854,0,349,30
886,0,349,30
989,0,349,30
89,1,349,30
109,1,349,30
543,1,349,30
544,1,349,30
851,1,349,30
853,1,349,30
133,2,349,30
694,2,349,30
722,2,349,30
745,2,349,30
394,3,349,30
719,3,349,30
776,3,349,30
855,3,349,30
882,3,349,30
646,4,349,30
813,4,349,30
212,5,349,30
252,5,349,30
312,5,349,30
616,5,349,30
364,7,349,30
878,7,349,30
581,8,349,30
689,8,349,30
727,8,349,30
917,8,349,30
165,9,349,30
304,9,349,30
517,9,349,30
623,9,349,30
639,9,349,30
146,10,349,30
577,10,349,30
898,10,349,30
386,13,349,30
515,13,349,30
413,14,349,30
675,16,349,30
466,18,349,30
469,24,349,30
897,24,349,30
818,29,349,30
108,0,350,30
132,0,350,30
164,0,350,30
412,0,350,30
542,0,350,30
580,0,350,30
628,0,350,30
638,0,350,30
645,0,350,30
775,0,350,30
812,0,350,30
854,0,350,30
145,1,350,30
251,1,350,30
303,1,350,30
444,1,350,30
465,1,350,30
543,1,350,30
622,1,350,30
718,1,350,30
744,1,350,30
817,1,350,30
721,2,350,30
885,2,350,30
916,2,350,30
211,3,350,30
393,3,350,30
438,3,350,30
514,3,350,30
516,3,350,30
726,3,350,30
897,3,350,30
143,4,350,30
468,4,350,30
594,4,350,30
688,4,350,30
311,5,350,30
850,6,350,30
877,6,350,30
88,7,350,30
881,7,350,30
853,9,350,30
852,10,350,30
385,11,350,30
615,13,350,30
693,13,350,30
896,13,350,30
195,15,350,30
363,17,350,30
988,20,350,30
480,28,350,30
674,29,350,30
144,0,351,30
479,0,351,30
542,0,351,30
575,0,351,30
627,0,351,30
851,0,351,30
87,1,351,30
142,1,351,30
302,1,351,30
720,1,351,30
811,1,351,30
816,1,351,30
849,1,351,30
915,1,351,30
392,2,351,30
464,2,351,30
515,2,351,30
131,3,351,30
250,3,351,30
384,3,351,30
437,3,351,30
513,3,351,30
687,3,351,30
895,3,351,30
210,4,351,30
593,4,351,30
637,4,351,30
987,4,351,30
194,5,351,30
880,5,351,30
107,6,351,30
579,6,351,30
614,6,351,30
673,6,351,30
876,6,351,30
725,7,351,30
163,8,351,30
411,8,351,30
541,8,351,30
896,8,351,30
853,9,351,30
884,10,351,30
467,11,351,30
717,11,351,30
310,12,351,30
644,13,351,30
743,13,351,30
774,13,351,30
362,14,351,30
443,15,351,30
692,15,351,30
852,19,351,30
621,23,351,30
193,0,352,30
209,0,352,30
391,0,352,30
410,0,352,30
478,0,352,30
540,0,352,30
574,0,352,30
592,0,352,30
672,0,352,30
716,0,352,30
742,0,352,30
815,0,352,30
851,0,352,30
894,0,352,30
578,2,352,30
719,2,352,30
914,2,352,30
86,3,352,30
383,3,352,30
514,3,352,30
875,3,352,30
879,3,352,30
141,4,352,30
143,4,352,30
436,4,352,30
691,4,352,30
810,4,352,30
249,5,352,30
361,5,352,30
850,5,352,30
883,5,352,30
106,6,352,30
643,6,352,30
848,7,352,30
541,8,352,30
895,8,352,30
463,9,352,30
613,9,352,30
773,9,352,30
162,10,352,30
301,10,352,30
309,10,352,30
852,10,352,30
620,11,352,30
636,13,352,30
986,14,352,30
686,15,352,30
130,16,352,30
466,18,352,30
512,18,352,30
442,21,352,30
724,22,352,30
626,24,352,30
105,0,353,30
129,0,353,30
161,0,353,30
360,0,353,30
539,0,353,30
625,0,353,30
851,0,353,30
913,0,353,30
685,1,353,30
715,1,353,30
718,1,353,30
874,1,353,30
882,1,353,30
248,2,353,30
85,3,353,30
511,3,353,30
513,3,353,30
591,3,353,30
741,3,353,30
142,4,353,30
192,4,353,30
540,4,353,30
878,4,353,30
409,5,353,30
619,5,353,30
723,5,353,30
465,6,353,30
814,6,353,30
847,7,353,30
849,7,353,30
894,8,353,30
441,9,353,30
462,9,353,30
850,9,353,30
382,10,353,30
140,11,353,30
477,11,353,30
300,12,353,30
573,12,353,30
642,12,353,30
772,13,353,30
985,16,353,30
208,17,353,30
893,17,353,30
308,18,353,30
690,18,353,30
577,19,353,30
390,21,353,30
435,21,353,30
612,25,353,30
635,25,353,30
160,0,354,30
191,0,354,30
307,0,354,30
359,0,354,30
389,0,354,30
538,0,354,30
684,0,354,30
740,0,354,30
808,0,354,30
434,1,354,30
576,1,354,30
618,1,354,30
873,1,354,30
104,2,354,30
624,2,354,30
641,2,354,30
84,3,354,30
299,3,354,30
408,3,354,30
510,3,354,30
771,3,354,30
849,3,354,30
141,4,354,30
440,4,354,30
461,4,354,30
670,4,354,30
813,4,354,30
850,4,354,30
912,4,354,30
381,5,354,30
714,5,354,30
892,5,354,30
476,6,354,30
722,6,354,30
877,6,354,30
247,7,354,30
539,7,354,30
717,7,354,30
848,7,354,30
881,7,354,30
512,9,354,30
464,10,354,30
689,10,354,30
984,10,354,30
128,11,354,30
572,11,354,30
207,12,354,30
590,12,354,30
846,12,354,30
611,13,354,30
893,17,354,30
139,20,354,30
306,0,355,30
380,0,355,30
433,0,355,30
475,0,355,30
509,0,355,30
571,0,355,30
683,0,355,30
880,0,355,30
911,0,355,30
159,1,355,30
610,1,355,30
807,1,355,30
713,2,355,30
892,2,355,30
983,2,355,30
511,3,355,30
770,3,355,30
849,3,355,30
206,4,355,30
298,4,355,30
358,4,355,30
460,4,355,30
617,4,355,30
688,4,355,30
812,4,355,30
127,5,355,30
190,5,355,30
575,5,355,30
716,5,355,30
83,6,355,30
640,6,355,30
876,6,355,30
138,7,355,30
847,7,355,30
872,7,355,30
246,8,355,30
463,8,355,30
739,8,355,30
623,9,355,30
848,9,355,30
669,10,355,30
140,11,355,30
537,12,355,30
721,12,355,30
388,13,355,30
845,13,355,30
439,14,355,30
103,15,355,30
407,16,355,30
589,16,355,30
538,17,355,30
891,24,355,30
189,0,356,30
379,0,356,30
632,0,356,30
462,1,356,30
609,1,356,30
811,1,356,30
297,2,356,30
459,2,356,30
588,2,356,30
879,2,356,30
982,2,356,30
474,3,356,30
510,3,356,30
682,3,356,30
712,3,356,30
769,3,356,30
875,3,356,30
137,4,356,30
139,4,356,30
438,4,356,30
574,4,356,30
245,5,356,30
508,5,356,30
616,5,356,30
715,5,356,30
570,6,356,30
720,6,356,30
158,7,356,30
357,7,356,30
668,7,356,30
844,7,356,30
848,7,356,30
871,7,356,30
891,7,356,30
102,8,356,30
305,9,356,30
639,9,356,30
847,9,356,30
406,10,356,30
82,12,356,30
387,12,356,30
537,12,356,30
622,12,356,30
846,12,356,30
126,15,356,30
890,15,356,30
806,17,356,30
432,18,356,30
536,18,356,30
738,24,356,30
101,0,357,30
188,0,357,30
473,0,357,30
507,0,357,30
631,0,357,30
638,0,357,30
378,1,357,30
458,1,357,30
615,1,357,30
874,1,357,30
889,1,357,30
81,2,357,30
244,2,357,30
587,2,357,30
719,2,357,30
805,2,357,30
909,2,357,30
573,3,357,30
768,3,357,30
810,3,357,30
870,3,357,30
204,4,357,30
296,4,357,30
356,4,357,30
437,4,357,30
461,4,357,30
536,4,357,30
737,4,357,30
138,5,357,30
714,5,357,30
845,5,357,30
667,6,357,30
890,6,357,30
136,7,357,30
569,7,357,30
847,7,357,30
878,7,357,30
509,8,357,30
304,9,357,30
621,9,357,30
535,10,357,30
608,10,357,30
843,10,357,30
431,11,357,30
846,12,357,30
125,14,357,30
981,14,357,30
686,15,357,30
405,16,357,30
681,21,357,30
711,27,357,30
80,0,358,30
460,0,358,30
472,0,358,30
713,0,358,30
614,1,358,30
685,1,358,30
718,1,358,30
873,1,358,30
203,2,358,30
295,2,358,30
534,2,358,30
908,2,358,30
100,3,358,30
572,3,358,30
767,3,358,30
889,3,358,30
187,4,358,30
355,4,358,30
436,4,358,30
637,4,358,30
869,4,358,30
135,5,358,30
404,5,358,30
607,5,358,30
736,5,358,30
845,5,358,30
888,5,358,30
980,5,358,30
137,6,358,30
156,6,358,30
457,6,358,30
568,6,358,30
124,7,358,30
430,7,358,30
844,7,358,30
877,8,358,30
303,9,358,30
377,10,358,30
535,10,358,30
710,10,358,30
586,11,358,30
666,12,358,30
846,12,358,30
804,13,358,30
243,14,358,30
620,15,358,30
385,16,358,30
630,20,358,30
680,20,358,30
508,21,358,30
842,23,358,30
155,0,359,30
186,0,359,30
376,0,359,30
456,0,359,30
459,0,359,30
471,0,359,30
571,0,359,30
629,0,359,30
684,0,359,30
709,0,359,30
636,1,359,30
979,1,359,30
202,2,359,30
294,2,359,30
534,2,359,30
843,2,359,30
907,2,359,30
242,3,359,30
384,3,359,30
766,3,359,30
803,3,359,30
99,4,359,30
123,4,359,30
679,4,359,30
808,4,359,30
134,5,359,30
302,5,359,30
845,5,359,30
665,6,359,30
507,7,359,30
872,7,359,30
79,8,359,30
606,8,359,30
735,8,359,30
533,9,359,30
613,9,359,30
567,10,359,30
717,11,359,30
354,12,359,30
429,12,359,30
888,12,359,30
505,13,359,30
136,14,359,30
868,15,359,30
619,16,359,30
403,17,359,30
585,18,359,30
876,18,359,30
841,20,359,30
887,21,359,30
435,24,359,30
301,0,360,30
455,0,360,30
605,0,360,30
628,0,360,30
683,0,360,30
716,0,360,30
765,0,360,30
840,0,360,30
185,1,360,30
434,1,360,30
458,1,360,30
504,1,360,30
618,1,360,30
635,1,360,30
867,1,360,30
78,2,360,30
133,2,360,30
428,2,360,30
532,2,360,30
678,2,360,30
708,2,360,30
842,2,360,30
98,3,360,30
241,3,360,30
383,3,360,30
802,3,360,30
807,3,360,30
871,4,360,30
375,6,360,30
570,6,360,30
122,7,360,30
154,7,360,30
566,8,360,30
402,9,360,30
533,9,360,30
293,10,360,30
353,11,360,30
875,11,360,30
135,13,360,30
201,13,360,30
906,13,360,30
470,15,360,30
843,15,360,30
506,17,360,30
734,17,360,30
584,18,360,30
664,19,360,30
886,21,360,30
887,21,360,30
978,21,360,30
711,25,360,30
844,27,360,30
97,0,361,30
132,0,361,30
300,0,361,30
433,0,361,30
627,0,361,30
677,0,361,30
764,0,361,30
801,0,361,30
427,1,361,30
503,1,361,30
707,1,361,30
710,1,361,30
886,1,361,30
184,2,361,30
240,2,361,30
531,2,361,30
532,2,361,30
885,2,361,30
839,3,361,30
977,3,361,30
121,4,361,30
382,4,361,30
617,4,361,30
454,5,361,30
715,5,361,30
874,5,361,30
457,6,361,30
469,6,361,30
841,6,361,30
292,7,361,30
583,7,361,30
733,7,361,30
905,7,361,30
569,8,361,30
352,10,361,30
401,10,361,30
134,11,361,30
200,12,361,30
565,12,361,30
682,12,361,30
870,12,361,30
611,13,361,30
843,15,361,30
77,19,361,30
663,19,361,30
806,19,361,30
505,20,361,30
153,22,361,30
866,22,361,30
842,23,361,30
374,26,361,30
634,29,361,30
152,0,362,30
373,0,362,30
456,0,362,30
530,0,362,30
706,0,362,30
709,0,362,30
763,0,362,30
426,1,362,30
432,1,362,30
502,1,362,30
800,1,362,30
351,2,362,30
468,2,362,30
531,2,362,30
885,2,362,30
904,2,362,30
676,3,362,30
838,3,362,30
239,4,362,30
291,4,362,30
400,4,362,30
504,4,362,30
976,4,362,30
381,5,362,30
453,5,362,30
582,5,362,30
714,5,362,30
76,6,362,30
564,6,362,30
568,6,362,30
626,6,362,30
96,7,362,30
732,7,362,30
840,7,362,30
873,7,362,30
120,8,362,30
662,9,362,30
869,10,362,30
133,11,362,30
616,11,362,30
633,12,362,30
299,13,362,30
841,14,362,30
131,15,362,30
603,15,362,30
884,15,362,30
199,16,362,30
681,16,362,30
842,17,362,30
865,17,362,30
610,19,362,30
805,19,362,30
132,0,363,30
455,0,363,30
530,0,363,30
625,0,363,30
680,0,363,30
713,0,363,30
840,0,363,30
452,1,363,30
501,1,363,30
602,1,363,30
615,1,363,30
661,1,363,30
705,1,363,30
198,2,363,30
350,2,363,30
467,2,363,30
503,2,363,30
708,2,363,30
883,2,363,30
151,3,363,30
372,3,363,30
399,3,363,30
567,3,363,30
762,3,363,30
238,4,363,30
298,4,363,30
884,4,363,30
380,5,363,30
563,5,363,30
581,5,363,30
864,5,363,30
903,5,363,30
975,5,363,30
95,7,363,30
119,7,363,30
182,7,363,30
872,7,363,30
290,8,363,30
431,8,363,30
529,8,363,30
799,9,363,30
75,10,363,30
609,10,363,30
837,10,363,30
868,10,363,30
804,11,363,30
731,14,363,30
675,16,363,30
839,18,363,30
425,24,363,30
841,27,363,30
129,0,364,30
150,0,364,30
502,0,364,30
580,0,364,30
679,0,364,30
704,0,364,30
730,0,364,30
840,0,364,30
74,1,364,30
118,1,364,30
181,1,364,30
500,1,364,30
614,1,364,30
882,1,364,30
289,2,364,30
297,2,364,30
601,2,364,30
660,2,364,30
863,2,364,30
883,2,364,30
131,3,364,30
349,3,364,30
371,3,364,30
528,3,364,30
608,3,364,30
237,4,364,30
398,4,364,30
839,4,364,30
871,4,364,30
707,5,364,30
624,6,364,30
798,6,364,30
94,7,364,30
430,7,364,30
674,7,364,30
902,7,364,30
424,8,364,30
529,8,364,30
379,9,364,30
631,9,364,30
803,9,364,30
197,10,364,30
712,10,364,30
761,10,364,30
867,10,364,30
974,10,364,30
836,11,364,30
454,12,364,30
466,12,364,30
562,13,364,30
451,15,364,30
838,16,364,30
566,18,364,30
117,0,365,30
149,0,365,30
236,0,365,30
450,0,365,30
600,0,365,30
623,0,365,30
706,0,365,30
760,0,365,30
866,0,365,30
499,1,365,30
797,1,365,30
870,1,365,30
128,2,365,30
397,2,365,30
423,2,365,30
678,2,365,30
881,2,365,30
348,3,365,30
839,3,365,30
882,3,365,30
501,4,365,30
565,4,365,30
579,4,365,30
838,4,365,30
527,5,365,30
528,5,365,30
729,5,365,30
130,6,365,30
288,6,365,30
378,6,365,30
607,6,365,30
673,6,365,30
613,7,365,30
180,8,365,30
93,9,365,30
196,9,365,30
835,9,365,30
802,10,365,30
837,10,365,30
465,12,365,30
561,12,365,30
703,13,365,30
901,13,365,30
73,14,365,30
370,14,365,30
973,16,365,30
862,18,365,30
711,20,365,30
296,21,365,30
429,22,365,30
630,24,365,30
498,0,366,30
658,0,366,30
672,0,366,30
728,0,366,30
759,0,366,30
801,0,366,30
880,0,366,30
72,1,366,30
452,1,366,30
629,1,366,30
710,1,366,30
834,1,366,30
116,2,366,30
235,2,366,30
295,2,366,30
377,2,366,30
396,2,366,30
464,2,366,30
599,2,366,30
881,2,366,30
900,2,366,30
347,3,366,30
578,3,366,30
838,3,366,30
148,4,366,30
179,4,366,30
869,4,366,30
92,5,366,30
127,5,366,30
428,5,366,30
527,5,366,30
702,5,366,30
837,5,366,30
564,6,366,30
606,6,366,30
622,6,366,30
705,6,366,30
422,7,366,30
612,7,366,30
677,7,366,30
836,7,366,30
449,8,366,30
796,8,366,30
526,10,366,30
500,11,366,30
865,11,366,30
560,12,366,30
369,14,366,30
129,16,366,30
972,16,366,30
287,18,366,30
704,0,367,30
709,0,367,30
880,0,367,30
71,1,367,30
286,1,367,30
605,1,367,30
657,1,367,30
795,1,367,30
864,1,367,30
294,2,367,30
376,2,367,30
598,2,367,30
628,2,367,30
879,2,367,30
899,2,367,30
234,3,367,30
427,3,367,30
499,3,367,30
563,3,367,30
835,3,367,30
860,3,367,30
395,4,367,30
611,4,367,30
194,5,367,30
115,6,367,30
126,6,367,30
621,6,367,30
448,7,367,30
676,7,367,30
91,9,367,30
463,9,367,30
497,9,367,30
758,9,367,30
128,10,367,30
421,10,367,30
526,10,367,30
701,10,367,30
800,10,367,30
837,10,367,30
559,11,367,30
671,11,367,30
836,11,367,30
971,11,367,30
346,12,367,30
368,14,367,30
451,15,367,30
868,15,367,30
178,16,367,30
577,19,367,30
727,19,367,30
833,20,367,30
525,24,367,30
147,28,367,30
193,0,368,30
450,0,368,30
496,0,368,30
498,0,368,30
859,0,368,30
127,1,368,30
604,1,368,30
620,1,368,30
757,1,368,30
832,1,368,30
867,1,368,30
146,2,368,30
375,2,368,30
670,2,368,30
863,2,368,30
879,2,368,30
562,3,368,30
834,3,368,30
90,4,368,30
233,4,368,30
878,4,368,30
125,5,368,30
558,6,368,30
703,6,368,30
898,6,368,30
285,7,368,30
610,7,368,30
836,7,368,30
970,7,368,30
394,9,368,30
462,9,368,30
700,9,368,30
799,9,368,30
420,10,368,30
627,10,368,30
794,10,368,30
597,11,368,30
726,11,368,30
835,11,368,30
525,12,368,30
656,13,368,30
114,14,368,30
293,14,368,30
708,14,368,30
675,16,368,30
524,17,368,30
426,19,368,30
177,20,368,30
367,20,368,30
70,21,368,30
345,21,368,30
284,0,369,30
393,0,369,30
419,0,369,30
446,0,369,30
557,0,369,30
756,0,369,30
798,0,369,30
833,0,369,30
655,1,369,30
858,1,369,30
176,2,369,30
344,2,369,30
495,2,369,30
497,2,369,30
145,3,369,30
232,3,369,30
524,3,369,30
831,3,369,30
897,3,369,30
192,4,369,30
461,4,369,30
862,4,369,30
113,5,369,30
449,5,369,30
575,5,369,30
702,5,369,30
126,6,369,30
561,6,369,30
877,6,369,30
969,6,369,30
124,7,369,30
674,7,369,30
725,7,369,30
619,8,369,30
793,9,369,30
835,9,369,30
366,10,369,30
609,10,369,30
669,10,369,30
834,10,369,30
878,13,369,30
292,14,369,30
707,14,369,30
596,15,369,30
699,16,369,30
69,17,369,30
89,17,369,30
523,18,369,30
866,18,369,30
425,24,369,30
626,24,369,30
603,28,369,30
112,0,370,30
144,0,370,30
191,0,370,30
445,0,370,30
496,0,370,30
595,0,370,30
706,0,370,30
832,0,370,30
833,0,370,30
618,1,370,30
701,1,370,30
834,1,370,30
861,1,370,30
291,2,370,30
494,2,370,30
556,2,370,30
654,2,370,30
724,2,370,30
797,2,370,30
857,2,370,30
608,3,370,30
625,3,370,30
755,3,370,30
460,4,370,30
523,4,370,30
698,4,370,30
896,4,370,30
125,5,370,30
830,5,370,30
231,6,370,30
343,6,370,30
365,6,370,30
673,6,370,30
876,6,370,30
574,7,370,30
668,7,370,30
792,7,370,30
424,8,370,30
877,8,370,30
602,10,370,30
88,11,370,30
865,11,370,30
373,14,370,30
448,14,370,30
283,19,370,30
392,21,370,30
418,21,370,30
522,21,370,30
560,22,370,30
123,23,370,30
175,26,370,30
68,27,370,30
417,0,371,30
493,0,371,30
697,0,371,30
831,0,371,30
832,0,371,30
833,0,371,30
67,1,371,30
444,1,371,30
521,1,371,30
573,1,371,30
672,1,371,30
856,1,371,30
423,2,371,30
459,2,371,30
495,2,371,30
555,2,371,30
624,2,371,30
723,2,371,30
754,2,371,30
372,3,371,30
860,3,371,30
875,3,371,30
594,4,371,30
174,5,371,30
190,5,371,30
290,5,371,30
607,5,371,30
617,5,371,30
796,5,371,30
864,5,371,30
967,5,371,30
122,6,371,30
230,6,371,30
705,6,371,30
111,7,371,30
364,7,371,30
282,8,371,30
522,8,371,30
895,8,371,30
653,9,371,30
700,9,371,30
791,9,371,30
667,10,371,30
143,11,371,30
559,11,371,30
87,12,371,30
124,14,371,30
342,16,371,30
601,18,371,30
391,21,371,30
829,21,371,30
110,0,372,30
189,0,372,30
289,0,372,30
341,0,372,30
422,0,372,30
446,0,372,30
623,0,372,30
831,0,372,30
832,0,372,30
66,1,372,30
830,1,372,30
855,1,372,30
874,1,372,30
173,2,372,30
416,2,372,30
494,2,372,30
554,2,372,30
722,2,372,30
894,2,372,30
966,2,372,30
371,3,372,30
572,3,372,30
696,3,372,30
699,3,372,30
863,3,372,30
443,4,372,30
521,4,372,30
593,4,372,30
492,5,372,30
616,5,372,30
828,5,372,30
229,6,372,30
704,6,372,30
753,6,372,30
652,7,372,30
859,7,372,30
281,8,372,30
520,8,372,30
558,8,372,30
790,8,372,30
458,9,372,30
795,9,372,30
86,10,372,30
121,12,372,30
606,12,372,30
142,13,372,30
600,13,372,30
875,14,372,30
671,15,372,30
666,18,372,30
390,21,372,30
123,23,372,30
188,0,373,30
370,0,373,30
389,0,373,30
445,0,373,30
493,0,373,30
605,0,373,30
829,0,373,30
831,0,373,30
965,0,373,30
421,1,373,30
752,1,373,30
830,1,373,30
873,1,373,30
874,1,373,30
85,2,373,30
280,2,373,30
415,2,373,30
520,2,373,30
721,2,373,30
789,2,373,30
854,2,373,30
228,3,373,30
362,3,373,30
703,3,373,30
519,4,373,30
599,4,373,30
698,4,373,30
862,4,373,30
172,5,373,30
491,5,373,30
651,6,373,30
665,6,373,30
65,8,373,30
120,8,373,30
592,9,373,30
670,9,373,30
695,9,373,30
827,9,373,30
457,10,373,30
553,10,373,30
557,10,373,30
794,10,373,30
340,11,373,30
288,17,373,30
893,17,373,30
141,18,373,30
442,19,373,30
615,20,373,30
858,21,373,30
571,23,373,30
622,26,373,30
108,0,374,30
456,0,374,30
697,0,374,30
826,0,374,30
829,0,374,30
121,1,374,30
279,1,374,30
369,1,374,30
490,1,374,30
751,1,374,30
853,1,374,30
873,1,374,30
964,1,374,30
227,2,374,30
287,2,374,30
570,2,374,30
591,2,374,30
650,2,374,30
793,2,374,30
828,2,374,30
857,2,374,30
892,2,374,30
171,3,374,30
361,3,374,30
414,3,374,30
420,3,374,30
187,4,374,30
444,4,374,30
492,4,374,30
598,4,374,30
519,5,374,30
694,6,374,30
720,6,374,30
556,7,374,30
518,8,374,30
664,8,374,30
788,8,374,30
441,9,374,30
614,9,374,30
621,9,374,30
64,11,374,30
339,11,374,30
119,12,374,30
830,12,374,30
872,12,374,30
140,14,374,30
552,14,374,30
669,16,374,30
702,18,374,30
388,21,374,30
84,28,374,30
604,29,374,30
186,0,375,30
360,0,375,30
419,0,375,30
455,0,375,30
829,0,375,30
118,1,375,30
286,1,375,30
620,1,375,30
489,2,375,30
613,2,375,30
792,2,375,30
825,2,375,30
828,2,375,30
226,3,375,30
555,3,375,30
696,3,375,30
719,3,375,30
750,3,375,30
856,3,375,30
860,3,375,30
139,4,375,30
170,4,375,30
440,4,375,30
443,4,375,30
871,4,375,30
338,5,375,30
491,5,375,30
83,6,375,30
590,6,375,30
597,6,375,30
693,6,375,30
787,6,375,30
278,7,375,30
569,7,375,30
701,7,375,30
120,8,375,30
551,8,375,30
663,8,375,30
517,9,375,30
852,10,375,30
963,10,375,30
368,13,375,30
649,13,375,30
668,13,375,30
413,14,375,30
518,15,375,30
999,15,375,30
387,18,375,30
827,18,375,30
107,19,375,30
891,20,375,30
872,22,375,30
603,28,375,30
63,29,375,30
117,0,376,30
225,0,376,30
359,0,376,30
367,0,376,30
412,0,376,30
824,0,376,30
826,0,376,30
859,0,376,30
998,0,376,30
488,1,376,30
602,1,376,30
648,1,376,30
718,1,376,30
119,2,376,30
828,2,376,30
851,2,376,30
169,3,376,30
692,3,376,30
855,3,376,30
870,3,376,30
517,4,376,30
589,4,376,30
871,4,376,30
454,5,376,30
516,5,376,30
667,5,376,30
185,6,376,30
596,6,376,30
786,6,376,30
890,6,376,30
62,7,376,30
138,7,376,30
490,7,376,30
962,7,376,30
337,8,376,30
550,9,376,30
554,9,376,30
662,9,376,30
695,9,376,30
700,9,376,30
749,9,376,30
791,9,376,30
285,10,376,30
568,11,376,30
82,12,376,30
277,12,376,30
439,14,376,30
418,15,376,30
827,15,376,30
442,19,376,30
619,19,376,30
106,21,376,30
386,24,376,30
105,0,377,30
168,0,377,30
276,0,377,30
417,0,377,30
567,0,377,30
647,0,377,30
694,0,377,30
826,0,377,30
854,0,377,30
997,0,377,30
441,1,377,30
487,1,377,30
553,1,377,30
618,1,377,30
661,1,377,30
870,1,377,30
116,2,377,30
184,2,377,30
336,2,377,30
489,2,377,30
601,2,377,30
825,2,377,30
284,3,377,30
516,3,377,30
699,3,377,30
785,3,377,30
137,4,377,30
438,4,377,30
515,4,377,30
691,4,377,30
850,4,377,30
869,4,377,30
224,5,377,30
453,5,377,30
748,6,377,30
358,7,377,30
717,7,377,30
961,7,377,30
595,8,377,30
118,9,377,30
549,10,377,30
823,10,377,30
81,12,377,30
411,12,377,30
366,13,377,30
790,14,377,30
611,15,377,30
827,16,377,30
666,17,377,30
858,22,377,30
588,23,377,30
889,23,377,30
80,0,378,30
117,0,378,30
410,0,378,30
440,0,378,30
693,0,378,30
716,0,378,30
784,0,378,30
822,0,378,30
824,0,378,30
486,1,378,30
646,1,378,30
357,2,378,30
416,2,378,30
600,2,378,30
825,2,378,30
826,2,378,30
857,2,378,30
960,2,378,30
60,3,378,30
104,3,378,30
514,3,378,30
747,3,378,30
849,3,378,30
167,4,378,30
275,4,378,30
437,4,378,30
548,4,378,30
869,4,378,30
594,5,378,30
617,5,378,30
115,6,378,30
665,6,378,30
789,6,378,30
136,7,378,30
384,7,378,30
610,7,378,30
996,7,378,30
335,8,378,30
452,8,378,30
488,8,378,30
853,9,378,30
888,11,378,30
223,12,378,30
690,12,378,30
515,13,378,30
552,14,378,30
566,14,378,30
183,15,378,30
660,17,378,30
283,19,378,30
868,20,378,30
698,22,378,30
365,25,378,30
334,0,379,30
383,0,379,30
439,0,379,30
586,0,379,30
645,0,379,30
697,0,379,30
514,1,379,30
856,1,379,30
867,1,379,30
59,2,379,30
356,2,379,30
415,2,379,30
599,2,379,30
609,2,379,30
825,2,379,30
959,2,379,30
274,3,379,30
487,3,379,30
513,3,379,30
692,3,379,30
995,3,379,30
116,4,379,30
166,4,379,30
436,4,379,30
565,4,379,30
103,5,379,30
616,5,379,30
659,5,379,30
788,5,379,30
409,6,379,30
114,7,379,30
485,7,379,30
593,7,379,30
821,7,379,30
364,8,379,30
551,8,379,30
848,9,379,30
547,10,379,30
689,10,379,30
715,10,379,30
868,10,379,30
222,11,379,30
746,12,379,30
135,13,379,30
783,14,379,30
823,14,379,30
182,17,379,30
282,17,379,30
664,19,379,30
852,19,379,30
451,22,379,30
887,22,379,30
824,27,379,30
450,0,380,30
550,0,380,30
658,0,380,30
745,0,380,30
820,0,380,30
824,0,380,30
851,0,380,30
58,1,380,30
273,1,380,30
615,1,380,30
855,1,380,30
867,1,380,30
382,2,380,30
598,2,380,30
221,3,380,30
408,3,380,30
513,3,380,30
585,3,380,30
696,3,380,30
958,3,380,30
134,4,380,30
181,4,380,30
438,4,380,30
546,4,380,30
822,4,380,30
102,5,380,30
355,5,380,30
644,5,380,30
688,5,380,30
113,6,380,30
281,6,380,30
564,6,380,30
512,7,380,30
663,7,380,30
691,7,380,30
115,8,380,30
333,8,380,30
435,9,380,30
592,9,380,30
847,9,380,30
165,10,380,30
414,10,380,30
608,10,380,30
787,10,380,30
484,11,380,30
782,11,380,30
886,13,380,30
78,15,380,30
823,16,380,30
714,18,380,30
994,18,380,30
866,22,380,30
363,24,380,30
101,0,381,30
545,0,381,30
549,0,381,30
643,0,381,30
819,0,381,30
822,0,381,30
957,0,381,30
614,1,381,30
744,1,381,30
786,1,381,30
57,2,381,30
112,2,381,30
133,2,381,30
280,2,381,30
381,2,381,30
407,2,381,30
449,2,381,30
591,2,381,30
854,2,381,30
885,2,381,30
993,2,381,30
220,3,381,30
511,3,381,30
563,3,381,30
687,3,381,30
437,4,381,30
850,4,381,30
164,5,381,30
272,5,381,30
607,5,381,30
434,6,381,30
713,6,381,30
483,7,381,30
512,7,381,30
821,7,381,30
180,8,381,30
690,8,381,30
823,8,381,30
485,9,381,30
695,9,381,30
362,10,381,30
866,10,381,30
584,11,381,30
332,12,381,30
846,13,381,30
413,18,381,30
597,20,381,30
657,20,381,30
114,21,381,30
662,21,381,30
77,23,381,30
354,24,381,30
781,26,381,30
56,0,382,30
132,0,382,30
219,0,382,30
694,0,382,30
820,0,382,30
544,1,382,30
780,1,382,30
785,1,382,30
853,1,382,30
864,1,382,30
406,2,382,30
583,2,382,30
956,2,382,30
992,2,382,30
163,3,382,30
179,3,382,30
271,3,382,30
510,3,382,30
562,3,382,30
412,4,382,30
436,4,382,30
482,4,382,30
484,4,382,30
818,4,382,30
822,4,382,30
884,4,382,30
279,5,382,30
361,5,382,30
380,5,382,30
596,5,382,30
76,6,382,30
100,7,382,30
849,7,382,30
111,8,382,30
656,8,382,30
689,8,382,30
743,8,382,30
548,9,382,30
642,9,382,30
113,10,382,30
686,10,382,30
353,11,382,30
511,11,382,30
590,12,382,30
661,13,382,30
845,13,382,30
448,14,382,30
433,16,382,30
331,17,382,30
865,17,382,30
821,18,382,30
613,19,382,30
712,20,382,30
606,22,382,30
99,0,383,30
112,0,383,30
509,0,383,30
589,0,383,30
605,0,383,30
693,0,383,30
742,0,383,30
784,0,383,30
819,0,383,30
510,1,383,30
543,1,383,30
561,1,383,30
817,1,383,30
864,1,383,30
330,2,383,30
863,2,383,30
991,2,383,30
55,3,383,30
218,4,383,30
360,5,383,30
582,5,383,30
688,5,383,30
883,5,383,30
641,6,383,30
955,6,383,30
379,7,383,30
821,7,383,30
848,7,383,30
483,8,383,30
595,8,383,30
655,8,383,30
685,9,383,30
352,10,383,30
547,10,383,30
660,10,383,30
844,10,383,30
270,12,383,30
612,12,383,30
110,13,383,30
411,13,383,30
432,13,383,30
435,13,383,30
131,15,383,30
481,15,383,30
178,16,383,30
162,19,383,30
852,19,383,30
278,20,383,30
405,20,383,30
711,20,383,30
75,21,383,30
447,24,383,30
779,24,383,30
161,0,384,30
410,0,384,30
446,0,384,30
482,0,384,30
542,0,384,30
588,0,384,30
684,0,384,30
111,1,384,30
378,1,384,30
434,1,384,30
710,1,384,30
816,1,384,30
819,1,384,30
109,2,384,30
654,2,384,30
843,2,384,30
863,2,384,30
954,2,384,30
98,3,384,30
692,3,384,30
741,3,384,30
882,3,384,30
546,4,384,30
818,4,384,30
217,5,384,30
269,5,384,30
431,5,384,30
509,5,384,30
581,5,384,30
594,5,384,30
74,6,384,30
277,6,384,30
359,6,384,30
640,6,384,30
177,7,384,30
847,7,384,30
990,7,384,30
351,8,384,30
687,8,384,30
820,8,384,30
404,9,384,30
508,12,384,30
560,12,384,30
611,12,384,30
851,12,384,30
862,12,384,30
480,15,384,30
130,16,384,30
778,16,384,30
659,17,384,30
329,20,384,30
604,20,384,30
54,28,384,30
97,0,385,30
108,0,385,30
160,0,385,30
276,0,385,30
433,0,385,30
445,0,385,30
481,0,385,30
545,0,385,30
580,0,385,30
658,0,385,30
683,0,385,30
740,0,385,30
989,0,385,30
216,1,385,30
817,1,385,30
129,2,385,30
587,2,385,30
709,2,385,30
842,2,385,30
881,2,385,30
639,3,385,30
653,3,385,30
819,3,385,30
176,4,385,30
328,4,385,30
691,4,385,30
818,4,385,30
73,5,385,30
350,5,385,30
430,5,385,30
508,5,385,30
268,6,385,30
409,6,385,30
358,7,385,30
377,7,385,30
507,7,385,30
593,7,385,30
850,7,385,30
541,9,385,30
782,9,385,30
862,9,385,30
110,12,385,30
610,12,385,30
686,12,385,30
815,12,385,30
479,13,385,30
559,13,385,30
953,15,385,30
403,17,385,30
777,17,385,30
846,18,385,30
53,28,385,30
603,28,385,30
52,0,386,30
376,0,386,30
507,0,386,30
586,0,386,30
592,0,386,30
638,0,386,30
781,0,386,30
72,1,386,30
109,1,386,30
159,1,386,30
432,1,386,30
444,1,386,30
544,1,386,30
558,1,386,30
602,1,386,30
685,1,386,30
814,1,386,30
816,1,386,30
849,1,386,30
861,1,386,30
128,2,386,30
215,2,386,30
609,2,386,30
708,2,386,30
267,3,386,30
349,3,386,30
408,3,386,30
682,3,386,30
739,3,386,30
860,3,386,30
952,3,386,30
107,4,386,30
175,4,386,30
327,4,386,30
540,4,386,30
652,4,386,30
818,4,386,30
880,4,386,30
579,6,386,30
357,7,386,30
478,8,386,30
690,8,386,30
275,9,386,30
402,9,386,30
96,11,386,30
776,11,386,30
429,12,386,30
480,12,386,30
657,12,386,30
841,14,386,30
506,16,386,30
817,16,386,30
988,20,386,30
51,0,387,30
71,0,387,30
108,0,387,30
326,0,387,30
431,0,387,30
479,0,387,30
505,0,387,30
557,0,387,30
684,0,387,30
775,0,387,30
780,0,387,30
840,0,387,30
859,0,387,30
951,0,387,30
214,1,387,30
543,1,387,30
813,1,387,30
844,1,387,30
428,2,387,30
578,2,387,30
601,2,387,30
637,2,387,30
817,2,387,30
274,3,387,30
348,3,387,30
585,3,387,30
591,3,387,30
879,3,387,30
106,4,387,30
127,4,387,30
174,4,387,30
356,4,387,30
681,4,387,30
506,6,387,30
375,7,387,30
651,7,387,30
848,7,387,30
95,8,387,30
656,8,387,30
689,8,387,30
707,8,387,30
987,8,387,30
816,9,387,30
401,10,387,30
608,10,387,30
266,11,387,30
477,13,387,30
815,14,387,30
407,15,387,30
860,18,387,30
443,21,387,30
539,24,387,30
738,29,387,30
50,0,388,30
105,0,388,30
406,0,388,30
478,0,388,30
505,0,388,30
600,0,388,30
655,0,388,30
680,0,388,30
683,0,388,30
706,0,388,30
538,1,388,30
70,2,388,30
173,2,388,30
273,2,388,30
556,2,388,30
636,2,388,30
650,2,388,30
814,2,388,30
843,2,388,30
347,3,388,30
476,3,388,30
107,4,388,30
355,4,388,30
400,4,388,30
427,4,388,30
504,4,388,30
688,4,388,30
812,4,388,30
839,4,388,30
878,4,388,30
607,5,388,30
950,5,388,30
126,6,388,30
590,6,388,30
265,7,388,30
442,7,388,30
815,7,388,30
847,7,388,30
94,8,388,30
325,9,388,30
430,9,388,30
816,9,388,30
779,10,388,30
157,11,388,30
986,12,388,30
774,13,388,30
213,14,388,30
542,15,388,30
584,18,388,30
859,19,388,30
577,21,388,30
858,21,388,30
737,26,388,30
374,28,388,30
272,0,389,30
346,0,389,30
373,0,389,30
475,0,389,30
679,0,389,30
815,0,389,30
125,1,389,30
441,1,389,30
504,1,389,30
537,1,389,30
576,1,389,30
773,1,389,30
811,1,389,30
858,1,389,30
104,2,389,30
212,2,389,30
503,2,389,30
555,2,389,30
583,2,389,30
599,2,389,30
635,2,389,30
654,2,389,30
736,2,389,30
814,2,389,30
842,2,389,30
857,2,389,30
399,3,389,30
687,3,389,30
985,3,389,30
106,4,389,30
477,4,389,30
682,4,389,30
813,4,389,30
838,4,389,30
156,6,389,30
606,6,389,30
705,6,389,30
69,8,389,30
877,8,389,30
93,9,389,30
49,10,389,30
778,10,389,30
541,11,389,30
264,12,389,30
354,12,389,30
429,12,389,30
846,12,389,30
426,14,389,30
949,15,389,30
589,16,389,30
649,18,389,30
405,20,389,30
172,26,389,30
324,29,389,30
155,0,390,30
323,0,390,30
345,0,390,30
440,0,390,30
502,0,390,30
575,0,390,30
605,0,390,30
704,0,390,30
812,0,390,30
503,1,390,30
536,1,390,30
588,1,390,30
772,1,390,30
856,1,390,30
984,1,390,30
92,2,390,30
428,2,390,30
554,2,390,30
598,2,390,30
735,2,390,30
814,2,390,30
48,3,390,30
105,3,390,30
211,3,390,30
372,3,390,30
476,3,390,30
653,3,390,30
810,3,390,30
171,4,390,30
398,4,390,30
681,4,390,30
777,4,390,30
813,4,390,30
103,5,390,30
582,5,390,30
837,5,390,30
845,5,390,30
271,6,390,30
404,6,390,30
841,6,390,30
124,7,390,30
648,7,390,30
678,7,390,30
876,7,390,30
68,8,390,30
474,11,390,30
634,11,390,30
263,12,390,30
948,13,390,30
425,14,390,30
857,14,390,30
686,15,390,30
540,18,390,30
91,0,391,30
344,0,391,30
439,0,391,30
475,0,391,30
502,0,391,30
574,0,391,30
647,0,391,30
677,0,391,30
680,0,391,30
812,0,391,30
403,1,391,30
427,1,391,30
553,1,391,30
604,1,391,30
685,1,391,30
771,1,391,30
844,1,391,30
855,1,391,30
856,1,391,30
983,1,391,30
587,2,391,30
811,2,391,30
840,2,391,30
104,3,391,30
371,3,391,30
703,3,391,30
776,3,391,30
947,3,391,30
123,4,391,30
170,4,391,30
262,4,391,30
270,4,391,30
397,4,391,30
473,4,391,30
501,4,391,30
102,5,391,30
535,5,391,30
581,5,391,30
813,5,391,30
47,6,391,30
154,6,391,30
836,7,391,30
424,8,391,30
322,9,391,30
652,9,391,30
875,11,391,30
597,17,391,30
67,18,391,30
734,18,391,30
809,19,391,30
539,24,391,30
352,25,391,30
210,27,391,30
633,29,391,30
90,0,392,30
209,0,392,30
343,0,392,30
580,0,392,30
586,0,392,30
632,0,392,30
679,0,392,30
684,0,392,30
775,0,392,30
808,0,392,30
812,0,392,30
946,0,392,30
402,1,392,30
426,1,392,30
472,1,392,30
501,1,392,30
534,1,392,30
573,1,392,30
676,1,392,30
855,1,392,30
874,1,392,30
66,2,392,30
122,2,392,30
351,2,392,30
811,2,392,30
843,2,392,30
438,3,392,30
474,3,392,30
810,3,392,30
835,3,392,30
854,3,392,30
982,3,392,30
770,4,392,30
839,4,392,30
46,5,392,30
101,5,392,30
103,5,392,30
269,5,392,30
702,5,392,30
396,6,392,30
651,6,392,30
169,7,392,30
733,8,392,30
153,9,392,30
538,10,392,30
500,11,392,30
596,12,392,30
646,12,392,30
261,13,392,30
423,14,392,30
552,14,392,30
603,15,392,30
152,0,393,30
422,0,393,30
473,0,393,30
631,0,393,30
645,0,393,30
683,0,393,30
945,0,393,30
100,1,393,30
168,1,393,30
208,1,393,30
500,1,393,30
533,1,393,30
602,1,393,30
701,1,393,30
769,1,393,30
853,1,393,30
873,1,393,30
45,2,393,30
350,2,393,30
842,2,393,30
854,2,393,30
999,2,393,30
89,3,393,30
320,3,393,30
342,3,393,30
401,3,393,30
437,3,393,30
471,3,393,30
585,3,393,30
807,3,393,30
834,3,393,30
121,4,393,30
260,4,393,30
579,4,393,30
810,4,393,30
838,4,393,30
102,5,393,30
811,6,393,30
678,7,393,30
981,7,393,30
65,8,393,30
595,8,393,30
268,9,393,30
499,11,393,30
572,11,393,30
732,11,393,30
537,13,393,30
774,13,393,30
395,18,393,30
675,18,393,30
809,19,393,30
551,20,393,30
650,22,393,30
369,27,393,30
101,0,394,30
341,0,394,30
472,0,394,30
550,0,394,30
584,0,394,30
808,0,394,30
998,0,394,30
99,1,394,30
421,1,394,30
499,1,394,30
532,1,394,30
167,2,394,30
578,2,394,30
319,3,394,30
349,3,394,30
470,3,394,30
677,3,394,30
44,4,394,30
64,4,394,30
151,4,394,30
498,4,394,30
594,4,394,30
259,5,394,30
267,5,394,30
837,5,394,30
773,6,394,30
841,6,394,30
207,7,394,30
674,7,394,30
872,7,394,30
424,8,394,30
853,8,394,30
394,9,394,30
700,9,394,30
400,10,394,30
731,11,394,30
88,14,394,30
436,15,394,30
806,15,394,30
368,16,394,30
810,16,394,30
120,17,394,30
536,18,394,30
980,18,394,30
809,19,394,30
944,19,394,30
630,20,394,30
682,20,394,30
833,20,394,30
649,21,394,30
768,22,394,30
852,22,394,30
644,24,394,30
601,26,394,30
43,0,395,30
150,0,395,30
367,0,395,30
393,0,395,30
471,0,395,30
498,0,395,30
549,0,395,30
583,0,395,30
600,0,395,30
629,0,395,30
730,0,395,30
997,0,395,30
832,1,395,30
63,2,395,30
119,2,395,30
206,2,395,30
420,2,395,30
531,2,395,30
570,2,395,30
805,2,395,30
98,3,395,30
100,3,395,30
348,3,395,30
676,3,395,30
699,3,395,30
166,4,395,30
593,4,395,30
871,4,395,30
258,5,395,30
318,5,395,30
648,5,395,30
469,6,395,30
673,6,395,30
808,7,395,30
851,8,395,30
943,8,395,30
435,9,395,30
577,10,395,30
767,11,395,30
836,11,395,30
399,12,395,30
535,14,395,30
643,16,395,30
772,16,395,30
852,16,395,30
979,16,395,30
497,17,395,30
840,17,395,30
807,19,395,30
809,19,395,30
423,21,395,30
340,22,395,30
87,25,395,30
62,0,396,30
86,0,396,30
97,0,396,30
99,0,396,30
149,0,396,30
398,0,396,30
496,0,396,30
592,0,396,30
628,0,396,30
680,0,396,30
42,1,396,30
118,1,396,30
470,1,396,30
576,1,396,30
392,2,396,30
530,2,396,30
534,2,396,30
347,3,396,30
497,3,396,30
569,3,396,30
672,3,396,30
771,3,396,30
835,3,396,30
265,4,396,30
468,4,396,30
599,4,396,30
850,4,396,30
205,5,396,30
317,5,396,30
419,5,396,30
647,5,396,30
434,6,396,30
165,7,396,30
422,7,396,30
548,7,396,30
996,7,396,30
257,8,396,30
851,8,396,30
978,9,396,30
366,10,396,30
807,10,396,30
808,10,396,30
942,10,396,30
339,12,396,30
766,13,396,30
642,14,396,30
582,15,396,30
698,16,396,30
729,16,396,30
831,17,396,30
675,18,396,30
839,18,396,30
806,19,396,30
804,23,396,30
870,28,396,30
85,0,397,30
117,0,397,30
164,0,397,30
391,0,397,30
433,0,397,30
575,0,397,30
627,0,397,30
679,0,397,30
807,1,397,30
834,1,397,30
41,2,397,30
397,2,397,30
641,2,397,30
805,2,397,30
98,3,397,30
495,3,397,30
591,3,397,30
770,3,397,30
204,4,397,30
598,4,397,30
646,4,397,30
850,4,397,30
869,4,397,30
995,4,397,30
418,5,397,30
803,5,397,30
941,5,397,30
148,6,397,30
421,6,397,30
467,6,397,30
469,6,397,30
765,6,397,30
838,6,397,30
316,7,397,30
697,7,397,30
728,7,397,30
256,8,397,30
338,8,397,30
529,8,397,30
581,9,397,30
674,9,397,30
849,10,397,30
671,11,397,30
61,12,397,30
264,12,397,30
533,14,397,30
346,15,397,30
568,16,397,30
830,18,397,30
806,19,397,30
96,20,397,30
496,23,397,30
547,24,397,30
365,25,397,30
977,28,397,30
40,0,398,30
84,0,398,30
97,0,398,30
574,0,398,30
580,0,398,30
645,0,398,30
60,1,398,30
640,1,398,30
769,1,398,30
203,2,398,30
396,2,398,30
420,2,398,30
468,2,398,30
805,2,398,30
495,3,398,30
567,3,398,30
116,4,398,30
345,4,398,30
976,4,398,30
417,5,398,30
528,5,398,30
837,5,398,30
95,6,398,30
590,6,398,30
597,6,398,30
829,6,398,30
678,7,398,30
696,7,398,30
849,7,398,30
940,7,398,30
163,8,398,30
255,8,398,30
337,8,398,30
670,8,398,30
727,8,398,30
764,8,398,30
833,8,398,30
364,9,398,30
390,10,398,30
673,10,398,30
802,10,398,30
546,11,398,30
804,11,398,30
263,12,398,30
315,13,398,30
432,13,398,30
494,13,398,30
848,13,398,30
466,18,398,30
994,18,398,30
147,19,398,30
806,19,398,30
532,20,398,30
868,22,398,30
626,25,398,30
94,0,399,30
262,0,399,30
336,0,399,30
389,0,399,30
395,0,399,30
419,0,399,30
625,0,399,30
672,0,399,30
677,0,399,30
254,1,399,30
344,1,399,30
867,1,399,30
146,2,399,30
202,2,399,30
416,2,399,30
467,2,399,30
768,2,399,30
805,2,399,30
993,2,399,30
314,3,399,30
573,3,399,30
493,4,399,30
589,4,399,30
431,5,399,30
527,5,399,30
545,5,399,30
803,5,399,30
115,6,399,30
465,6,399,30
531,6,399,30
579,6,399,30
596,6,399,30
96,7,399,30
162,7,399,30
836,7,399,30
848,7,399,30
939,7,399,30
566,8,399,30
669,8,399,30
975,8,399,30
695,9,399,30
83,10,399,30
639,10,399,30
847,10,399,30
59,11,399,30
763,11,399,30
39,13,399,30
494,13,399,30
804,13,399,30
832,13,399,30
644,17,399,30
726,17,399,30
828,18,399,30
801,19,399,30
363,24,399,30
313,0,400,30
530,0,400,30
595,0,400,30
638,0,400,30
866,0,400,30
58,1,400,30
145,1,400,30
253,1,400,30
588,1,400,30
676,1,400,30
767,1,400,30
38,2,400,30
415,2,400,30
464,2,400,30
694,2,400,30
800,2,400,30
974,2,400,30
992,2,400,30
93,3,400,30
161,3,400,30
362,3,400,30
526,3,400,30
572,3,400,30
578,3,400,30
762,3,400,30
803,3,400,30
343,4,400,30
492,4,400,30
544,4,400,30
802,4,400,30
938,4,400,30
82,5,400,30
430,5,400,30
831,5,400,30
95,6,400,30
624,6,400,30
565,7,400,30
725,7,400,30
847,7,400,30
335,8,400,30
394,8,400,30
643,9,400,30
493,10,400,30
668,10,400,30
671,11,400,30
114,12,400,30
466,12,400,30
846,13,400,30
388,14,400,30
418,15,400,30
827,16,400,30
201,17,400,30
804,19,400,30
835,22,400,30
261,27,400,30
37,0,401,30
334,0,401,30
393,0,401,30
417,0,401,30
465,0,401,30
571,0,401,30
623,0,401,30
801,0,401,30
937,0,401,30
973,0,401,30
144,1,401,30
826,1,401,30
57,2,401,30
94,2,401,30
252,2,401,30
670,2,401,30
724,2,401,30
761,2,401,30
991,2,401,30
361,3,401,30
414,3,401,30
766,3,401,30
802,3,401,30
803,3,401,30
260,4,401,30
637,4,401,30
834,4,401,30
92,5,401,30
492,5,401,30
667,5,401,30
830,5,401,30
845,5,401,30
543,6,401,30
564,6,401,30
693,6,401,30
491,7,401,30
81,8,401,30
463,8,401,30
312,9,401,30
642,9,401,30
799,9,401,30
577,10,401,30
113,12,401,30
200,12,401,30
387,12,401,30
529,12,401,30
846,12,401,30
587,13,401,30
525,14,401,30
160,15,401,30
865,17,401,30
675,18,401,30
594,23,401,30
542,0,402,30
586,0,402,30
760,0,402,30
798,0,402,30
936,0,402,30
159,1,402,30
251,1,402,30
490,1,402,30
524,1,402,30
622,1,402,30
800,1,402,30
844,1,402,30
864,1,402,30
56,2,402,30
259,2,402,30
386,2,402,30
392,2,402,30
570,2,402,30
666,2,402,30
723,2,402,30
80,3,402,30
93,3,402,30
199,3,402,30
563,3,402,30
692,3,402,30
765,3,402,30
802,3,402,30
341,4,402,30
143,5,402,30
360,5,402,30
491,5,402,30
528,5,402,30
845,5,402,30
36,6,402,30
641,6,402,30
829,6,402,30
428,7,402,30
593,7,402,30
990,7,402,30
311,8,402,30
416,8,402,30
833,8,402,30
972,8,402,30
333,9,402,30
464,10,402,30
669,12,402,30
636,13,402,30
825,13,402,30
462,16,402,30
91,17,402,30
112,17,402,30
801,19,402,30
674,20,402,30
413,21,402,30
391,0,403,30
575,0,403,30
592,0,403,30
759,0,403,30
801,0,403,30
935,0,403,30
989,0,403,30
427,1,403,30
640,1,403,30
797,1,403,30
800,1,403,30
844,1,403,30
258,2,403,30
673,2,403,30
722,2,403,30
843,2,403,30
55,3,403,30
198,3,403,30
489,3,403,30
562,3,403,30
569,3,403,30
635,3,403,30
79,4,403,30
415,4,403,30
461,4,403,30
90,5,403,30
92,5,403,30
332,5,403,30
385,5,403,30
527,5,403,30
828,5,403,30
340,6,403,30
359,6,403,30
523,6,403,30
585,6,403,30
621,6,403,30
665,6,403,30
691,6,403,30
824,6,403,30
490,7,403,30
35,8,403,30
412,8,403,30
463,8,403,30
541,8,403,30
310,9,403,30
863,11,403,30
142,13,403,30
832,13,403,30
764,14,403,30
111,16,403,30
250,19,403,30
971,19,403,30
799,20,403,30
158,24,403,30
668,26,403,30
110,0,404,30
309,0,404,30
460,0,404,30
574,0,404,30
798,0,404,30
157,1,404,30
426,1,404,30
800,1,404,30
988,1,404,30
721,2,404,30
842,2,404,30
78,3,404,30
89,3,404,30
257,3,404,30
384,3,404,30
526,3,404,30
591,3,404,30
639,3,404,30
758,3,404,30
358,4,404,30
667,5,404,30
796,5,404,30
831,5,404,30
331,6,404,30
561,6,404,30
91,7,404,30
462,7,404,30
489,7,404,30
522,7,404,30
970,7,404,30
34,8,404,30
411,8,404,30
488,8,404,30
540,8,404,30
690,8,404,30
249,9,404,30
339,9,404,30
799,9,404,30
672,10,404,30
823,10,404,30
843,10,404,30
862,10,404,30
141,11,404,30
568,11,404,30
584,11,404,30
620,11,404,30
763,11,404,30
934,14,404,30
54,15,404,30
390,15,404,30
414,15,404,30
827,15,404,30
634,20,404,30
664,25,404,30
140,0,405,30
196,0,405,30
383,0,405,30
459,0,405,30
567,0,405,30
638,0,405,30
90,1,405,30
156,1,405,30
488,1,405,30
720,1,405,30
795,1,405,30
797,1,405,30
830,1,405,30
861,1,405,30
109,2,405,30
357,2,405,30
666,2,405,30
757,2,405,30
53,3,405,30
256,3,405,30
573,3,405,30
461,4,405,30
987,4,405,30
88,5,405,30
663,5,405,30
798,5,405,30
841,6,405,30
521,7,405,30
539,7,405,30
619,7,405,30
933,7,405,30
969,7,405,30
338,8,405,30
410,8,405,30
689,8,405,30
389,9,405,30
671,11,405,30
525,12,405,30
633,12,405,30
583,17,405,30
590,17,405,30
330,18,405,30
762,18,405,30
33,19,405,30
77,19,405,30
308,19,405,30
413,19,405,30
425,20,405,30
487,20,405,30
799,20,405,30
560,22,405,30
822,23,405,30
842,23,405,30
248,28,405,30
826,28,405,30
108,0,406,30
139,0,406,30
155,0,406,30
247,0,406,30
307,0,406,30
589,0,406,30
632,0,406,30
756,0,406,30
829,0,406,30
87,1,406,30
89,1,406,30
195,1,406,30
487,1,406,30
524,1,406,30
618,1,406,30
797,1,406,30
76,2,406,30
255,2,406,30
356,2,406,30
520,2,406,30
719,2,406,30
761,2,406,30
52,3,406,30
572,3,406,30
860,3,406,30
412,4,406,30
460,4,406,30
794,4,406,30
662,5,406,30
798,5,406,30
840,5,406,30
986,5,406,30
409,6,406,30
382,7,406,30
688,7,406,30
821,7,406,30
337,8,406,30
582,8,406,30
670,8,406,30
796,8,406,30
968,8,406,30
458,9,406,30
637,9,406,30
825,10,406,30
559,11,406,30
32,12,406,30
665,12,406,30
932,12,406,30
388,13,406,30
486,14,406,30
841,14,406,30
538,15,406,30
329,23,406,30
88,0,407,30
138,0,407,30
246,0,407,30
254,0,407,30
306,0,407,30
588,0,407,30
631,0,407,30
840,0,407,30
859,0,407,30
154,1,407,30
194,1,407,30
486,1,407,30
636,1,407,30
718,1,407,30
795,1,407,30
328,2,407,30
423,2,407,30
459,2,407,30
793,2,407,30
86,3,407,30
408,3,407,30
755,3,407,30
760,3,407,30
824,3,407,30
51,4,407,30
519,4,407,30
523,4,407,30
355,5,407,30
796,5,407,30
797,5,407,30
828,5,407,30
967,5,407,30
985,5,407,30
457,6,407,30
617,6,407,30
107,7,407,30
565,7,407,30
336,8,407,30
411,8,407,30
581,8,407,30
669,8,407,30
839,9,407,30
31,10,407,30
485,12,407,30
537,13,407,30
558,13,407,30
661,13,407,30
75,17,407,30
381,18,407,30
387,18,407,30
571,18,407,30
931,18,407,30
664,19,407,30
74,0,408,30
193,0,408,30
410,0,408,30
422,0,408,30
557,0,408,30
580,0,408,30
153,1,408,30
253,1,408,30
458,1,408,30
518,1,408,30
635,1,408,30
386,2,408,30
407,2,408,30
456,2,408,30
522,2,408,30
587,2,408,30
759,2,408,30
792,2,408,30
966,2,408,30
85,3,408,30
819,3,408,30
839,3,408,30
50,4,408,30
137,4,408,30
305,4,408,30
536,4,408,30
106,5,408,30
245,5,408,30
796,5,408,30
564,6,408,30
663,6,408,30
485,7,408,30
668,7,408,30
30,8,408,30
335,8,408,30
570,8,408,30
327,9,408,30
795,9,408,30
660,10,408,30
823,10,408,30
984,10,408,30
616,11,408,30
930,11,408,30
354,13,408,30
87,15,408,30
827,15,408,30
717,17,408,30
838,17,408,30
484,19,408,30
794,20,408,30
858,21,408,30
380,23,408,30
630,28,408,30
754,29,408,30
29,0,409,30
86,0,409,30
105,0,409,30
152,0,409,30
334,0,409,30
353,0,409,30
406,0,409,30
586,0,409,30
629,0,409,30
822,0,409,30
826,0,409,30
326,1,409,30
421,1,409,30
517,1,409,30
615,1,409,30
685,1,409,30
795,1,409,30
244,2,409,30
252,2,409,30
455,2,409,30
983,2,409,30
84,3,409,30
521,3,409,30
563,3,409,30
569,3,409,30
838,3,409,30
579,4,409,30
73,5,409,30
535,5,409,30
659,5,409,30
667,5,409,30
716,5,409,30
753,5,409,30
837,5,409,30
192,6,409,30
457,6,409,30
483,7,409,30
556,7,409,30
794,8,409,30
304,9,409,30
379,9,409,30
662,9,409,30
793,9,409,30
49,10,409,30
634,11,409,30
409,12,409,30
857,12,409,30
929,13,409,30
136,14,409,30
758,14,409,30
791,14,409,30
385,16,409,30
965,18,409,30
484,19,409,30
818,29,409,30
85,0,410,30
191,0,410,30
251,0,410,30
482,0,410,30
628,0,410,30
658,0,410,30
684,0,410,30
516,1,410,30
534,1,410,30
614,1,410,30
715,1,410,30
757,1,410,30
817,1,410,30
856,1,410,30
964,1,410,30
325,2,410,30
578,2,410,30
793,2,410,30
928,2,410,30
982,2,410,30
48,3,410,30
151,3,410,30
384,3,410,30
562,3,410,30
303,4,410,30
135,5,410,30
454,5,410,30
72,6,410,30
83,6,410,30
378,6,410,30
420,6,410,30
585,6,410,30
333,7,410,30
408,7,410,30
520,7,410,30
792,7,410,30
821,7,410,30
836,7,410,30
405,8,410,30
456,8,410,30
555,8,410,30
794,8,410,30
243,10,410,30
825,10,410,30
837,10,410,30
666,11,410,30
28,12,410,30
633,12,410,30
104,13,410,30
352,13,410,30
790,14,410,30
568,16,410,30
661,21,410,30
752,22,410,30
84,0,411,30
419,0,411,30
481,0,411,30
567,0,411,30
627,0,411,30
683,0,411,30
756,0,411,30
824,0,411,30
533,1,411,30
561,1,411,30
816,1,411,30
855,1,411,30
27,2,411,30
332,2,411,30
407,2,411,30
751,2,411,30
792,2,411,30
150,3,411,30
242,3,411,30
250,3,411,30
383,3,411,30
134,4,411,30
515,4,411,30
963,4,411,30
453,5,411,30
714,5,411,30
47,6,411,30
519,6,411,30
613,7,411,30
981,7,411,30
351,8,411,30
404,8,411,30
554,8,411,30
632,8,411,30
793,8,411,30
820,8,411,30
455,9,411,30
835,9,411,30
377,10,411,30
577,10,411,30
660,10,411,30
665,10,411,30
584,11,411,30
791,11,411,30
836,11,411,30
927,11,411,30
657,12,411,30
103,15,411,30
71,16,411,30
190,17,411,30
789,21,411,30
324,23,411,30
302,24,411,30
482,28,411,30
323,0,412,30
376,0,412,30
406,0,412,30
815,0,412,30
926,0,412,30
46,1,412,30
514,1,412,30
532,1,412,30
81,2,412,30
133,2,412,30
713,2,412,30
241,3,412,30
755,3,412,30
835,3,412,30
382,4,412,30
682,4,412,30
790,4,412,30
834,4,412,30
350,5,412,30
480,5,412,30
659,5,412,30
750,5,412,30
788,5,412,30
83,6,412,30
189,6,412,30
454,6,412,30
481,6,412,30
301,7,412,30
583,7,412,30
612,7,412,30
792,7,412,30
962,7,412,30
102,8,412,30
452,8,412,30
566,8,412,30
656,8,412,30
823,8,412,30
854,8,412,30
980,8,412,30
553,9,412,30
631,9,412,30
331,11,412,30
664,11,412,30
26,13,412,30
70,13,412,30
791,14,412,30
418,15,412,30
518,15,412,30
819,15,412,30
626,19,412,30
249,20,412,30
149,21,412,30
403,28,412,30
132,0,413,30
575,0,413,30
625,0,413,30
814,1,413,30
834,1,413,30
979,1,413,30
45,2,413,30
330,2,413,30
754,2,413,30
349,3,413,30
513,3,413,30
25,4,413,30
80,4,413,30
148,4,413,30
375,4,413,30
517,4,413,30
565,4,413,30
681,4,413,30
790,4,413,30
822,4,413,30
82,5,413,30
479,5,413,30
582,5,413,30
655,5,413,30
381,6,413,30
531,6,413,30
663,6,413,30
789,6,413,30
188,7,413,30
787,7,413,30
961,7,413,30
402,8,413,30
712,8,413,30
833,8,413,30
853,8,413,30
69,9,413,30
300,9,413,30
322,9,413,30
925,9,413,30
417,11,413,30
451,11,413,30
559,11,413,30
240,12,413,30
480,12,413,30
611,12,413,30
101,13,413,30
749,13,413,30
552,14,413,30
818,14,413,30
791,15,413,30
405,16,413,30
658,17,413,30
453,18,413,30
630,26,413,30
530,0,414,30
574,0,414,30
680,0,414,30
748,0,414,30
187,1,414,30
450,1,414,30
813,1,414,30
832,1,414,30
81,2,414,30
321,2,414,30
817,2,414,30
960,2,414,30
100,3,414,30
131,3,414,30
348,3,414,30
551,3,414,30
624,3,414,30
44,4,414,30
79,4,414,30
374,4,414,30
629,4,414,30
786,4,414,30
790,4,414,30
401,5,414,30
478,5,414,30
581,5,414,30
753,5,414,30
788,5,414,30
247,6,414,30
558,6,414,30
564,6,414,30
789,6,414,30
924,6,414,30
416,7,414,30
479,7,414,30
512,7,414,30
821,7,414,30
833,8,414,30
404,9,414,30
978,10,414,30
610,12,414,30
516,16,414,30
852,16,414,30
654,17,414,30
239,18,414,30
24,19,414,30
147,19,414,30
380,19,414,30
657,20,414,30
711,20,414,30
299,21,414,30
662,21,414,30
329,23,414,30
452,24,414,30
68,27,414,30
43,0,415,30
80,0,415,30
99,0,415,30
550,0,415,30
557,0,415,30
580,0,415,30
679,0,415,30
812,0,415,30
820,0,415,30
851,0,415,30
23,1,415,30
403,1,415,30
573,1,415,30
661,1,415,30
710,1,415,30
752,1,415,30
78,2,415,30
320,2,415,30
328,2,415,30
449,2,415,30
515,2,415,30
609,2,415,30
628,2,415,30
959,2,415,30
347,3,415,30
511,3,415,30
563,3,415,30
785,3,415,30
831,3,415,30
186,4,415,30
400,4,415,30
415,4,415,30
477,4,415,30
656,4,415,30
373,5,415,30
788,5,415,30
146,6,415,30
246,6,415,30
787,6,415,30
789,6,415,30
816,6,415,30
379,7,415,30
832,9,415,30
529,10,415,30
623,11,415,30
747,12,415,30
238,13,415,30
130,17,415,30
67,18,415,30
923,18,415,30
451,21,415,30
478,21,415,30
129,0,416,30
450,0,416,30
549,0,416,30
655,0,416,30
709,0,416,30
819,0,416,30
185,1,416,30
245,1,416,30
297,1,416,30
402,1,416,30
514,1,416,30
751,1,416,30
811,1,416,30
66,2,416,30
660,2,416,30
98,3,416,30
372,3,416,30
476,3,416,30
510,3,416,30
562,3,416,30
572,3,416,30
608,3,416,30
627,3,416,30
784,3,416,30
77,4,416,30
786,4,416,30
319,5,416,30
528,5,416,30
830,5,416,30
850,5,416,30
976,5,416,30
378,6,416,30
787,6,416,30
448,7,416,30
556,7,416,30
746,7,416,30
79,8,416,30
788,8,416,30
831,8,416,30
42,9,416,30
327,9,416,30
678,9,416,30
958,10,416,30
622,11,416,30
815,11,416,30
922,11,416,30
145,13,416,30
346,15,416,30
414,15,416,30
399,16,416,30
22,19,416,30
237,19,416,30
579,20,416,30
477,27,416,30
652,27,416,30
97,0,417,30
318,0,417,30
326,0,417,30
475,0,417,30
509,0,417,30
571,0,417,30
677,0,417,30
921,0,417,30
21,1,417,30
244,1,417,30
555,1,417,30
78,2,417,30
377,2,417,30
449,2,417,30
578,2,417,30
654,2,417,30
814,2,417,30
371,3,417,30
401,3,417,30
476,3,417,30
513,3,417,30
296,4,417,30
398,4,417,30
548,4,417,30
745,4,417,30
41,5,417,30
527,5,417,30
750,5,417,30
975,5,417,30
651,6,417,30
783,6,417,30
786,6,417,30
144,7,417,30
787,7,417,30
849,7,417,30
957,7,417,30
65,8,417,30
345,8,417,30
810,8,417,30
184,9,417,30
621,12,417,30
413,14,417,30
561,14,417,30
785,14,417,30
829,14,417,30
607,16,417,30
128,17,417,30
659,17,417,30
708,17,417,30
626,19,417,30
447,22,417,30
236,26,417,30
818,27,417,30
376,0,418,30
412,0,418,30
475,0,418,30
625,0,418,30
658,0,418,30
370,1,418,30
676,1,418,30
744,1,418,30
817,1,418,30
235,2,418,30
570,2,418,30
650,2,418,30
786,2,418,30
956,2,418,30
474,3,418,30
526,3,418,30
653,3,418,30
20,4,418,30
77,4,418,30
143,4,418,30
397,4,418,30
400,4,418,30
127,5,418,30
317,5,418,30
508,5,418,30
707,5,418,30
813,5,418,30
64,6,418,30
782,6,418,30
96,7,418,30
344,7,418,30
512,7,418,30
848,7,418,30
40,8,418,30
183,8,418,30
606,8,418,30
325,9,418,30
554,9,418,30
75,10,418,30
446,10,418,30
577,10,418,30
620,11,418,30
828,11,418,30
243,14,418,30
829,14,418,30
295,15,418,30
920,15,418,30
749,19,418,30
809,19,418,30
974,19,418,30
547,20,418,30
448,24,418,30
784,25,418,30
785,26,418,30
74,0,419,30
316,0,419,30
473,0,419,30
784,0,419,30
808,0,419,30
812,0,419,30
369,1,419,30
553,1,419,30
576,1,419,30
605,1,419,30
816,1,419,30
63,2,419,30
375,2,419,30
445,2,419,30
624,2,419,30
657,2,419,30
242,3,419,30
474,3,419,30
511,3,419,30
569,3,419,30
142,4,419,30
546,4,419,30
706,4,419,30
973,4,419,30
234,5,419,30
396,5,419,30
785,5,419,30
39,6,419,30
76,6,419,30
95,6,419,30
343,6,419,30
748,6,419,30
781,6,419,30
919,6,419,30
955,6,419,30
507,7,419,30
652,7,419,30
847,7,419,30
19,9,419,30
126,11,419,30
294,12,419,30
399,12,419,30
411,12,419,30
649,13,419,30
827,15,419,30
675,16,419,30
559,17,419,30
619,17,419,30
743,17,419,30
828,20,419,30
447,22,419,30
324,23,419,30
18,0,420,30
62,0,420,30
323,0,420,30
395,0,420,30
398,0,420,30
410,0,420,30
446,0,420,30
472,0,420,30
545,0,420,30
784,0,420,30
815,0,420,30
826,0,420,30
125,1,420,30
315,1,420,30
604,1,420,30
648,1,420,30
742,1,420,30
811,1,420,30
94,2,420,30
444,2,420,30
656,2,420,30
780,2,420,30
241,3,420,30
342,3,420,30
510,3,420,30
524,3,420,30
747,3,420,30
807,3,420,30
141,4,420,30
181,4,420,30
233,4,420,30
374,4,420,30
73,5,420,30
575,5,420,30
558,6,420,30
651,6,420,30
705,6,420,30
954,6,420,30
38,7,420,30
674,7,420,30
368,8,420,30
827,9,420,30
618,11,420,30
623,11,420,30
568,12,420,30
918,13,420,30
552,14,420,30
473,15,420,30
972,15,420,30
783,16,420,30
846,19,420,30
75,21,420,30
293,22,420,30
506,22,420,30
782,24,420,30
17,0,421,30
37,0,421,30
74,0,421,30
140,0,421,30
367,0,421,30
445,0,421,30
471,0,421,30
505,0,421,30
509,0,421,30
567,0,421,30
647,0,421,30
781,0,421,30
826,0,421,30
373,1,421,30
472,1,421,30
180,2,421,30
240,2,421,30
314,2,421,30
443,2,421,30
650,2,421,30
232,3,421,30
394,3,421,30
551,3,421,30
810,3,421,30
397,4,421,30
523,4,421,30
574,4,421,30
741,4,421,30
409,5,421,30
655,5,421,30
917,5,421,30
953,5,421,30
72,6,421,30
544,6,421,30
557,6,421,30
617,6,421,30
704,6,421,30
779,6,421,30
783,6,421,30
124,7,421,30
292,7,421,30
746,7,421,30
341,8,421,30
61,9,421,30
814,9,421,30
322,10,421,30
622,11,421,30
673,11,421,30
971,12,421,30
825,13,421,30
603,15,421,30
806,15,421,30
93,23,421,30
782,29,421,30
71,0,422,30
139,0,422,30
313,0,422,30
393,0,422,30
780,0,422,30
824,0,422,30
60,1,422,30
444,1,422,30
470,1,422,30
504,1,422,30
602,1,422,30
646,1,422,30
844,1,422,30
522,2,422,30
550,2,422,30
654,2,422,30
825,2,422,30
471,3,422,30
952,3,422,30
123,4,422,30
239,4,422,30
321,4,422,30
366,4,422,30
573,4,422,30
740,4,422,30
916,4,422,30
16,5,422,30
73,5,422,30
396,5,422,30
745,5,422,30
231,6,422,30
543,6,422,30
649,6,422,30
703,6,422,30
782,6,422,30
36,7,422,30
92,7,422,30
442,7,422,30
291,8,422,30
566,8,422,30
813,8,422,30
621,9,422,30
408,10,422,30
778,10,422,30
508,12,422,30
970,12,422,30
781,13,422,30
805,13,422,30
616,14,422,30
340,21,422,30
556,21,422,30
672,21,422,30
179,24,422,30
91,0,423,30
138,0,423,30
230,0,423,30
395,0,423,30
507,0,423,30
542,0,423,30
781,0,423,30
808,0,423,30
824,0,423,30
365,1,423,30
441,1,423,30
503,1,423,30
555,1,423,30
645,1,423,30
648,1,423,30
780,1,423,30
70,2,423,30
122,2,423,30
371,2,423,30
407,2,423,30
549,2,423,30
320,3,423,30
470,3,423,30
521,3,423,30
238,4,423,30
392,4,423,30
565,4,423,30
653,4,423,30
739,4,423,30
290,5,423,30
312,5,423,30
702,5,423,30
469,6,423,30
951,6,423,30
59,8,423,30
812,8,423,30
823,8,423,30
339,9,423,30
35,10,423,30
779,10,423,30
178,11,423,30
443,11,423,30
572,11,423,30
620,11,423,30
671,11,423,30
804,11,423,30
601,12,423,30
969,17,423,30
72,21,423,30
615,22,423,30
777,22,423,30
15,23,423,30
744,24,423,30
915,24,423,30
843,28,423,30
90,0,424,30
370,0,424,30
391,0,424,30
440,0,424,30
502,0,424,30
571,0,424,30
600,0,424,30
780,0,424,30
822,0,424,30
58,1,424,30
406,1,424,30
647,1,424,30
811,1,424,30
289,2,424,30
520,2,424,30
670,2,424,30
319,3,424,30
807,3,424,30
237,4,424,30
548,4,424,30
614,4,424,30
652,4,424,30
311,5,424,30
338,5,424,30
619,5,424,30
803,5,424,30
137,6,424,30
229,6,424,30
469,6,424,30
564,6,424,30
779,6,424,30
177,7,424,30
364,7,424,30
442,7,424,30
554,8,424,30
701,8,424,30
743,8,424,30
776,8,424,30
968,8,424,30
14,9,424,30
541,9,424,30
394,10,424,30
778,10,424,30
823,10,424,30
121,12,424,30
914,12,424,30
950,12,424,30
644,13,424,30
738,13,424,30
842,17,424,30
71,19,424,30
506,22,424,30
468,25,424,30
34,26,424,30
236,0,425,30
439,0,425,30
505,0,425,30
540,0,425,30
643,0,425,30
775,0,425,30
822,0,425,30
13,1,425,30
89,1,425,30
369,1,425,30
441,1,425,30
501,1,425,30
553,1,425,30
618,1,425,30
646,1,425,30
742,1,425,30
57,2,425,30
613,2,425,30
563,3,425,30
810,3,425,30
967,3,425,30
176,4,425,30
468,4,425,30
519,4,425,30
737,4,425,30
802,4,425,30
228,5,425,30
70,6,425,30
288,6,425,30
310,6,425,30
318,6,425,30
467,6,425,30
651,6,425,30
136,7,425,30
120,8,425,30
337,8,425,30
405,8,425,30
570,8,425,30
393,10,425,30
778,10,425,30
779,10,425,30
913,10,425,30
669,12,425,30
33,13,425,30
700,14,425,30
390,15,425,30
806,15,425,30
949,15,425,30
599,17,425,30
777,17,425,30
821,19,425,30
363,24,425,30
841,24,425,30
547,25,425,30
68,27,425,30
88,0,426,30
309,0,426,30
389,0,426,30
440,0,426,30
539,0,426,30
820,0,426,30
840,0,426,30
67,1,426,30
500,1,426,30
645,1,426,30
56,2,426,30
227,2,426,30
235,2,426,30
287,2,426,30
805,2,426,30
966,2,426,30
336,3,426,30
362,3,426,30
438,3,426,30
562,3,426,30
569,3,426,30
776,3,426,30
175,4,426,30
392,4,426,30
504,4,426,30
617,4,426,30
741,4,426,30
801,4,426,30
135,5,426,30
404,5,426,30
777,5,426,30
467,6,426,30
119,7,426,30
612,7,426,30
668,7,426,30
69,8,426,30
518,8,426,30
699,8,426,30
32,9,426,30
642,9,426,30
778,10,426,30
912,10,426,30
546,11,426,30
466,12,426,30
650,12,426,30
368,13,426,30
736,13,426,30
774,13,426,30
948,13,426,30
552,14,426,30
12,17,426,30
317,18,426,30
821,18,426,30
809,19,426,30
598,21,426,30
367,0,427,30
391,0,427,30
439,0,427,30
465,0,427,30
538,0,427,30
808,0,427,30
819,0,427,30
820,0,427,30
66,1,427,30
87,1,427,30
118,1,427,30
403,1,427,30
499,1,427,30
561,1,427,30
503,2,427,30
800,2,427,30
55,3,427,30
226,3,427,30
361,3,427,30
437,3,427,30
551,3,427,30
775,3,427,30
947,3,427,30
174,4,427,30
316,4,427,30
517,4,427,30
611,4,427,30
698,4,427,30
740,4,427,30
31,5,427,30
134,5,427,30
545,5,427,30
644,5,427,30
667,5,427,30
777,5,427,30
234,6,427,30
641,6,427,30
68,8,427,30
335,8,427,30
735,8,427,30
839,9,427,30
286,10,427,30
911,10,427,30
568,11,427,30
597,11,427,30
776,11,427,30
649,13,427,30
804,13,427,30
308,14,427,30
388,14,427,30
616,16,427,30
773,16,427,30
466,18,427,30
965,18,427,30
11,22,427,30
10,0,428,30
86,0,428,30
225,0,428,30
307,0,428,30
360,0,428,30
465,0,428,30
498,0,428,30
502,0,428,30
550,0,428,30
567,0,428,30
697,0,428,30
775,0,428,30
819,0,428,30
117,1,428,30
315,1,428,30
402,1,428,30
537,1,428,30
544,1,428,30
610,1,428,30
615,1,428,30
640,1,428,30
807,1,428,30
464,2,428,30
946,2,428,30
438,3,428,30
516,3,428,30
739,3,428,30
776,3,428,30
173,4,428,30
233,4,428,30
334,4,428,30
366,4,428,30
436,4,428,30
818,4,428,30
964,4,428,30
30,5,428,30
133,5,428,30
772,5,428,30
838,6,428,30
285,7,428,30
803,7,428,30
54,8,428,30
65,8,428,30
648,8,428,30
643,9,428,30
390,10,428,30
560,12,428,30
774,13,428,30
596,15,428,30
67,16,428,30
734,16,428,30
666,17,428,30
387,20,428,30
799,21,428,30
29,0,429,30
85,0,429,30
284,0,429,30
306,0,429,30
359,0,429,30
549,0,429,30
647,0,429,30
775,0,429,30
798,0,429,30
536,1,429,30
543,1,429,30
609,1,429,30
614,1,429,30
773,1,429,30
66,2,429,30
116,2,429,30
224,2,429,30
314,2,429,30
497,2,429,30
401,3,429,30
437,3,429,30
639,3,429,30
945,3,429,30
53,4,429,30
501,4,429,30
515,4,429,30
963,4,429,30
696,5,429,30
64,6,429,30
365,6,429,30
389,6,429,30
132,7,429,30
333,8,429,30
771,8,429,30
172,9,429,30
463,9,429,30
642,9,429,30
232,10,429,30
595,10,429,30
665,10,429,30
837,10,429,30
559,11,429,30
464,13,429,30
733,13,429,30
817,13,429,30
818,14,429,30
774,15,429,30
806,15,429,30
566,17,429,30
386,20,429,30
909,21,429,30
435,22,429,30
802,23,429,30
738,25,429,30
9,26,429,30
52,0,430,30
84,0,430,30
313,0,430,30
496,0,430,30
542,0,430,30
801,0,430,30
305,1,430,30
434,1,430,30
514,1,430,30
772,1,430,30
773,1,430,30
797,1,430,30
817,1,430,30
908,1,430,30
63,2,430,30
171,2,430,30
332,2,430,30
613,2,430,30
641,2,430,30
805,2,430,30
608,3,430,30
358,4,430,30
548,4,430,30
646,4,430,30
737,4,430,30
770,4,430,30
385,5,430,30
594,5,430,30
115,6,430,30
223,7,430,30
364,7,430,30
462,7,430,30
565,7,430,30
836,7,430,30
962,7,430,30
664,8,430,30
463,9,430,30
695,9,430,30
400,10,430,30
28,12,430,30
283,12,430,30
500,13,430,30
558,13,430,30
388,14,430,30
638,14,430,30
8,15,430,30
774,16,430,30
131,18,430,30
944,18,430,30
436,20,430,30
231,21,430,30
65,29,430,30
51,0,431,30
433,0,431,30
645,0,431,30
534,1,431,30
769,1,431,30
771,1,431,30
772,1,431,30
816,1,431,30
907,1,431,30
27,2,431,30
495,2,431,30
637,2,431,30
800,2,431,30
114,3,431,30
384,3,431,30
499,3,431,30
513,3,431,30
835,3,431,30
64,4,431,30
170,4,431,30
461,4,431,30
607,5,431,30
663,5,431,30
7,6,431,30
312,6,431,30
593,6,431,30
694,6,431,30
462,7,431,30
612,7,431,30
961,7,431,30
282,8,431,30
943,8,431,30
222,9,431,30
230,9,431,30
304,9,431,30
357,9,431,30
541,9,431,30
640,9,431,30
557,10,431,30
331,11,431,30
387,12,431,30
399,12,431,30
564,12,431,30
815,12,431,30
435,13,431,30
736,13,431,30
804,13,431,30
773,16,431,30
363,17,431,30
62,19,431,30
731,23,431,30
547,24,431,30
796,25,431,30
50,0,432,30
221,0,432,30
398,0,432,30
460,0,432,30
498,0,432,30
540,0,432,30
592,0,432,30
533,1,432,30
771,1,432,30
814,1,432,30
906,1,432,30
383,2,432,30
386,2,432,30
494,2,432,30
556,2,432,30
636,2,432,30
960,2,432,30
169,3,432,30
303,3,432,30
434,3,432,30
803,3,432,30
834,3,432,30
942,3,432,30
356,4,432,30
461,4,432,30
113,5,432,30
330,5,432,30
662,5,432,30
61,6,432,30
311,6,432,30
693,6,432,30
229,7,432,30
768,7,432,30
815,7,432,30
281,8,432,30
362,8,432,30
735,8,432,30
512,9,432,30
639,9,432,30
563,10,432,30
546,11,432,30
63,12,432,30
82,12,432,30
129,12,432,30
795,12,432,30
26,13,432,30
606,13,432,30
772,13,432,30
770,15,432,30
611,17,432,30
644,17,432,30
799,20,432,30
730,22,432,30
6,24,432,30
432,24,432,30
62,0,433,30
431,0,433,30
459,0,433,30
460,0,433,30
539,0,433,30
638,0,433,30
643,0,433,30
798,0,433,30
60,1,433,30
532,1,433,30
605,1,433,30
610,1,433,30
767,1,433,30
769,1,433,30
813,1,433,30
941,1,433,30
5,2,433,30
81,2,433,30
280,2,433,30
382,2,433,30
493,2,433,30
555,2,433,30
591,2,433,30
635,2,433,30
959,2,433,30
999,2,433,30
220,3,433,30
228,3,433,30
497,3,433,30
692,3,433,30
770,3,433,30
771,3,433,30
802,3,433,30
25,4,433,30
355,4,433,30
385,5,433,30
112,6,433,30
310,6,433,30
361,6,433,30
814,6,433,30
562,7,433,30
128,10,433,30
511,10,433,30
168,11,433,30
49,12,433,30
905,13,433,30
661,14,433,30
794,15,433,30
397,16,433,30
433,16,433,30
729,16,433,30
734,16,433,30
545,21,433,30
833,26,433,30
302,29,433,30
24,0,434,30
301,0,434,30
360,0,434,30
459,0,434,30
496,0,434,30
538,0,434,30
728,0,434,30
812,0,434,30
904,0,434,30
127,1,434,30
432,1,434,30
458,1,434,30
604,1,434,30
609,1,434,30
691,1,434,30
48,2,434,30
227,2,434,30
328,2,434,30
381,2,434,30
554,2,434,30
637,2,434,30
660,2,434,30
793,2,434,30
80,3,434,30
384,3,434,30
769,3,434,30
770,3,434,30
958,3,434,30
4,4,434,30
492,4,434,30
801,4,434,30
111,5,434,30
813,5,434,30
998,5,434,30
61,6,434,30
279,6,434,30
396,6,434,30
561,6,434,30
590,6,434,30
797,6,434,30
309,7,434,30
430,7,434,30
940,7,434,30
59,8,434,30
733,8,434,30
642,9,434,30
531,10,434,30
167,11,434,30
766,12,434,30
832,13,434,30
219,15,434,30
768,15,434,30
354,18,434,30
510,18,434,30
634,20,434,30
544,26,434,30
3,0,435,30
23,0,435,30
300,0,435,30
353,0,435,30
359,0,435,30
380,0,435,30
395,0,435,30
431,0,435,30
509,0,435,30
530,0,435,30
589,0,435,30
765,0,435,30
812,0,435,30
903,0,435,30
537,1,435,30
636,1,435,30
690,1,435,30
732,1,435,30
769,1,435,30
47,2,435,30
383,2,435,30
641,2,435,30
768,2,435,30
792,2,435,30
495,3,435,30
831,3,435,30
58,4,435,30
79,4,435,30
491,5,435,30
659,5,435,30
811,5,435,30
60,6,435,30
997,6,435,30
553,7,435,30
939,7,435,30
957,7,435,30
543,8,435,30
727,8,435,30
110,9,435,30
166,9,435,30
327,9,435,30
457,10,435,30
796,10,435,30
633,12,435,30
767,13,435,30
800,14,435,30
603,15,435,30
429,16,435,30
218,17,435,30
278,17,435,30
226,18,435,30
458,19,435,30
560,19,435,30
308,20,435,30
225,0,436,30
326,0,436,30
379,0,436,30
588,0,436,30
764,0,436,30
902,0,436,30
46,1,436,30
536,1,436,30
602,1,436,30
635,1,436,30
658,1,436,30
731,1,436,30
767,1,436,30
109,2,436,30
382,2,436,30
938,2,436,30
768,3,436,30
811,3,436,30
57,4,436,30
307,4,436,30
726,4,436,30
217,5,436,30
430,5,436,30
810,5,436,30
277,6,436,30
607,6,436,30
165,7,436,30
358,7,436,30
428,7,436,30
996,7,436,30
394,8,436,30
456,8,436,30
542,8,436,30
632,8,436,30
640,9,436,30
799,9,436,30
352,10,436,30
457,10,436,30
766,10,436,30
956,10,436,30
559,11,436,30
299,12,436,30
508,12,436,30
529,12,436,30
795,12,436,30
59,13,436,30
494,13,436,30
2,14,436,30
125,14,436,30
791,14,436,30
689,16,436,30
78,18,436,30
830,18,436,30
22,19,436,30
552,20,436,30
490,22,436,30
56,0,437,30
108,0,437,30
164,0,437,30
298,0,437,30
393,0,437,30
456,0,437,30
493,0,437,30
507,0,437,30
763,0,437,30
765,0,437,30
798,0,437,30
829,0,437,30
937,0,437,30
21,1,437,30
378,1,437,30
657,1,437,30
730,1,437,30
351,2,437,30
381,2,437,30
587,2,437,30
995,2,437,30
427,3,437,30
766,3,437,30
767,3,437,30
810,3,437,30
1,4,437,30
77,4,437,30
276,4,437,30
794,4,437,30
688,5,437,30
725,5,437,30
45,6,437,30
58,6,437,30
216,6,437,30
306,6,437,30
325,6,437,30
528,6,437,30
606,6,437,30
124,7,437,30
224,7,437,30
357,7,437,30
455,7,437,30
955,7,437,30
541,8,437,30
631,9,437,30
639,9,437,30
535,10,437,30
634,11,437,30
489,12,437,30
901,13,437,30
790,14,437,30
551,15,437,30
601,18,437,30
429,22,437,30
809,24,437,30
558,27,437,30
215,0,438,30
380,0,438,30
455,0,438,30
550,0,438,30
557,0,438,30
586,0,438,30
764,0,438,30
765,0,438,30
808,0,438,30
936,0,438,30
305,1,438,30
392,1,438,30
605,1,438,30
729,1,438,30
57,2,438,30
76,2,438,30
275,2,438,30
297,2,438,30
350,2,438,30
377,2,438,30
534,2,438,30
656,2,438,30
724,2,438,30
828,2,438,30
954,2,438,30
687,3,438,30
766,3,438,30
44,4,438,30
123,4,438,30
55,5,438,30
356,5,438,30
20,6,438,30
488,6,438,30
506,6,438,30
762,6,438,30
994,6,438,30
107,7,438,30
223,7,438,30
428,7,438,30
454,7,438,30
540,8,438,30
793,8,438,30
900,8,438,30
527,11,438,30
0,12,438,30
633,12,438,30
492,13,438,30
600,13,438,30
638,15,438,30
797,18,438,30
163,19,438,30
324,19,438,30
809,19,438,30
630,20,438,30
789,20,438,30
43,0,439,30
323,0,439,30
379,0,439,30
391,0,439,30
505,0,439,30
549,0,439,30
728,0,439,30
763,0,439,30
764,0,439,30
808,0,439,30
935,0,439,30
376,1,439,30
427,1,439,30
604,1,439,30
723,1,439,30
807,1,439,30
899,1,439,30
56,2,439,30
122,2,439,30
637,2,439,30
761,2,439,30
993,2,439,30
487,3,439,30
765,3,439,30
296,4,439,30
349,4,439,30
599,4,439,30
162,5,439,30
355,5,439,30
454,6,439,30
585,6,439,30
491,7,439,30
556,7,439,30
629,7,439,30
54,8,439,30
274,8,439,30
632,8,439,30
655,8,439,30
796,8,439,30
19,9,439,30
222,9,439,30
304,9,439,30
533,9,439,30
827,9,439,30
75,10,439,30
106,10,439,30
686,10,439,30
526,11,439,30
792,11,439,30
214,15,439,30
953,15,439,30
425,16,439,30
453,18,439,30
788,18,439,30
539,24,439,30
18,0,440,30
105,0,440,30
213,0,440,30
760,0,440,30
763,0,440,30
74,1,440,30
273,1,440,30
378,1,440,30
426,1,440,30
452,1,440,30
807,1,440,30
826,1,440,30
295,2,440,30
375,2,440,30
532,2,440,30
628,2,440,30
636,2,440,30
722,2,440,30
934,2,440,30
992,2,440,30
53,3,440,30
161,3,440,30
221,3,440,30
303,3,440,30
762,3,440,30
548,4,440,30
598,4,440,30
952,4,440,30
55,5,440,30
348,6,440,30
42,7,440,30
490,7,440,30
453,9,440,30
504,9,440,30
791,9,440,30
795,9,440,30
322,10,440,30
538,10,440,30
584,11,440,30
121,12,440,30
354,12,440,30
525,12,440,30
685,12,440,30
631,15,440,30
654,16,440,30
806,17,440,30
486,18,440,30
764,18,440,30
787,18,440,30
898,18,440,30
727,19,440,30
390,21,440,30
424,21,440,30
555,23,440,30
17,0,441,30
272,0,441,30
759,0,441,30
951,0,441,30
524,1,441,30
602,1,441,30
212,2,441,30
294,2,441,30
321,2,441,30
377,2,441,30
531,2,441,30
583,2,441,30
635,2,441,30
721,2,441,30
761,2,441,30
763,2,441,30
805,2,441,30
991,2,441,30
52,3,441,30
220,3,441,30
423,3,441,30
485,3,441,30
489,3,441,30
627,3,441,30
762,3,441,30
897,3,441,30
653,4,441,30
786,4,441,30
790,4,441,30
41,5,441,30
73,5,441,30
160,5,441,30
503,5,441,30
389,6,441,30
933,7,441,30
120,8,441,30
794,8,441,30
554,9,441,30
726,9,441,30
451,11,441,30
597,11,441,30
537,12,441,30
353,13,441,30
825,13,441,30
806,15,441,30
302,20,441,30
547,20,441,30
630,20,441,30
104,21,441,30
347,21,441,30
374,24,441,30
54,28,441,30
452,29,441,30
40,0,442,30
219,0,442,30
376,0,442,30
422,0,442,30
450,0,442,30
530,0,442,30
629,0,442,30
824,0,442,30
373,1,442,30
553,1,442,30
119,2,442,30
159,2,442,30
320,2,442,30
601,2,442,30
683,2,442,30
761,2,442,30
805,2,442,30
53,3,442,30
211,3,442,30
758,3,442,30
760,3,442,30
990,3,442,30
51,4,442,30
484,4,442,30
536,4,442,30
546,4,442,30
652,4,442,30
950,4,442,30
16,5,442,30
785,5,442,30
488,6,442,30
502,6,442,30
523,6,442,30
762,6,442,30
725,7,442,30
793,8,442,30
293,10,442,30
451,11,442,30
271,12,442,30
346,12,442,30
932,12,442,30
301,13,442,30
352,13,442,30
388,13,442,30
804,13,442,30
896,13,442,30
582,15,442,30
596,15,442,30
720,15,442,30
72,18,442,30
626,19,442,30
103,20,442,30
634,20,442,30
424,21,442,30
71,0,443,30
450,0,443,30
595,0,443,30
600,0,443,30
628,0,443,30
118,1,443,30
931,1,443,30
351,2,443,30
375,2,443,30
522,2,443,30
757,2,443,30
759,2,443,30
52,3,443,30
372,3,443,30
423,3,443,30
625,3,443,30
895,3,443,30
989,3,443,30
50,4,443,30
210,4,443,30
270,4,443,30
501,4,443,30
682,4,443,30
784,4,443,30
319,5,443,30
449,5,443,30
535,5,443,30
545,5,443,30
803,5,443,30
421,6,443,30
651,6,443,30
158,7,443,30
792,7,443,30
345,8,443,30
788,8,443,30
823,8,443,30
102,9,443,30
300,9,443,30
581,9,443,30
719,9,443,30
529,10,443,30
483,11,443,30
804,11,443,30
39,13,443,30
218,14,443,30
761,15,443,30
949,18,443,30
760,21,443,30
387,22,443,30
724,22,443,30
487,25,443,30
292,26,443,30
552,27,443,30
633,29,443,30
101,0,444,30
318,0,444,30
422,0,444,30
482,0,444,30
627,0,444,30
930,0,444,30
117,1,444,30
209,1,444,30
344,1,444,30
544,1,444,30
723,1,444,30
291,2,444,30
350,2,444,30
371,2,444,30
386,2,444,30
534,2,444,30
580,2,444,30
599,2,444,30
624,2,444,30
894,2,444,30
420,3,444,30
521,3,444,30
551,3,444,30
756,3,444,30
760,3,444,30
803,3,444,30
38,4,444,30
594,4,444,30
681,4,444,30
822,4,444,30
217,5,444,30
449,5,444,30
528,5,444,30
70,6,444,30
783,6,444,30
787,6,444,30
448,7,444,30
486,7,444,30
632,7,444,30
718,9,444,30
49,10,444,30
802,10,444,30
157,11,444,30
500,11,444,30
299,13,444,30
14,14,444,30
758,14,444,30
759,14,444,30
791,14,444,30
51,18,444,30
650,18,444,30
948,20,444,30
988,20,444,30
374,26,444,30
298,0,445,30
370,0,445,30
373,0,445,30
419,0,445,30
481,0,445,30
550,0,445,30
680,0,445,30
100,1,445,30
208,1,445,30
543,1,445,30
48,2,445,30
216,2,445,30
598,2,445,30
782,2,445,30
37,3,445,30
485,3,445,30
499,3,445,30
755,3,445,30
758,3,445,30
802,3,445,30
116,4,445,30
156,4,445,30
579,4,445,30
593,4,445,30
786,4,445,30
790,4,445,30
987,4,445,30
317,5,445,30
527,5,445,30
268,6,445,30
290,6,445,30
626,6,445,30
649,6,445,30
722,6,445,30
757,6,445,30
801,7,445,30
821,7,445,30
929,7,445,30
13,8,445,30
343,8,445,30
520,8,445,30
69,9,445,30
421,10,445,30
50,11,445,30
385,11,445,30
533,11,445,30
717,11,445,30
349,14,445,30
759,14,445,30
631,15,445,30
947,20,445,30
447,22,445,30
623,23,445,30
448,24,445,30
893,25,445,30
155,0,446,30
215,0,446,30
289,0,446,30
316,0,446,30
446,0,446,30
542,0,446,30
549,0,446,30
625,0,446,30
679,0,446,30
801,0,446,30
820,0,446,30
892,0,446,30
99,1,446,30
622,1,446,30
47,2,446,30
369,2,446,30
420,2,446,30
789,2,446,30
12,3,446,30
342,3,446,30
372,3,446,30
384,3,446,30
526,3,446,30
756,3,446,30
785,3,446,30
36,4,446,30
519,4,446,30
578,4,446,30
592,5,446,30
648,5,446,30
716,5,446,30
986,5,446,30
267,6,446,30
781,6,446,30
800,6,446,30
115,7,446,30
297,7,446,30
928,7,446,30
758,9,446,30
207,10,446,30
498,10,446,30
484,11,446,30
532,11,446,30
597,11,446,30
754,11,446,30
721,12,446,30
757,14,446,30
68,15,446,30
418,15,446,30
946,15,446,30
480,20,446,30
630,20,446,30
447,22,446,30
383,0,447,30
419,0,447,30
445,0,447,30
446,0,447,30
479,0,447,30
756,0,447,30
819,0,447,30
46,1,447,30
154,1,447,30
214,1,447,30
315,1,447,30
715,1,447,30
371,2,447,30
591,2,447,30
800,2,447,30
11,3,447,30
98,3,447,30
624,3,447,30
755,3,447,30
784,3,447,30
891,3,447,30
945,3,447,30
296,4,447,30
548,4,447,30
780,4,447,30
596,5,447,30
647,5,447,30
788,5,447,30
985,5,447,30
288,6,447,30
720,6,447,30
753,6,447,30
757,6,447,30
114,7,447,30
483,7,447,30
341,8,447,30
518,8,447,30
541,8,447,30
206,9,447,30
497,9,447,30
621,9,447,30
678,9,447,30
799,9,447,30
35,11,447,30
927,11,447,30
525,12,447,30
368,14,447,30
531,14,447,30
347,15,447,30
266,16,447,30
67,17,447,30
417,17,447,30
48,18,447,30
577,21,447,30
629,23,447,30
10,0,448,30
97,0,448,30
213,0,448,30
445,0,448,30
478,0,448,30
496,0,448,30
540,0,448,30
756,0,448,30
798,0,448,30
926,0,448,30
153,1,448,30
620,1,448,30
45,2,448,30
314,2,448,30
370,2,448,30
628,2,448,30
530,3,448,30
677,3,448,30
719,3,448,30
265,4,448,30
517,4,448,30
524,4,448,30
646,4,448,30
755,4,448,30
818,4,448,30
205,5,448,30
295,5,448,30
714,5,448,30
944,5,448,30
367,6,448,30
623,6,448,30
787,6,448,30
66,7,448,30
382,7,448,30
754,7,448,30
287,8,448,30
416,8,448,30
595,8,448,30
444,9,448,30
113,10,448,30
590,10,448,30
779,10,448,30
340,11,448,30
752,11,448,30
34,12,448,30
346,12,448,30
890,15,448,30
984,15,448,30
783,16,448,30
47,17,448,30
799,20,448,30
418,22,448,30
482,28,448,30
204,0,449,30
539,0,449,30
575,0,449,30
713,0,449,30
751,0,449,30
46,1,449,30
286,1,449,30
622,1,449,30
718,1,449,30
817,1,449,30
889,1,449,30
112,2,449,30
212,2,449,30
369,2,449,30
444,2,449,30
782,2,449,30
797,2,449,30
983,2,449,30
516,3,449,30
676,3,449,30
313,4,449,30
415,4,449,30
523,4,449,30
546,4,449,30
594,5,449,30
619,5,449,30
753,5,449,30
925,5,449,30
381,6,449,30
786,6,449,30
96,7,449,30
627,7,449,30
754,7,449,30
65,8,449,30
495,8,449,30
755,8,449,30
798,8,449,30
943,8,449,30
152,9,449,30
345,10,449,30
481,10,449,30
778,10,449,30
294,11,449,30
339,11,449,30
44,12,449,30
9,13,449,30
33,13,449,30
264,14,449,30
366,14,449,30
529,14,449,30
417,17,449,30
589,17,449,30
443,18,449,30
645,18,449,30
477,29,449,30
43,0,450,30
380,0,450,30
538,0,450,30
574,0,450,30
750,0,450,30
781,0,450,30
982,0,450,30
111,1,450,30
203,1,450,30
344,1,450,30
588,1,450,30
797,1,450,30
816,1,450,30
416,2,450,30
443,2,450,30
515,2,450,30
522,2,450,30
414,3,450,30
785,3,450,30
64,4,450,30
8,5,450,30
480,5,450,30
545,5,450,30
796,5,450,30
888,5,450,30
312,6,450,30
593,6,450,30
621,6,450,30
924,6,450,30
95,7,450,30
285,7,450,30
338,7,450,30
442,7,450,30
476,7,450,30
717,7,450,30
753,7,450,30
32,9,450,30
45,9,450,30
151,10,450,30
293,10,450,30
712,10,450,30
942,10,450,30
618,11,450,30
754,11,450,30
368,13,450,30
494,13,450,30
752,13,450,30
644,15,450,30
263,16,450,30
528,17,450,30
777,17,450,30
675,18,450,30
211,20,450,30
365,25,450,30
626,25,450,30
7,0,451,30
31,0,451,30
94,0,451,30
367,0,451,30
379,0,451,30
592,0,451,30
716,0,451,30
751,0,451,30
780,0,451,30
784,0,451,30
815,0,451,30
981,0,451,30
150,1,451,30
573,1,451,30
620,1,451,30
795,1,451,30
941,1,451,30
202,2,451,30
415,2,451,30
587,2,451,30
521,3,451,30
544,4,451,30
617,4,451,30
44,5,451,30
479,5,451,30
311,6,451,30
343,6,451,30
364,7,451,30
674,7,451,30
42,8,451,30
475,8,451,30
493,8,451,30
776,8,451,30
796,8,451,30
110,9,451,30
441,9,451,30
337,11,451,30
752,11,451,30
63,12,451,30
527,13,451,30
413,14,451,30
753,14,451,30
210,15,451,30
625,16,451,30
643,16,451,30
749,16,451,30
284,17,451,30
292,18,451,30
537,19,451,30
887,21,451,30
442,22,451,30
43,0,452,30
62,0,452,30
209,0,452,30
336,0,452,30
412,0,452,30
440,0,452,30
750,0,452,30
751,0,452,30
775,0,452,30
980,0,452,30
378,1,452,30
886,1,452,30
109,2,452,30
149,2,452,30
520,2,452,30
591,2,452,30
624,2,452,30
673,2,452,30
41,3,452,30
93,3,452,30
342,3,452,30
414,3,452,30
474,3,452,30
526,3,452,30
291,4,452,30
536,4,452,30
794,4,452,30
30,5,452,30
478,5,452,30
492,5,452,30
616,5,452,30
619,5,452,30
715,5,452,30
310,6,452,30
441,6,452,30
543,6,452,30
783,6,452,30
814,6,452,30
513,7,452,30
940,7,452,30
586,8,452,30
748,10,452,30
6,11,452,30
572,11,452,30
922,11,452,30
366,13,452,30
752,13,452,30
261,15,452,30
779,15,452,30
201,17,452,30
363,17,452,30
642,18,452,30
795,21,452,30
283,28,452,30
710,28,452,30
29,0,453,30
40,0,453,30
108,0,453,30
341,0,453,30
439,0,453,30
571,0,453,30
672,0,453,30
709,0,453,30
750,0,453,30
979,0,453,30
208,1,453,30
365,1,453,30
615,1,453,30
618,1,453,30
921,1,453,30
5,2,453,30
92,2,453,30
751,2,453,30
782,2,453,30
793,2,453,30
885,2,453,30
362,3,453,30
585,3,453,30
148,4,453,30
260,4,453,30
473,4,453,30
477,4,453,30
519,4,453,30
749,4,453,30
794,4,453,30
491,5,453,30
714,5,453,30
290,6,453,30
440,6,453,30
623,6,453,30
641,6,453,30
42,7,453,30
377,7,453,30
512,7,453,30
939,7,453,30
61,9,453,30
335,10,453,30
747,10,453,30
590,12,453,30
309,13,453,30
774,13,453,30
535,14,453,30
542,15,453,30
813,15,453,30
200,18,453,30
413,18,453,30
282,20,453,30
411,25,453,30
525,25,453,30
778,27,453,30
91,0,454,30
289,0,454,30
376,0,454,30
410,0,454,30
412,0,454,30
584,0,454,30
589,0,454,30
748,0,454,30
781,0,454,30
472,1,454,30
490,1,454,30
524,1,454,30
534,1,454,30
614,1,454,30
640,1,454,30
920,1,454,30
41,2,454,30
708,2,454,30
713,2,454,30
792,2,454,30
793,2,454,30
938,2,454,30
60,3,454,30
199,3,454,30
361,3,454,30
511,3,454,30
334,4,454,30
476,4,454,30
617,4,454,30
749,4,454,30
773,4,454,30
777,4,454,30
884,4,454,30
4,5,454,30
259,5,454,30
750,5,454,30
39,6,454,30
340,6,454,30
438,6,454,30
622,6,454,30
364,7,454,30
746,7,454,30
812,7,454,30
570,9,454,30
978,10,454,30
518,11,454,30
541,11,454,30
28,12,454,30
308,14,454,30
671,15,454,30
439,18,454,30
107,23,454,30
207,23,454,30
281,27,454,30
147,28,454,30
90,0,455,30
360,0,455,30
583,0,455,30
588,0,455,30
745,0,455,30
780,0,455,30
3,1,455,30
533,1,455,30
707,1,455,30
811,1,455,30
40,2,455,30
59,2,455,30
206,2,455,30
792,2,455,30
883,2,455,30
198,3,455,30
280,3,455,30
489,3,455,30
510,3,455,30
569,3,455,30
712,3,455,30
977,3,455,30
475,4,455,30
523,4,455,30
540,4,455,30
670,4,455,30
747,4,455,30
748,4,455,30
106,5,455,30
258,5,455,30
409,5,455,30
616,5,455,30
288,6,455,30
621,6,455,30
919,6,455,30
38,7,455,30
307,7,455,30
375,7,455,30
411,8,455,30
776,8,455,30
146,9,455,30
333,9,455,30
339,9,455,30
438,9,455,30
517,9,455,30
639,9,455,30
471,10,455,30
27,11,455,30
749,13,455,30
613,19,455,30
772,22,455,30
937,22,455,30
363,24,455,30
437,24,455,30
359,0,456,30
410,0,456,30
638,0,456,30
775,0,456,30
26,1,456,30
58,1,456,30
105,1,456,30
279,1,456,30
488,1,456,30
532,1,456,30
615,1,456,30
620,1,456,30
706,1,456,30
744,1,456,30
882,1,456,30
332,2,456,30
748,2,456,30
89,3,456,30
145,3,456,30
257,3,456,30
362,3,456,30
810,3,456,30
747,4,456,30
790,4,456,30
918,4,456,30
976,4,456,30
205,5,456,30
287,5,456,30
516,5,456,30
582,5,456,30
39,6,456,30
568,6,456,30
771,6,456,30
37,7,456,30
306,7,456,30
338,7,456,30
408,7,456,30
437,7,456,30
522,7,456,30
436,8,456,30
669,8,456,30
746,8,456,30
587,9,456,30
791,9,456,30
474,11,456,30
197,13,456,30
470,13,456,30
2,14,456,30
539,14,456,30
779,15,456,30
936,15,456,30
509,16,456,30
711,20,456,30
612,25,456,30
374,26,456,30
196,0,457,30
204,0,457,30
373,0,457,30
25,1,457,30
305,1,457,30
487,1,457,30
521,1,457,30
538,1,457,30
614,1,457,30
705,1,457,30
38,2,457,30
407,2,457,30
515,2,457,30
531,2,457,30
745,2,457,30
144,3,457,30
256,3,457,30
361,3,457,30
567,3,457,30
935,3,457,30
1,4,457,30
358,4,457,30
790,4,457,30
409,5,457,30
581,5,457,30
917,5,457,30
975,5,457,30
36,6,457,30
747,6,457,30
88,7,457,30
278,7,457,30
619,7,457,30
743,8,457,30
746,8,457,30
337,9,457,30
637,9,457,30
286,10,457,30
469,10,457,30
57,13,457,30
668,13,457,30
586,15,457,30
770,15,457,30
774,15,457,30
435,16,457,30
473,16,457,30
778,16,457,30
331,17,457,30
611,17,457,30
881,17,457,30
809,19,457,30
436,20,457,30
789,21,457,30
508,22,457,30
104,23,457,30
24,0,458,30
56,0,458,30
360,0,458,30
406,0,458,30
507,0,458,30
709,0,458,30
0,1,458,30
87,1,458,30
203,1,458,30
472,1,458,30
486,1,458,30
514,1,458,30
530,1,458,30
537,1,458,30
610,1,458,30
744,1,458,30
769,1,458,30
773,1,458,30
37,2,458,30
255,2,458,30
434,2,458,30
468,2,458,30
520,2,458,30
613,2,458,30
745,2,458,30
789,2,458,30
916,2,458,30
974,2,458,30
336,3,458,30
585,3,458,30
934,3,458,30
143,4,458,30
742,4,458,30
777,4,458,30
277,5,458,30
788,5,458,30
285,7,458,30
357,7,458,30
372,7,458,30
408,7,458,30
704,7,458,30
746,7,458,30
808,7,458,30
35,8,458,30
566,8,458,30
304,11,458,30
580,11,458,30
636,11,458,30
330,13,458,30
667,13,458,30
618,14,458,30
195,15,458,30
880,17,458,30
435,21,458,30
23,0,459,30
254,0,459,30
276,0,459,30
359,0,459,30
433,0,459,30
303,1,459,30
536,1,459,30
609,1,459,30
772,1,459,30
467,2,459,30
708,2,459,30
745,2,459,30
768,2,459,30
879,2,459,30
915,2,459,30
55,3,459,30
86,3,459,30
284,3,459,30
513,3,459,30
36,4,459,30
142,4,459,30
202,4,459,30
356,4,459,30
519,4,459,30
741,4,459,30
973,4,459,30
617,5,459,30
788,5,459,30
933,5,459,30
371,6,459,30
407,6,459,30
434,6,459,30
565,7,459,30
579,7,459,30
612,7,459,30
787,7,459,30
34,8,459,30
102,8,459,30
405,8,459,30
635,8,459,30
194,9,459,30
485,9,459,30
807,10,459,30
666,11,459,30
471,12,459,30
335,17,459,30
584,18,459,30
703,19,459,30
744,19,459,30
329,20,459,30
506,22,459,30
743,23,459,30
529,24,459,30
776,25,459,30
101,0,460,30
193,0,460,30
334,0,460,30
370,0,460,30
406,0,460,30
433,0,460,30
253,1,460,30
302,1,460,30
470,1,460,30
771,1,460,30
786,1,460,30
85,2,460,30
275,2,460,30
328,2,460,30
505,2,460,30
578,2,460,30
914,2,460,30
528,3,460,30
744,3,460,30
141,4,460,30
355,4,460,30
484,4,460,30
740,4,460,30
878,4,460,30
358,5,460,30
404,5,460,30
616,5,460,30
665,6,460,30
787,6,460,30
33,7,460,30
512,7,460,30
583,7,460,30
608,7,460,30
767,7,460,30
775,7,460,30
518,8,460,30
707,8,460,30
972,8,460,30
742,9,460,30
35,10,460,30
634,11,460,30
22,12,460,30
283,12,460,30
466,12,460,30
564,13,460,30
611,13,460,30
535,14,460,30
54,15,460,30
702,15,460,30
806,15,460,30
932,21,460,30
743,23,460,30
432,24,460,30
201,28,460,30
431,0,461,30
465,0,461,30
21,1,461,30
432,1,461,30
504,1,461,30
527,1,461,30
534,1,461,30
615,1,461,30
785,1,461,30
301,2,461,30
357,2,461,30
786,2,461,30
805,2,461,30
53,3,461,30
84,3,461,30
274,3,461,30
743,3,461,30
913,3,461,30
192,4,461,30
517,4,461,30
706,4,461,30
739,4,461,30
931,4,461,30
252,5,461,30
563,5,461,30
582,5,461,30
607,5,461,30
742,6,461,30
877,6,461,30
333,7,461,30
369,7,461,30
403,7,461,30
483,7,461,30
741,7,461,30
405,8,461,30
469,8,461,30
701,8,461,30
327,9,461,30
766,10,461,30
140,11,461,30
664,11,461,30
971,11,461,30
32,12,461,30
34,12,461,30
282,12,461,30
354,12,461,30
511,12,461,30
774,13,461,30
100,17,461,30
610,18,461,30
200,21,461,30
770,26,461,30
31,0,462,30
99,0,462,30
251,0,462,30
326,0,462,30
353,0,462,30
431,0,462,30
482,0,462,30
742,0,462,30
281,1,462,30
503,1,462,30
510,1,462,30
533,1,462,30
576,1,462,30
614,1,462,30
769,1,462,30
356,2,462,30
52,3,462,30
139,3,462,30
273,3,462,30
741,3,462,30
784,3,462,30
20,4,462,30
468,4,462,30
773,4,462,30
332,5,462,30
404,5,462,30
516,5,462,30
581,5,462,30
740,5,462,30
191,6,462,30
663,6,462,30
876,6,462,30
402,7,462,30
430,7,462,30
930,7,462,30
970,7,462,30
368,8,462,30
632,8,462,30
464,10,462,30
609,10,462,30
765,10,462,30
912,10,462,30
33,13,462,30
300,13,462,30
606,13,462,30
738,13,462,30
804,13,462,30
700,14,462,30
562,20,462,30
526,25,462,30
705,25,462,30
785,25,462,30
367,0,463,30
481,0,463,30
509,0,463,30
704,0,463,30
740,0,463,30
502,1,463,30
532,1,463,30
561,1,463,30
280,2,463,30
325,2,463,30
515,2,463,30
613,2,463,30
98,3,463,30
250,3,463,30
299,3,463,30
401,3,463,30
739,3,463,30
803,3,463,30
875,3,463,30
580,4,463,30
741,4,463,30
30,5,463,30
82,5,463,30
272,5,463,30
430,5,463,30
198,6,463,30
331,6,463,30
467,6,463,30
768,7,463,30
929,7,463,30
969,7,463,30
355,8,463,30
463,8,463,30
699,8,463,30
764,8,463,30
911,8,463,30
32,9,463,30
631,9,463,30
737,9,463,30
352,10,463,30
605,10,463,30
608,10,463,30
138,12,463,30
190,12,463,30
403,12,463,30
429,12,463,30
772,13,463,30
784,17,463,30
19,18,463,30
51,18,463,30
525,24,463,30
662,29,463,30
18,0,464,30
97,0,464,30
249,0,464,30
298,0,464,30
740,0,464,30
279,1,464,30
501,1,464,30
514,1,464,30
763,1,464,30
874,1,464,30
81,2,464,30
330,2,464,30
531,2,464,30
736,2,464,30
782,2,464,30
271,3,464,30
802,3,464,30
137,4,464,30
366,4,464,30
574,4,464,30
579,4,464,30
698,4,464,30
31,5,464,30
428,5,464,30
508,5,464,30
910,5,464,30
607,6,464,30
771,6,464,30
783,6,464,30
462,7,464,30
612,7,464,30
767,7,464,30
928,7,464,30
351,8,464,30
400,8,464,30
524,8,464,30
739,8,464,30
197,10,464,30
50,12,464,30
429,12,464,30
466,12,464,30
480,12,464,30
354,13,464,30
661,13,464,30
703,13,464,30
738,13,464,30
604,20,464,30
630,20,464,30
560,22,464,30
324,23,464,30
968,29,464,30
17,0,465,30
80,0,465,30
196,0,465,30
323,0,465,30
507,0,465,30
629,0,465,30
697,0,465,30
781,0,465,30
801,0,465,30
427,1,465,30
500,1,465,30
530,1,465,30
573,1,465,30
873,1,465,30
248,2,465,30
297,2,465,30
660,2,465,30
735,2,465,30
909,2,465,30
513,3,465,30
739,3,465,30
967,3,465,30
578,4,465,30
611,4,465,30
770,4,465,30
30,5,465,30
428,5,465,30
365,6,465,30
606,6,465,30
762,6,465,30
782,6,465,30
96,7,465,30
278,7,465,30
479,7,465,30
461,8,465,30
523,8,465,30
49,10,465,30
350,10,465,30
401,10,465,30
353,11,465,30
927,11,465,30
270,12,465,30
399,12,465,30
465,12,465,30
559,13,465,30
766,13,465,30
603,15,465,30
702,18,465,30
136,20,465,30
329,20,465,30
28,22,465,30
738,24,465,30
188,27,465,30
737,27,465,30
29,0,466,30
269,0,466,30
628,0,466,30
780,0,466,30
926,0,466,30
322,1,466,30
426,1,466,30
499,1,466,30
558,1,466,30
602,1,466,30
769,1,466,30
800,1,466,30
908,1,466,30
27,2,466,30
464,2,466,30
522,2,466,30
736,2,466,30
761,2,466,30
966,2,466,30
48,3,466,30
427,3,466,30
79,4,466,30
187,4,466,30
328,4,466,30
400,4,466,30
605,4,466,30
737,4,466,30
16,5,466,30
95,6,466,30
247,6,466,30
696,6,466,30
781,6,466,30
398,7,466,30
460,7,466,30
872,7,466,30
364,9,466,30
529,10,466,30
577,10,466,30
277,12,466,30
610,12,466,30
135,13,466,30
352,13,466,30
349,14,466,30
195,15,466,30
572,15,466,30
659,15,466,30
506,17,466,30
734,18,466,30
296,21,466,30
478,21,466,30
765,21,466,30
512,24,466,30
701,24,466,30
738,24,466,30
268,0,467,30
276,0,467,30
498,0,467,30
505,0,467,30
627,0,467,30
760,0,467,30
965,0,467,30
521,1,467,30
576,1,467,30
907,1,467,30
78,2,467,30
94,2,467,30
459,2,467,30
601,2,467,30
609,2,467,30
735,2,467,30
399,3,467,30
511,3,467,30
780,3,467,30
134,4,467,30
186,4,467,30
327,4,467,30
477,4,467,30
733,4,467,30
737,4,467,30
528,5,467,30
736,5,467,30
925,5,467,30
246,6,467,30
557,6,467,30
779,6,467,30
15,7,467,30
871,7,467,30
351,8,467,30
397,8,467,30
463,8,467,30
194,9,467,30
695,9,467,30
799,9,467,30
28,12,467,30
700,12,467,30
26,13,467,30
425,14,467,30
426,14,467,30
295,15,467,30
658,15,467,30
768,15,467,30
321,16,467,30
47,18,467,30
764,18,467,30
348,25,467,30
363,26,467,30
193,0,468,30
326,0,468,30
398,0,468,30
600,0,468,30
759,0,468,30
46,1,468,30
185,1,468,30
294,1,468,30
510,1,468,30
732,1,468,30
763,1,468,30
870,1,468,30
906,1,468,30
964,1,468,30
27,2,468,30
133,2,468,30
497,2,468,30
520,2,468,30
556,2,468,30
736,2,468,30
14,3,468,30
93,3,468,30
267,3,468,30
320,3,468,30
362,3,468,30
476,3,468,30
25,4,468,30
77,4,468,30
275,4,468,30
924,4,468,30
350,5,468,30
527,5,468,30
575,5,468,30
798,5,468,30
626,6,468,30
694,6,468,30
570,8,468,30
699,8,468,30
735,8,468,30
458,9,468,30
462,9,468,30
608,10,468,30
778,10,468,30
504,11,468,30
767,13,468,30
424,14,468,30
425,14,468,30
657,15,468,30
245,16,468,30
347,17,468,30
396,19,468,30
734,25,468,30
24,0,469,30
132,0,469,30
346,0,469,30
395,0,469,30
496,0,469,30
625,0,469,30
13,1,469,30
293,1,469,30
555,1,469,30
731,1,469,30
45,2,469,30
76,2,469,30
244,2,469,30
599,2,469,30
602,2,469,30
735,2,469,30
797,2,469,30
274,3,469,30
319,3,469,30
361,3,469,30
503,3,469,30
569,3,469,30
192,4,469,30
475,4,469,30
698,4,469,30
869,4,469,30
963,4,469,30
509,5,469,30
519,5,469,30
607,5,469,30
92,6,469,30
325,6,469,30
423,6,469,30
457,6,469,30
656,6,469,30
693,6,469,30
349,8,469,30
397,8,469,30
424,8,469,30
574,8,469,30
733,8,469,30
184,9,469,30
526,10,469,30
766,10,469,30
266,11,469,30
461,11,469,30
762,13,469,30
905,13,469,30
758,15,469,30
778,16,469,30
26,18,469,30
734,18,469,30
923,18,469,30
777,22,469,30
23,0,470,30
191,0,470,30
318,0,470,30
345,0,470,30
360,0,470,30
422,0,470,30
456,0,470,30
460,0,470,30
904,0,470,30
573,1,470,30
730,1,470,30
732,1,470,30
273,2,470,30
423,2,470,30
495,2,470,30
554,2,470,30
598,2,470,30
601,2,470,30
757,2,470,30
131,3,470,30
502,3,470,30
624,3,470,30
776,3,470,30
25,4,470,30
265,4,470,30
733,4,470,30
922,4,470,30
474,5,470,30
508,5,470,30
697,5,470,30
796,5,470,30
183,6,470,30
348,6,470,30
765,6,470,30
91,7,470,30
292,7,470,30
962,7,470,30
394,8,470,30
606,8,470,30
12,10,470,30
75,10,470,30
761,10,470,30
868,10,470,30
655,11,470,30
525,14,470,30
44,15,470,30
692,15,470,30
734,16,470,30
324,19,470,30
518,19,470,30
568,19,470,30
396,26,470,30
24,0,471,30
74,0,471,30
182,0,471,30
272,0,471,30
323,0,471,30
344,0,471,30
359,0,471,30
393,0,471,30
395,0,471,30
455,0,471,30
459,0,471,30
507,0,471,30
600,0,471,30
605,0,471,30
760,0,471,30
775,0,471,30
903,0,471,30
421,1,471,30
691,1,471,30
729,1,471,30
731,1,471,30
795,1,471,30
494,2,471,30
999,2,471,30
242,3,471,30
572,3,471,30
776,3,471,30
867,3,471,30
90,4,471,30
291,4,471,30
473,4,471,30
517,4,471,30
732,4,471,30
733,4,471,30
190,5,471,30
317,5,471,30
696,5,471,30
623,6,471,30
553,7,471,30
756,7,471,30
961,7,471,30
422,8,471,30
22,10,471,30
567,10,471,30
764,10,471,30
597,11,471,30
264,12,471,30
501,13,471,30
347,14,471,30
524,14,471,30
43,15,471,30
654,16,471,30
921,16,471,30
11,21,471,30
23,0,472,30
129,0,472,30
343,0,472,30
346,0,472,30
730,0,472,30
759,0,472,30
866,0,472,30
902,0,472,30
998,0,472,30
42,1,472,30
472,1,472,30
604,1,472,30
622,1,472,30
690,1,472,30
732,1,472,30
763,1,472,30
392,2,472,30
493,2,472,30
599,2,472,30
89,3,472,30
241,3,472,30
420,3,472,30
653,3,472,30
775,3,472,30
10,4,472,30
181,4,472,30
731,4,472,30
794,4,472,30
189,5,472,30
454,5,472,30
516,5,472,30
271,6,472,30
290,6,472,30
506,6,472,30
523,6,472,30
358,7,472,30
728,7,472,30
566,8,472,30
755,8,472,30
920,8,472,30
316,9,472,30
322,9,472,30
458,9,472,30
960,9,472,30
421,10,472,30
695,10,472,30
263,12,472,30
500,13,472,30
774,13,472,30
21,14,472,30
596,15,472,30
394,18,472,30
552,20,472,30
73,24,472,30
88,0,473,30
262,0,473,30
289,0,473,30
345,0,473,30
391,0,473,30
393,0,473,30
505,0,473,30
595,0,473,30
694,0,473,30
997,0,473,30
729,1,473,30
731,1,473,30
773,1,473,30
901,1,473,30
41,2,473,30
128,2,473,30
180,2,473,30
240,2,473,30
357,2,473,30
598,2,473,30
793,2,473,30
342,3,473,30
762,3,473,30
270,4,473,30
471,4,473,30
492,4,473,30
515,4,473,30
315,5,473,30
453,5,473,30
457,6,473,30
570,6,473,30
621,6,473,30
522,7,473,30
551,8,473,30
959,8,473,30
758,9,473,30
22,10,473,30
420,10,473,30
689,10,473,30
919,11,473,30
565,12,473,30
9,13,473,30
774,13,473,30
603,15,473,30
730,15,473,30
321,16,473,30
499,16,473,30
754,16,473,30
419,19,473,30
727,20,473,30
72,21,473,30
865,21,473,30
20,24,473,30
188,27,473,30
652,27,473,30
40,0,474,30
71,0,474,30
341,0,474,30
344,0,474,30
419,0,474,30
498,0,474,30
693,0,474,30
127,1,474,30
187,1,474,30
392,1,474,30
452,1,474,30
470,1,474,30
504,1,474,30
602,1,474,30
730,1,474,30
772,1,474,30
21,2,474,30
261,2,474,30
314,2,474,30
356,2,474,30
456,2,474,30
757,2,474,30
792,2,474,30
900,2,474,30
320,3,474,30
521,3,474,30
569,3,474,30
726,4,474,30
773,4,474,30
918,4,474,30
8,5,474,30
491,5,474,30
594,5,474,30
864,5,474,30
958,5,474,30
288,6,474,30
564,6,474,30
597,6,474,30
239,8,474,30
19,9,474,30
550,9,474,30
728,9,474,30
390,10,474,30
620,11,474,30
996,11,474,30
753,14,474,30
418,15,474,30
729,15,474,30
761,19,474,30
688,20,474,30
179,21,474,30
87,25,474,30
651,26,474,30
18,0,475,30
186,0,475,30
313,0,475,30
343,0,475,30
389,0,475,30
417,0,475,30
760,0,475,30
957,0,475,30
391,1,475,30
503,1,475,30
729,1,475,30
771,1,475,30
70,2,475,30
455,2,475,30
497,2,475,30
863,2,475,30
899,2,475,30
319,3,475,30
687,3,475,30
756,3,475,30
355,5,475,30
563,5,475,30
772,5,475,30
917,5,475,30
126,6,475,30
268,6,475,30
340,6,475,30
596,6,475,30
513,7,475,30
520,7,475,30
593,7,475,30
728,7,475,30
260,8,475,30
178,9,475,30
7,10,475,30
86,10,475,30
549,10,475,30
568,11,475,30
752,11,475,30
995,11,475,30
601,12,475,30
39,13,475,30
238,14,475,30
451,17,475,30
619,17,475,30
287,18,475,30
791,18,475,30
727,19,475,30
418,21,475,30
469,21,475,30
20,23,475,30
725,23,475,30
490,24,475,30
650,26,475,30
692,27,475,30
17,0,476,30
318,0,476,30
417,0,476,30
496,0,476,30
502,0,476,30
600,0,476,30
728,0,476,30
759,0,476,30
185,1,476,30
286,1,476,30
592,1,476,30
618,1,476,30
85,2,476,30
259,2,476,30
468,2,476,30
724,2,476,30
751,2,476,30
916,2,476,30
956,2,476,30
342,3,476,30
755,3,476,30
519,4,476,30
790,4,476,30
125,5,476,30
177,5,476,30
267,5,476,30
454,5,476,30
686,5,476,30
450,6,476,30
691,6,476,30
994,6,476,30
38,7,476,30
237,7,476,30
416,7,476,30
512,7,476,30
548,7,476,30
19,9,476,30
312,9,476,30
390,10,476,30
567,10,476,30
595,10,476,30
898,10,476,30
6,11,476,30
339,11,476,30
354,12,476,30
388,13,476,30
649,13,476,30
770,15,476,30
69,17,476,30
726,17,476,30
771,17,476,30
862,18,476,30
727,19,476,30
489,23,476,30
562,25,476,30
5,0,477,30
236,0,477,30
341,0,477,30
488,1,477,30
501,1,477,30
518,1,477,30
861,1,477,30
184,2,477,30
258,2,477,30
416,2,477,30
467,2,477,30
495,2,477,30
723,2,477,30
789,2,477,30
915,2,477,30
993,2,477,30
18,3,477,30
591,3,477,30
750,3,477,30
758,3,477,30
176,4,477,30
415,4,477,30
617,4,477,30
726,4,477,30
770,4,477,30
897,4,477,30
37,5,477,30
317,5,477,30
449,5,477,30
453,5,477,30
511,6,477,30
124,7,477,30
285,7,477,30
338,7,477,30
389,7,477,30
955,7,477,30
566,8,477,30
599,8,477,30
690,8,477,30
727,8,477,30
685,9,477,30
16,10,477,30
353,11,477,30
594,11,477,30
754,11,477,30
769,11,477,30
68,12,477,30
387,12,477,30
561,12,477,30
84,14,477,30
266,16,477,30
725,23,477,30
547,24,477,30
284,0,478,30
257,1,478,30
448,1,478,30
452,1,478,30
487,1,478,30
500,1,478,30
517,1,478,30
757,1,478,30
769,1,478,30
415,2,478,30
494,2,478,30
722,2,478,30
724,2,478,30
768,2,478,30
914,2,478,30
992,2,478,30
860,3,478,30
123,4,478,30
175,4,478,30
316,4,478,30
565,4,478,30
726,4,478,30
749,4,478,30
896,4,478,30
4,5,478,30
36,6,478,30
183,6,478,30
340,6,478,30
753,6,478,30
265,7,478,30
598,7,478,30
684,8,478,30
689,8,478,30
17,9,478,30
310,9,478,30
83,10,478,30
352,10,478,30
414,10,478,30
590,10,478,30
337,11,478,30
546,11,478,30
466,12,478,30
560,12,478,30
593,12,478,30
725,12,478,30
647,13,478,30
386,14,478,30
388,14,478,30
510,16,478,30
616,16,478,30
235,19,478,30
788,19,478,30
67,20,478,30
15,23,478,30
182,0,479,30
309,0,479,30
336,0,479,30
465,0,479,30
493,0,479,30
545,0,479,30
589,0,479,30
592,0,479,30
748,0,479,30
859,0,479,30
3,1,479,30
174,1,479,30
315,1,479,30
447,1,479,30
486,1,479,30
499,1,479,30
516,1,479,30
752,1,479,30
767,1,479,30
122,2,479,30
721,2,479,30
723,2,479,30
768,2,479,30
991,2,479,30
234,3,479,30
414,3,479,30
756,3,479,30
895,3,479,30
913,3,479,30
16,4,479,30
646,4,479,30
683,4,479,30
688,4,479,30
385,5,479,30
509,5,479,30
725,5,479,30
787,7,479,30
35,8,479,30
256,8,479,30
351,8,479,30
615,8,479,30
14,9,479,30
451,11,479,30
82,12,479,30
264,12,479,30
283,12,479,30
387,12,479,30
564,12,479,30
559,13,479,30
953,16,479,30
339,17,479,30
597,17,479,30
413,18,479,30
66,20,479,30
724,27,479,30
588,0,480,30
894,0,480,30
121,1,480,30
173,1,480,30
181,1,480,30
450,1,480,30
558,1,480,30
723,1,480,30
751,1,480,30
858,1,480,30
255,2,480,30
314,2,480,30
515,2,480,30
591,2,480,30
722,2,480,30
786,2,480,30
485,3,480,30
563,3,480,30
687,3,480,30
755,3,480,30
952,3,480,30
990,3,480,30
412,4,480,30
498,4,480,30
544,4,480,30
614,4,480,30
682,4,480,30
747,4,480,30
912,4,480,30
492,5,480,30
508,5,480,30
645,5,480,30
15,7,480,30
767,7,480,30
13,8,480,30
34,8,480,30
338,8,480,30
335,10,480,30
350,10,480,30
766,10,480,30
81,12,480,30
263,12,480,30
282,12,480,30
384,12,480,30
720,12,480,30
386,13,480,30
446,13,480,30
464,13,480,30
2,14,480,30
596,15,480,30
233,16,480,30
308,18,480,30
413,18,480,30
724,22,480,30
172,0,481,30
262,0,481,30
313,0,481,30
383,0,481,30
412,0,481,30
557,0,481,30
595,0,481,30
765,0,481,30
911,0,481,30
951,0,481,30
254,1,481,30
307,1,481,30
445,2,481,30
449,2,481,30
721,2,481,30
754,2,481,30
857,2,481,30
14,3,481,30
562,3,481,30
750,3,481,30
785,3,481,30
989,3,481,30
1,4,481,30
64,4,481,30
681,4,481,30
491,5,481,30
644,5,481,30
120,6,481,30
590,6,481,30
33,7,481,30
507,7,481,30
746,7,481,30
337,8,481,30
543,8,481,30
80,9,481,30
281,9,481,30
587,9,481,30
723,9,481,30
12,10,481,30
180,10,481,30
766,10,481,30
385,11,481,30
411,12,481,30
686,12,481,30
719,12,481,30
463,13,481,30
349,14,481,30
484,14,481,30
893,17,481,30
497,18,481,30
722,19,481,30
334,21,481,30
514,22,481,30
232,26,481,30
336,0,482,30
410,0,482,30
542,0,482,30
586,0,482,30
589,0,482,30
764,0,482,30
784,0,482,30
0,1,482,30
253,1,482,30
444,1,482,30
718,1,482,30
856,1,482,30
63,2,482,30
171,2,482,30
261,2,482,30
280,2,482,30
745,2,482,30
950,2,482,30
179,3,482,30
384,3,482,30
749,4,482,30
892,5,482,30
910,5,482,30
231,6,482,30
306,6,482,30
312,6,482,30
348,6,482,30
643,6,482,30
765,6,482,30
119,7,482,30
448,7,482,30
483,7,482,30
490,7,482,30
721,7,482,30
11,8,482,30
13,8,482,30
411,8,482,30
79,9,482,30
685,9,482,30
32,11,482,30
496,11,482,30
594,11,482,30
988,11,482,30
612,12,482,30
333,13,482,30
561,14,482,30
462,16,482,30
506,17,482,30
382,18,482,30
556,19,482,30
722,19,482,30
680,20,482,30
753,25,482,30
720,29,482,30
10,0,483,30
31,0,483,30
62,0,483,30
410,0,483,30
588,0,483,30
763,0,483,30
720,1,483,30
855,1,483,30
252,2,483,30
383,2,483,30
443,2,483,30
489,2,483,30
495,2,483,30
748,2,483,30
719,3,483,30
744,3,483,30
891,3,483,30
170,4,483,30
260,4,483,30
305,4,483,30
461,4,483,30
679,4,483,30
987,4,483,30
409,5,483,30
230,6,483,30
311,6,483,30
783,6,483,30
593,7,483,30
717,7,483,30
721,7,483,30
335,8,483,30
541,8,483,30
555,8,483,30
684,8,483,30
764,8,483,30
178,9,483,30
279,9,483,30
482,9,483,30
512,9,483,30
642,9,483,30
12,10,483,30
949,11,483,30
332,12,483,30
611,12,483,30
752,12,483,30
505,13,483,30
78,15,483,30
347,15,483,30
909,15,483,30
118,17,483,30
381,18,483,30
585,18,483,30
560,22,483,30
251,0,484,30
346,0,484,30
446,0,484,30
540,0,484,30
584,0,484,30
854,0,484,30
11,1,484,30
504,1,484,30
592,1,484,30
718,1,484,30
908,1,484,30
382,2,484,30
494,2,484,30
587,2,484,30
641,2,484,30
678,2,484,30
751,2,484,30
763,2,484,30
9,3,484,30
169,3,484,30
511,3,484,30
743,3,484,30
747,3,484,30
762,3,484,30
77,4,484,30
334,4,484,30
460,4,484,30
488,4,484,30
683,4,484,30
177,5,484,30
229,6,484,30
310,6,484,30
409,6,484,30
481,6,484,30
720,6,484,30
782,6,484,30
890,6,484,30
30,7,484,30
554,8,484,30
719,9,484,30
117,10,484,30
278,10,484,30
304,11,484,30
948,11,484,30
610,12,484,30
559,13,484,30
61,15,484,30
259,15,484,30
331,18,484,30
716,20,484,30
380,25,484,30
408,27,484,30
10,0,485,30
309,0,485,30
345,0,485,30
445,0,485,30
539,0,485,30
583,0,485,30
586,0,485,30
781,0,485,30
60,1,485,30
303,1,485,30
503,1,485,30
510,1,485,30
558,1,485,30
640,1,485,30
677,1,485,30
715,1,485,30
742,1,485,30
889,1,485,30
907,1,485,30
76,2,485,30
176,2,485,30
381,2,485,30
459,2,485,30
493,2,485,30
591,2,485,30
609,2,485,30
761,2,485,30
719,3,485,30
750,3,485,30
985,3,485,30
116,4,485,30
228,4,485,30
682,4,485,30
250,5,485,30
277,5,485,30
407,6,485,30
762,6,485,30
8,7,485,30
29,7,485,30
379,7,485,30
553,7,485,30
717,7,485,30
718,7,485,30
333,8,485,30
408,9,485,30
441,9,485,30
853,9,485,30
258,10,485,30
947,11,485,30
480,12,485,30
746,12,485,30
330,18,485,30
487,20,485,30
7,0,486,30
249,0,486,30
344,0,486,30
380,0,486,30
406,0,486,30
440,0,486,30
538,0,486,30
716,0,486,30
780,0,486,30
946,0,486,30
302,1,486,30
444,1,486,30
502,1,486,30
676,1,486,30
906,1,486,30
407,2,486,30
745,2,486,30
257,3,486,30
608,3,486,30
639,3,486,30
741,3,486,30
984,3,486,30
167,4,486,30
175,4,486,30
681,4,486,30
749,4,486,30
492,5,486,30
718,5,486,30
378,6,486,30
557,6,486,30
585,6,486,30
590,6,486,30
115,7,486,30
479,7,486,30
717,7,486,30
582,8,486,30
509,10,486,30
761,10,486,30
59,11,486,30
888,11,486,30
227,12,486,30
332,12,486,30
760,12,486,30
9,13,486,30
714,13,486,30
486,14,486,30
852,16,486,30
308,18,486,30
458,18,486,30
276,19,486,30
75,20,486,30
28,23,486,30
552,27,486,30
74,0,487,30
301,0,487,30
307,0,487,30
343,0,487,30
379,0,487,30
406,0,487,30
439,0,487,30
589,0,487,30
680,0,487,30
713,0,487,30
740,0,487,30
945,0,487,30
174,1,487,30
501,1,487,30
537,1,487,30
851,1,487,30
27,2,487,30
248,2,487,30
328,2,487,30
556,2,487,30
748,2,487,30
983,2,487,30
256,3,487,30
485,3,487,30
744,3,487,30
760,3,487,30
58,4,487,30
166,4,487,30
443,4,487,30
8,5,487,30
226,5,487,30
491,5,487,30
716,5,487,30
114,7,487,30
377,7,487,30
717,7,487,30
905,7,487,30
478,8,487,30
581,8,487,30
275,9,487,30
331,11,487,30
638,11,487,30
508,12,487,30
759,14,487,30
551,15,487,30
779,15,487,30
405,16,487,30
607,16,487,30
6,17,487,30
715,17,487,30
584,18,487,30
675,18,487,30
887,22,487,30
457,29,487,30
5,0,488,30
7,0,488,30
247,0,488,30
300,0,488,30
306,0,488,30
376,0,488,30
456,0,488,30
507,0,488,30
580,0,488,30
588,0,488,30
679,0,488,30
173,1,488,30
490,1,488,30
500,1,488,30
536,1,488,30
555,1,488,30
715,1,488,30
886,1,488,30
57,2,488,30
583,2,488,30
637,2,488,30
759,2,488,30
904,2,488,30
982,2,488,30
255,3,488,30
274,3,488,30
438,3,488,30
739,3,488,30
743,3,488,30
758,3,488,30
477,4,488,30
747,4,488,30
850,4,488,30
330,5,488,30
404,5,488,30
716,5,488,30
944,5,488,30
113,6,488,30
378,6,488,30
674,7,488,30
712,8,488,30
165,9,488,30
327,9,488,30
550,9,488,30
484,11,488,30
714,13,488,30
225,14,488,30
26,16,488,30
342,16,488,30
778,16,488,30
442,19,488,30
606,22,488,30
405,28,488,30
56,0,489,30
246,0,489,30
254,0,489,30
326,0,489,30
341,0,489,30
455,0,489,30
72,1,489,30
172,1,489,30
499,1,489,30
849,1,489,30
224,2,489,30
273,2,489,30
377,2,489,30
489,2,489,30
554,2,489,30
605,2,489,30
636,2,489,30
673,2,489,30
757,2,489,30
437,3,489,30
476,3,489,30
758,3,489,30
25,4,489,30
112,4,489,30
375,4,489,30
579,4,489,30
713,4,489,30
742,4,489,30
777,4,489,30
164,5,489,30
535,5,489,30
714,5,489,30
715,5,489,30
903,5,489,30
404,6,489,30
506,6,489,30
4,7,489,30
678,7,489,30
981,7,489,30
746,8,489,30
305,9,489,30
483,9,489,30
587,9,489,30
582,10,489,30
885,10,489,30
299,12,489,30
738,13,489,30
403,17,489,30
329,20,489,30
711,20,489,30
3,0,490,30
5,0,490,30
24,0,490,30
71,0,490,30
272,0,490,30
298,0,490,30
505,0,490,30
586,0,490,30
672,0,490,30
677,0,490,30
745,0,490,30
756,0,490,30
253,1,490,30
403,1,490,30
488,1,490,30
757,1,490,30
171,2,490,30
376,2,490,30
578,2,490,30
635,2,490,30
713,2,490,30
902,2,490,30
55,3,490,30
163,3,490,30
223,3,490,30
712,3,490,30
741,3,490,30
776,3,490,30
374,4,490,30
440,4,490,30
475,4,490,30
548,4,490,30
737,4,490,30
884,4,490,30
714,5,490,30
980,5,490,30
325,6,490,30
454,6,490,30
111,7,490,30
436,8,490,30
304,9,490,30
402,9,490,30
482,9,490,30
581,9,490,30
498,10,490,30
553,10,490,30
340,11,490,30
534,11,490,30
245,13,490,30
604,14,490,30
848,18,490,30
328,19,490,30
710,28,490,30
23,0,491,30
110,0,491,30
713,0,491,30
740,0,491,30
756,0,491,30
297,1,491,30
303,1,491,30
402,1,491,30
487,1,491,30
676,1,491,30
901,1,491,30
375,2,491,30
709,2,491,30
883,2,491,30
244,3,491,30
401,3,491,30
497,3,491,30
580,3,491,30
712,3,491,30
744,3,491,30
755,3,491,30
775,3,491,30
170,4,491,30
504,4,491,30
162,5,491,30
373,5,491,30
736,5,491,30
252,6,491,30
271,6,491,30
481,7,491,30
339,9,491,30
533,9,491,30
4,10,491,30
547,10,491,30
577,10,491,30
847,10,491,30
474,11,491,30
634,11,491,30
941,11,491,30
439,14,491,30
552,14,491,30
54,15,491,30
671,15,491,30
2,16,491,30
435,16,491,30
70,18,491,30
453,18,491,30
324,19,491,30
327,19,491,30
979,19,491,30
711,20,491,30
585,21,491,30
222,22,491,30
3,0,492,30
221,0,492,30
323,0,492,30
326,0,492,30
496,0,492,30
109,1,492,30
302,1,492,30
486,1,492,30
710,1,492,30
434,2,492,30
503,2,492,30
708,2,492,30
161,3,492,30
169,3,492,30
251,3,492,30
372,3,492,30
401,3,492,30
712,3,492,30
743,3,492,30
755,3,492,30
270,4,492,30
374,4,492,30
400,4,492,30
473,4,492,30
739,4,492,30
882,4,492,30
338,5,492,30
480,5,492,30
579,6,492,30
754,7,492,30
551,8,492,30
735,8,492,30
1,9,492,30
69,9,492,30
438,9,492,30
670,9,492,30
978,9,492,30
22,10,492,30
602,10,492,30
532,11,492,30
546,11,492,30
633,12,492,30
846,12,492,30
774,15,492,30
53,16,492,30
675,16,492,30
584,19,492,30
940,19,492,30
243,20,492,30
711,20,492,30
296,21,492,30
452,25,492,30
900,28,492,30
52,0,493,30
108,0,493,30
269,0,493,30
373,0,493,30
502,0,493,30
545,0,493,30
550,0,493,30
575,0,493,30
472,1,493,30
707,1,493,30
773,1,493,30
899,1,493,30
301,2,493,30
371,2,493,30
709,2,493,30
242,3,493,30
250,3,493,30
399,3,493,30
485,3,493,30
495,3,493,30
977,3,493,30
220,4,493,30
742,4,493,30
160,5,493,30
479,5,493,30
578,5,493,30
753,5,493,30
531,6,493,30
437,7,493,30
583,7,493,30
632,7,493,30
754,7,493,30
881,7,493,30
168,8,493,30
400,8,493,30
325,9,493,30
337,9,493,30
674,9,493,30
669,10,493,30
710,10,493,30
939,10,493,30
451,11,493,30
0,12,493,30
68,12,493,30
322,12,493,30
21,14,493,30
295,15,493,30
2,16,493,30
433,16,493,30
734,18,493,30
601,19,493,30
711,20,493,30
738,24,493,30
845,28,493,30
51,0,494,30
219,0,494,30
249,0,494,30
268,0,494,30
370,0,494,30
549,0,494,30
574,0,494,30
600,0,494,30
880,0,494,30
294,1,494,30
432,1,494,30
706,1,494,30
710,1,494,30
752,1,494,30
772,1,494,30
159,2,494,30
167,2,494,30
321,2,494,30
336,2,494,30
673,2,494,30
708,2,494,30
709,2,494,30
241,3,494,30
1,4,494,30
20,4,494,30
107,4,494,30
544,4,494,30
733,4,494,30
737,4,494,30
741,4,494,30
938,4,494,30
976,4,494,30
372,5,494,30
478,5,494,30
582,5,494,30
450,6,494,30
530,6,494,30
753,6,494,30
898,6,494,30
398,7,494,30
844,7,494,30
471,8,494,30
668,10,494,30
300,12,494,30
494,13,494,30
399,15,494,30
436,15,494,30
67,16,494,30
484,19,494,30
577,21,494,30
324,23,494,30
501,25,494,30
50,0,495,30
398,0,495,30
672,0,495,30
293,1,495,30
705,1,495,30
707,1,495,30
732,1,495,30
751,1,495,30
771,1,495,30
320,2,495,30
369,2,495,30
371,2,495,30
397,2,495,30
708,2,495,30
709,2,495,30
299,3,495,30
897,3,495,30
106,4,495,30
218,4,495,30
240,4,495,30
548,4,495,30
599,4,495,30
740,4,495,30
166,5,495,30
267,5,495,30
477,5,495,30
581,5,495,30
667,5,495,30
879,5,495,30
975,5,495,30
431,8,495,30
449,8,495,30
483,8,495,30
493,8,495,30
843,8,495,30
19,9,495,30
736,9,495,30
323,10,495,30
248,12,495,30
500,12,495,30
529,12,495,30
435,13,495,30
573,13,495,30
752,13,495,30
470,15,495,30
543,15,495,30
66,16,495,30
335,16,495,30
0,19,495,30
937,22,495,30
158,24,495,30
630,24,495,30
105,0,496,30
298,0,496,30
370,0,496,30
542,0,496,30
575,0,496,30
580,0,496,30
629,0,496,30
434,1,496,30
706,1,496,30
731,1,496,30
396,2,496,30
666,2,496,30
708,2,496,30
319,3,496,30
476,3,496,30
499,3,496,30
739,3,496,30
770,3,496,30
239,4,496,30
598,4,496,30
896,4,496,30
18,5,496,30
528,5,496,30
707,5,496,30
751,5,496,30
217,6,496,30
469,6,496,30
448,7,496,30
704,7,496,30
65,8,496,30
430,8,496,30
735,8,496,30
165,9,496,30
247,9,496,30
322,9,496,30
482,9,496,30
936,9,496,30
49,10,496,30
492,10,496,30
974,10,496,30
266,11,496,30
334,12,496,30
368,13,496,30
750,13,496,30
878,13,496,30
572,15,496,30
292,17,496,30
671,17,496,30
547,24,496,30
397,26,496,30
842,26,496,30
157,28,496,30
164,0,497,30
367,0,497,30
395,0,497,30
498,0,497,30
574,0,497,30
628,0,497,30
706,0,497,30
730,0,497,30
973,0,497,30
216,1,497,30
297,1,497,30
527,1,497,30
705,1,497,30
707,1,497,30
769,1,497,30
291,2,497,30
321,2,497,30
369,2,497,30
670,2,497,30
48,3,497,30
104,3,497,30
750,3,497,30
64,4,497,30
238,4,497,30
396,5,497,30
156,6,497,30
481,6,497,30
579,6,497,30
841,6,497,30
877,6,497,30
333,8,497,30
17,9,497,30
246,9,497,30
541,9,497,30
665,10,497,30
895,10,497,30
265,11,497,30
491,11,497,30
597,11,497,30
318,12,497,30
429,12,497,30
749,13,497,30
546,16,497,30
935,16,497,30
734,17,497,30
571,18,497,30
703,22,497,30
738,25,497,30
155,0,498,30
215,0,498,30
395,0,498,30
540,0,498,30
627,0,498,30
704,0,498,30
706,0,498,30
840,0,498,30
432,1,498,30
729,1,498,30
320,2,498,30
332,2,498,30
497,2,498,30
570,2,498,30
748,2,498,30
894,2,498,30
394,3,498,30
474,3,498,30
768,3,498,30
237,4,498,30
366,4,498,30
733,4,498,30
737,4,498,30
103,5,498,30
245,5,498,30
290,5,498,30
702,5,498,30
467,6,498,30
876,6,498,30
934,6,498,30
428,7,498,30
664,8,498,30
669,8,498,30
63,9,498,30
749,9,498,30
545,10,498,30
573,10,498,30
317,11,498,30
480,12,498,30
596,12,498,30
368,13,498,30
446,13,498,30
490,13,498,30
578,13,498,30
264,14,498,30
526,14,498,30
16,18,498,30
47,18,498,30
163,21,498,30
972,28,498,30
296,29,498,30
62,0,499,30
236,0,499,30
367,0,499,30
393,0,499,30
431,0,499,30
473,0,499,30
479,0,499,30
496,0,499,30
539,0,499,30
704,0,499,30
728,0,499,30
46,1,499,30
289,1,499,30
365,1,499,30
427,1,499,30
705,1,499,30
295,2,499,30
489,2,499,30
319,3,499,30
569,3,499,30
703,3,499,30
747,3,499,30
767,3,499,30
875,3,499,30
732,4,499,30
839,4,499,30
102,5,499,30
162,5,499,30
214,6,499,30
331,6,499,30
544,6,499,30
663,6,499,30
748,6,499,30
316,7,499,30
701,7,499,30
933,7,499,30
394,8,499,30
736,9,499,30
577,10,499,30
572,11,499,30
971,11,499,30
595,12,499,30
525,14,499,30
244,15,499,30
263,16,499,30
893,17,499,30
445,20,499,30
466,21,499,30
154,22,499,30
15,23,499,30
668,23,499,30
626,25,499,30
101,0,500,30
161,0,500,30
213,0,500,30
262,0,500,30
318,0,500,30
393,0,500,30
465,0,500,30
472,0,500,30
478,0,500,30
538,0,500,30
426,1,500,30
488,1,500,30
524,1,500,30
576,1,500,30
874,1,500,30
970,1,500,30
45,2,500,30
235,2,500,30
294,2,500,30
392,2,500,30
625,3,500,30
766,3,500,30
366,4,500,30
731,4,500,30
838,4,500,30
315,5,500,30
330,5,500,30
430,5,500,30
667,5,500,30
892,5,500,30
61,6,500,30
288,6,500,30
495,6,500,30
543,6,500,30
568,6,500,30
704,6,500,30
747,6,500,30
364,7,500,30
14,9,500,30
153,9,500,30
662,9,500,30
243,10,500,30
444,11,500,30
594,11,500,30
700,12,500,30
932,12,500,30
702,15,500,30
727,19,500,30
703,22,500,30
571,23,500,30
735,23,500,30
746,25,500,30
152,0,501,30
160,0,501,30
391,0,501,30
471,0,501,30
542,0,501,30
765,0,501,30
60,1,501,30
100,1,501,30
365,1,501,30
392,1,501,30
487,1,501,30
873,1,501,30
931,1,501,30
570,2,501,30
666,2,501,30
745,2,501,30
234,3,501,30
314,3,501,30
624,3,501,30
703,3,501,30
726,3,501,30
523,4,501,30
44,5,501,30
212,5,501,30
287,5,501,30
575,5,501,30
702,5,501,30
730,5,501,30
837,5,501,30
593,6,501,30
969,6,501,30
746,7,501,30
13,8,501,30
699,8,501,30
293,10,501,30
464,10,501,30
567,10,501,30
701,10,501,30
317,11,501,30
443,11,501,30
477,13,501,30
425,14,501,30
661,14,501,30
734,18,501,30
537,19,501,30
329,20,501,30
429,22,501,30
891,24,501,30
363,26,501,30
261,27,501,30
43,0,502,30
99,0,502,30
313,0,502,30
764,0,502,30
890,0,502,30
391,1,502,30
470,1,502,30
486,1,502,30
744,1,502,30
328,2,502,30
428,2,502,30
522,2,502,30
660,2,502,30
729,2,502,30
745,2,502,30
12,3,502,30
151,3,502,30
211,3,502,30
476,3,502,30
233,4,502,30
260,4,502,30
316,4,502,30
592,5,502,30
292,7,502,30
442,7,502,30
569,7,502,30
574,7,502,30
725,7,502,30
930,7,502,30
59,8,502,30
159,8,502,30
364,8,502,30
424,8,502,30
463,8,502,30
493,8,502,30
566,8,502,30
733,8,502,30
968,8,502,30
541,9,502,30
700,9,502,30
286,10,502,30
362,10,502,30
701,10,502,30
836,11,502,30
872,12,502,30
665,14,502,30
698,14,502,30
702,15,502,30
623,17,502,30
536,18,502,30
390,22,502,30
150,0,503,30
540,0,503,30
763,0,503,30
889,0,503,30
11,1,503,30
315,1,503,30
441,1,503,30
521,1,503,30
622,1,503,30
701,1,503,30
744,1,503,30
423,2,503,30
724,2,503,30
98,3,503,30
591,3,503,30
699,3,503,30
58,4,503,30
210,4,503,30
327,4,503,30
427,4,503,30
565,4,503,30
871,4,503,30
361,5,503,30
475,5,503,30
492,5,503,30
659,5,503,30
312,6,503,30
389,6,503,30
568,6,503,30
42,7,503,30
158,7,503,30
285,7,503,30
485,7,503,30
929,7,503,30
469,8,503,30
743,8,503,30
967,8,503,30
259,9,503,30
232,10,503,30
240,10,503,30
535,10,503,30
573,10,503,30
728,10,503,30
697,11,503,30
835,11,503,30
732,14,503,30
291,15,503,30
390,15,503,30
462,19,503,30
664,19,503,30
700,20,503,30
363,24,503,30
10,0,504,30
97,0,504,30
149,0,504,30
209,0,504,30
284,0,504,30
539,0,504,30
658,0,504,30
888,0,504,30
157,1,504,30
326,1,504,30
440,1,504,30
723,1,504,30
742,1,504,30
870,1,504,30
57,2,504,30
468,2,504,30
966,2,504,30
362,3,504,30
474,3,504,30
696,3,504,30
699,3,504,30
743,3,504,30
762,3,504,30
422,4,504,30
461,4,504,30
698,4,504,30
834,4,504,30
41,5,504,30
360,5,504,30
491,5,504,30
663,5,504,30
290,6,504,30
311,6,504,30
564,6,504,30
389,7,504,30
520,7,504,30
928,7,504,30
727,8,504,30
731,8,504,30
258,10,504,30
567,10,504,30
590,10,504,30
621,12,504,30
534,14,504,30
700,14,504,30
572,15,504,30
314,17,504,30
239,20,504,30
388,20,504,30
484,21,504,30
426,23,504,30
40,0,505,30
56,0,505,30
230,0,505,30
313,0,505,30
473,0,505,30
538,0,505,30
571,0,505,30
589,0,505,30
697,0,505,30
742,0,505,30
833,0,505,30
887,0,505,30
156,1,505,30
208,1,505,30
257,1,505,30
439,1,505,30
657,1,505,30
289,2,505,30
325,2,505,30
467,2,505,30
722,2,505,30
761,2,505,30
9,3,505,30
361,3,505,30
741,3,505,30
460,4,505,30
698,4,505,30
662,5,505,30
148,6,505,30
310,6,505,30
421,6,505,30
519,6,505,30
483,8,505,30
566,8,505,30
726,9,505,30
563,10,505,30
620,11,505,30
927,11,505,30
283,12,505,30
238,13,505,30
359,13,505,30
388,13,505,30
533,13,505,30
699,14,505,30
730,14,505,30
695,16,505,30
387,18,505,30
96,20,505,30
490,22,505,30
425,24,505,30
965,29,505,30
155,0,506,30
309,0,506,30
472,0,506,30
482,0,506,30
588,0,506,30
694,0,506,30
740,0,506,30
832,0,506,30
886,0,506,30
926,0,506,30
964,1,506,30
386,2,506,30
459,2,506,30
532,2,506,30
570,2,506,30
656,2,506,30
721,2,506,30
729,2,506,30
55,3,506,30
420,3,506,30
438,3,506,30
741,3,506,30
565,4,506,30
312,5,506,30
358,5,506,30
696,5,506,30
697,5,506,30
725,5,506,30
39,6,506,30
95,6,506,30
8,7,506,30
207,7,506,30
229,7,506,30
237,7,506,30
360,7,506,30
619,7,506,30
256,8,506,30
282,8,506,30
424,8,506,30
288,9,506,30
760,10,506,30
518,11,506,30
466,12,506,30
698,14,506,30
868,15,506,30
387,18,506,30
147,19,506,30
562,20,506,30
661,21,506,30
489,22,506,30
537,27,506,30
7,0,507,30
236,0,507,30
323,0,507,30
471,0,507,30
481,0,507,30
693,0,507,30
697,0,507,30
740,0,507,30
831,0,507,30
458,1,507,30
488,1,507,30
618,1,507,30
720,1,507,30
146,2,507,30
206,2,507,30
255,2,507,30
287,2,507,30
357,2,507,30
531,2,507,30
587,2,507,30
660,2,507,30
724,2,507,30
437,3,507,30
569,3,507,30
696,3,507,30
739,3,507,30
94,5,507,30
311,5,507,30
655,5,507,30
465,6,507,30
564,6,507,30
419,7,507,30
885,7,507,30
54,8,507,30
281,8,507,30
359,9,507,30
695,9,507,30
925,9,507,30
728,10,507,30
759,10,507,30
561,11,507,30
963,11,507,30
228,12,507,30
386,13,507,30
517,13,507,30
385,14,507,30
423,16,507,30
308,18,507,30
536,18,507,30
867,21,507,30
154,22,507,30
254,0,508,30
307,0,508,30
530,0,508,30
694,0,508,30
866,0,508,30
322,1,508,30
487,1,508,30
723,1,508,30
280,2,508,30
356,2,508,30
654,2,508,30
37,3,508,30
93,3,508,30
384,3,508,30
470,3,508,30
692,3,508,30
53,4,508,30
358,4,508,30
617,4,508,30
739,4,508,30
145,5,508,30
205,5,508,30
235,5,508,30
480,5,508,30
516,5,508,30
563,5,508,30
659,5,508,30
568,6,508,30
924,6,508,30
962,7,508,30
436,8,508,30
422,9,508,30
695,9,508,30
696,9,508,30
719,9,508,30
286,10,508,30
535,10,508,30
884,10,508,30
6,11,508,30
227,12,508,30
310,12,508,30
560,12,508,30
464,13,508,30
457,15,508,30
758,15,508,30
830,18,508,30
727,19,508,30
153,22,508,30
385,22,508,30
418,22,508,30
5,0,509,30
52,0,509,30
144,0,509,30
152,0,509,30
204,0,509,30
306,0,509,30
383,0,509,30
456,0,509,30
479,0,509,30
567,0,509,30
658,0,509,30
693,0,509,30
829,0,509,30
923,0,509,30
421,1,509,30
486,1,509,30
691,1,509,30
92,2,509,30
321,2,509,30
534,2,509,30
722,2,509,30
757,2,509,30
883,2,509,30
234,3,509,30
384,3,509,30
585,3,509,30
515,4,509,30
653,4,509,30
737,4,509,30
226,5,509,30
469,6,509,30
562,7,509,30
718,7,509,30
961,7,509,30
355,8,509,30
463,8,509,30
279,9,509,30
695,9,509,30
285,10,509,30
417,11,509,30
616,11,509,30
865,11,509,30
36,12,509,30
309,13,509,30
435,13,509,30
529,14,509,30
559,17,509,30
253,18,509,30
357,18,509,30
726,19,509,30
738,29,509,30
51,0,510,30
284,0,510,30
455,0,510,30
478,0,510,30
756,0,510,30
203,1,510,30
434,1,510,30
514,1,510,30
615,1,510,30
690,1,510,30
882,1,510,30
320,2,510,30
383,2,510,30
416,2,510,30
468,2,510,30
657,2,510,30
721,2,510,30
736,2,510,30
828,2,510,30
960,2,510,30
692,3,510,30
4,4,510,30
652,4,510,30
922,4,510,30
252,5,510,30
356,5,510,30
725,5,510,30
420,6,510,30
558,6,510,30
561,6,510,30
694,6,510,30
91,7,510,30
278,7,510,30
382,7,510,30
462,7,510,30
485,7,510,30
528,7,510,30
717,7,510,30
225,8,510,30
143,9,510,30
305,9,510,30
737,9,510,30
151,10,510,30
35,11,510,30
533,11,510,30
354,12,510,30
693,13,510,30
864,15,510,30
566,18,510,30
584,18,510,30
308,19,510,30
233,22,510,30
3,0,511,30
50,0,511,30
150,0,511,30
251,0,511,30
353,0,511,30
921,0,511,30
142,1,511,30
307,1,511,30
527,1,511,30
614,1,511,30
691,1,511,30
202,2,511,30
224,2,511,30
382,2,511,30
415,2,511,30
467,2,511,30
656,2,511,30
735,2,511,30
736,2,511,30
863,2,511,30
959,2,511,30
319,3,511,30
692,3,511,30
755,3,511,30
90,4,511,30
565,4,511,30
355,5,511,30
381,5,511,30
477,5,511,30
716,5,511,30
557,6,511,30
651,6,511,30
693,6,511,30
720,6,511,30
881,7,511,30
461,8,511,30
513,8,511,30
532,8,511,30
689,8,511,30
304,9,511,30
827,9,511,30
232,10,511,30
484,11,511,30
283,12,511,30
454,12,511,30
433,16,511,30
277,18,511,30
419,18,511,30
560,19,511,30
34,22,511,30
583,29,511,30
149,0,512,30
318,0,512,30
380,0,512,30
826,0,512,30
303,1,512,30
432,1,512,30
690,1,512,30
715,1,512,30
920,1,512,30
381,2,512,30
556,2,512,30
613,2,512,30
719,2,512,30
735,2,512,30
754,2,512,30
414,3,512,30
723,3,512,30
958,3,512,30
691,4,512,30
89,5,512,30
141,5,512,30
250,5,512,30
655,5,512,30
688,5,512,30
231,6,512,30
306,6,512,30
460,6,512,30
476,6,512,30
483,7,512,30
453,8,512,30
582,8,512,30
49,10,512,30
531,10,512,30
282,12,512,30
526,12,512,30
564,12,512,30
650,12,512,30
862,12,512,30
33,13,512,30
352,13,512,30
559,13,512,30
418,15,512,30
2,16,512,30
276,16,512,30
354,16,512,30
880,17,512,30
466,18,512,30
734,18,512,30
201,20,512,30
512,24,512,30
223,28,512,30
140,0,513,30
230,0,513,30
249,0,513,30
379,0,513,30
431,0,513,30
465,0,513,30
475,0,513,30
482,0,513,30
957,0,513,30
281,1,513,30
302,1,513,30
555,1,513,30
691,1,513,30
718,1,513,30
861,1,513,30
351,2,513,30
459,2,513,30
825,2,513,30
48,3,513,30
511,3,513,30
879,3,513,30
305,4,513,30
733,4,513,30
88,5,513,30
380,5,513,30
714,5,513,30
148,6,513,30
919,6,513,30
753,7,513,30
452,8,513,30
581,8,513,30
687,8,513,30
1,9,513,30
275,9,513,30
563,10,513,30
689,10,513,30
32,11,513,30
222,11,513,30
353,11,513,30
417,12,513,30
525,12,513,30
690,12,513,30
558,13,513,30
654,16,513,30
734,16,513,30
200,18,513,30
317,18,513,30
649,18,513,30
413,22,513,30
612,25,513,30
139,0,514,30
301,0,514,30
481,0,514,30
580,0,514,30
0,1,514,30
87,1,514,30
458,1,514,30
648,1,514,30
690,1,514,30
752,1,514,30
824,1,514,30
350,2,514,30
464,2,514,30
554,2,514,30
713,2,514,30
956,2,514,30
199,3,514,30
510,3,514,30
653,3,514,30
316,4,514,30
524,4,514,30
611,4,514,30
732,4,514,30
733,4,514,30
878,4,514,30
686,5,514,30
31,6,514,30
47,6,514,30
229,6,514,30
378,6,514,30
474,6,514,30
379,7,514,30
562,7,514,30
717,7,514,30
721,7,514,30
221,8,514,30
416,8,514,30
860,8,514,30
280,9,514,30
304,9,514,30
352,10,514,30
529,10,514,30
557,10,514,30
689,10,514,30
412,11,514,30
248,12,514,30
274,12,514,30
918,13,514,30
451,15,514,30
688,20,514,30
147,28,514,30
430,29,514,30
138,0,515,30
300,0,515,30
647,0,515,30
716,0,515,30
859,0,515,30
46,1,515,30
273,1,515,30
279,1,515,30
303,1,515,30
315,1,515,30
378,1,515,30
561,1,515,30
685,1,515,30
732,1,515,30
751,1,515,30
351,2,515,30
86,3,515,30
198,3,515,30
349,3,515,30
528,3,515,30
687,3,515,30
228,4,515,30
415,4,515,30
473,4,515,30
523,4,515,30
652,4,515,30
731,4,515,30
480,5,515,30
688,5,515,30
917,5,515,30
146,6,515,30
450,6,515,30
720,6,515,30
877,6,515,30
955,6,515,30
377,7,515,30
553,7,515,30
556,7,515,30
610,7,515,30
30,8,515,30
712,8,515,30
247,9,515,30
457,10,515,30
509,10,515,30
823,10,515,30
220,11,515,30
579,11,515,30
689,11,515,30
429,12,515,30
411,13,515,30
463,13,515,30
29,0,516,30
219,0,516,30
272,0,516,30
410,0,516,30
456,0,516,30
479,0,516,30
730,0,516,30
822,0,516,30
302,1,516,30
376,1,516,30
472,1,516,30
527,1,516,30
555,1,516,30
646,1,516,30
715,1,516,30
731,1,516,30
314,2,516,30
350,2,516,30
377,2,516,30
449,2,516,30
578,2,516,30
609,2,516,30
719,2,516,30
85,3,516,30
145,3,516,30
348,3,516,30
414,3,516,30
687,3,516,30
688,4,516,30
954,4,516,30
686,5,516,30
750,5,516,30
45,6,516,30
137,6,516,30
651,6,516,30
876,6,516,30
522,7,516,30
246,9,516,30
197,10,516,30
428,11,516,30
278,13,516,30
508,14,516,30
552,14,516,30
462,16,516,30
916,18,516,30
299,19,516,30
560,19,516,30
711,20,516,30
858,21,516,30
227,22,516,30
684,26,516,30
298,0,517,30
301,0,517,30
455,0,517,30
478,0,517,30
507,0,517,30
645,0,517,30
730,0,517,30
953,0,517,30
376,1,517,30
448,1,517,30
521,1,517,30
685,1,517,30
710,1,517,30
683,2,517,30
857,2,517,30
84,3,517,30
144,3,517,30
347,3,517,30
471,3,517,30
551,3,517,30
608,3,517,30
915,3,517,30
44,4,517,30
313,4,517,30
349,4,517,30
427,4,517,30
245,5,517,30
409,5,517,30
686,5,517,30
714,5,517,30
729,5,517,30
226,6,517,30
271,6,517,30
277,6,517,30
375,6,517,30
875,6,517,30
687,8,517,30
196,9,517,30
554,9,517,30
718,9,517,30
749,9,517,30
526,10,517,30
461,11,517,30
559,11,517,30
28,12,517,30
650,12,517,30
136,14,517,30
413,14,517,30
218,17,517,30
577,17,517,30
821,18,517,30
43,0,518,30
225,0,518,30
300,0,518,30
346,0,518,30
412,0,518,30
460,0,518,30
684,0,518,30
709,0,518,30
728,0,518,30
195,1,518,30
447,1,518,30
470,1,518,30
553,1,518,30
558,1,518,30
729,1,518,30
856,1,518,30
874,1,518,30
27,2,518,30
244,2,518,30
297,2,518,30
375,2,518,30
520,2,518,30
713,2,518,30
748,2,518,30
408,3,518,30
550,3,518,30
952,3,518,30
143,4,518,30
477,4,518,30
682,4,518,30
135,5,518,30
312,5,518,30
454,5,518,30
644,5,518,30
914,5,518,30
270,6,518,30
506,6,518,30
649,6,518,30
820,8,518,30
686,10,518,30
607,11,518,30
217,12,518,30
685,12,518,30
426,14,518,30
717,14,518,30
276,16,518,30
374,24,518,30
525,24,518,30
348,27,518,30
345,0,519,30
446,0,519,30
459,0,519,30
505,0,519,30
557,0,519,30
575,0,519,30
683,0,519,30
716,0,519,30
728,0,519,30
951,0,519,30
42,1,519,30
142,1,519,30
194,1,519,30
524,1,519,30
648,1,519,30
685,1,519,30
819,1,519,30
855,1,519,30
873,1,519,30
216,2,519,30
275,2,519,30
407,2,519,30
708,2,519,30
224,3,519,30
747,3,519,30
913,3,519,30
296,4,519,30
476,4,519,30
519,4,519,30
681,4,519,30
82,5,519,30
134,5,519,30
311,5,519,30
453,5,519,30
643,6,519,30
373,8,519,30
411,8,519,30
469,8,519,30
269,9,519,30
549,10,519,30
712,10,519,30
26,13,519,30
299,13,519,30
684,13,519,30
425,14,519,30
347,15,519,30
727,19,519,30
552,20,519,30
606,22,519,30
374,28,519,30
215,0,520,30
298,0,520,30
344,0,520,30
406,0,520,30
445,0,520,30
475,0,520,30
574,0,520,30
680,0,520,30
854,0,520,30
373,1,520,30
458,1,520,30
647,1,520,30
81,2,520,30
193,2,520,30
605,2,520,30
950,2,520,30
41,3,520,30
223,3,520,30
274,3,520,30
410,3,520,30
551,3,520,30
682,3,520,30
726,3,520,30
25,4,520,30
141,4,520,30
468,4,520,30
504,4,520,30
523,4,520,30
818,4,520,30
133,5,520,30
242,5,520,30
295,5,520,30
372,7,520,30
556,7,520,30
683,7,520,30
424,8,520,30
518,8,520,30
727,8,520,30
746,8,520,30
268,9,520,30
310,9,520,30
548,9,520,30
642,9,520,30
912,12,520,30
872,13,520,30
346,15,520,30
715,17,520,30
707,20,520,30
711,20,520,30
452,23,520,30
684,26,520,30
40,0,521,30
140,0,521,30
343,0,521,30
679,0,521,30
706,0,521,30
273,1,521,30
294,1,521,30
297,1,521,30
444,1,521,30
555,1,521,30
646,1,521,30
817,1,521,30
503,2,521,30
522,2,521,30
550,2,521,30
683,2,521,30
80,3,521,30
132,3,521,30
372,3,521,30
474,3,521,30
573,3,521,30
726,3,521,30
192,4,521,30
241,4,521,30
517,4,521,30
641,4,521,30
681,4,521,30
745,4,521,30
871,4,521,30
267,5,521,30
214,6,521,30
423,6,521,30
457,6,521,30
371,7,521,30
405,8,521,30
222,9,521,30
853,9,521,30
24,10,521,30
345,10,521,30
467,11,521,30
949,11,521,30
409,12,521,30
682,12,521,30
725,12,521,30
309,13,521,30
604,14,521,30
911,14,521,30
451,15,521,30
710,18,521,30
547,20,521,30
714,28,521,30
139,0,522,30
213,0,522,30
272,0,522,30
450,0,522,30
473,0,522,30
502,0,522,30
709,0,522,30
23,1,522,30
293,1,522,30
344,1,522,30
370,1,522,30
640,1,522,30
645,1,522,30
816,1,522,30
870,1,522,30
549,2,522,30
678,2,522,30
713,2,522,30
131,3,522,30
371,3,522,30
516,3,522,30
572,3,522,30
682,3,522,30
910,3,522,30
240,4,522,30
296,4,522,30
443,4,522,30
456,4,522,30
521,4,522,30
546,4,522,30
680,5,522,30
725,5,522,30
191,7,522,30
408,7,522,30
422,7,522,30
221,8,522,30
404,8,522,30
554,8,522,30
79,9,522,30
266,11,522,30
948,11,522,30
681,16,522,30
744,19,522,30
852,19,522,30
466,21,522,30
342,24,522,30
705,25,522,30
308,27,522,30
138,0,523,30
307,0,523,30
341,0,523,30
472,0,523,30
704,0,523,30
815,0,523,30
220,1,523,30
369,1,523,30
370,1,523,30
403,1,523,30
602,1,523,30
677,1,523,30
851,1,523,30
38,2,523,30
295,2,523,30
515,2,523,30
520,2,523,30
724,2,523,30
271,3,523,30
712,3,523,30
909,3,523,30
239,4,523,30
265,4,523,30
501,4,523,30
548,4,523,30
449,5,523,30
545,5,523,30
644,5,523,30
679,5,523,30
723,5,523,30
130,6,523,30
343,6,523,30
421,6,523,30
292,7,523,30
442,7,523,30
553,7,523,30
455,9,523,30
639,9,523,30
22,10,523,30
212,10,523,30
947,11,523,30
190,12,523,30
680,16,523,30
465,17,523,30
708,17,523,30
743,17,523,30
78,22,523,30
571,23,523,30
681,25,523,30
407,27,523,30
129,0,524,30
189,0,524,30
306,0,524,30
471,0,524,30
946,0,524,30
369,1,524,30
402,1,524,30
448,1,524,30
514,1,524,30
676,1,524,30
707,1,524,30
723,1,524,30
814,1,524,30
21,2,524,30
37,2,524,30
291,2,524,30
294,2,524,30
464,2,524,30
570,2,524,30
601,2,524,30
678,2,524,30
406,3,524,30
703,3,524,30
137,4,524,30
238,4,524,30
270,4,524,30
544,4,524,30
742,4,524,30
850,4,524,30
420,5,524,30
454,5,524,30
680,5,524,30
908,5,524,30
340,6,524,30
519,6,524,30
643,6,524,30
722,6,524,30
211,9,524,30
219,9,524,30
547,10,524,30
500,11,524,30
638,11,524,30
679,11,524,30
264,12,524,30
441,14,524,30
552,14,524,30
868,15,524,30
711,20,524,30
368,22,524,30
77,23,524,30
188,0,525,30
269,0,525,30
341,0,525,30
440,0,525,30
945,0,525,30
218,1,525,30
447,1,525,30
677,1,525,30
706,1,525,30
710,1,525,30
813,1,525,30
867,1,525,30
76,2,525,30
600,2,525,30
637,2,525,30
678,2,525,30
722,2,525,30
401,3,525,30
569,3,525,30
20,4,525,30
36,4,525,30
237,4,525,30
679,4,525,30
741,4,525,30
419,5,525,30
453,5,525,30
367,6,525,30
907,6,525,30
210,7,525,30
405,8,525,30
518,8,525,30
543,8,525,30
551,8,525,30
128,9,525,30
339,9,525,30
463,9,525,30
499,10,525,30
293,11,525,30
546,11,525,30
263,12,525,30
642,12,525,30
290,13,525,30
305,13,525,30
136,14,525,30
368,14,525,30
470,14,525,30
513,14,525,30
702,15,525,30
675,16,525,30
849,24,525,30
721,26,525,30
262,0,526,30
268,0,526,30
439,0,526,30
545,0,526,30
866,0,526,30
127,1,526,30
462,1,526,30
636,1,526,30
676,1,526,30
705,1,526,30
720,1,526,30
289,2,526,30
550,2,526,30
599,2,526,30
641,2,526,30
721,2,526,30
498,4,526,30
740,4,526,30
812,4,526,30
135,5,526,30
418,5,526,30
217,6,526,30
367,6,526,30
469,6,526,30
709,6,526,30
677,7,526,30
678,7,526,30
701,7,526,30
236,8,526,30
338,8,526,30
404,8,526,30
542,8,526,30
19,9,526,30
512,9,526,30
517,9,526,30
674,9,526,30
848,9,526,30
400,10,526,30
304,11,526,30
568,11,526,30
906,12,526,30
446,13,526,30
292,14,526,30
366,14,526,30
209,17,526,30
944,18,526,30
75,20,526,30
340,21,526,30
187,22,526,30
452,23,526,30
35,25,526,30
18,0,527,30
74,0,527,30
186,0,527,30
417,0,527,30
677,0,527,30
216,1,527,30
303,1,527,30
365,1,527,30
544,1,527,30
635,1,527,30
640,1,527,30
235,2,527,30
549,2,527,30
598,2,527,30
719,2,527,30
261,3,527,30
497,3,527,30
511,3,527,30
516,3,527,30
739,3,527,30
811,3,527,30
438,4,527,30
134,5,527,30
267,5,527,30
673,6,527,30
704,6,527,30
403,7,527,30
676,7,527,30
905,7,527,30
337,8,527,30
541,8,527,30
943,8,527,30
208,9,527,30
847,9,527,30
366,10,527,30
567,10,527,30
126,11,527,30
288,11,527,30
461,11,527,30
34,12,527,30
339,12,527,30
720,12,527,30
399,15,527,30
451,15,527,30
468,15,527,30
865,17,527,30
675,18,527,30
445,20,527,30
700,20,527,30
708,20,527,30
291,26,527,30
17,0,528,30
540,0,528,30
672,0,528,30
904,0,528,30
302,1,528,30
543,1,528,30
864,1,528,30
215,2,528,30
287,2,528,30
416,2,528,30
515,2,528,30
450,3,528,30
510,3,528,30
639,3,528,30
703,3,528,30
810,3,528,30
260,4,528,30
437,4,528,30
444,4,528,30
548,4,528,30
73,5,528,30
133,5,528,30
336,5,528,30
718,5,528,30
290,6,528,30
365,6,528,30
460,6,528,30
597,6,528,30
33,7,528,30
338,7,528,30
402,7,528,30
674,7,528,30
676,7,528,30
234,8,528,30
566,8,528,30
699,8,528,30
398,9,528,30
942,10,528,30
125,11,528,30
185,11,528,30
364,11,528,30
496,11,528,30
634,11,528,30
207,12,528,30
719,12,528,30
467,13,528,30
266,16,528,30
846,17,528,30
675,18,528,30
707,20,528,30
738,24,528,30
132,0,529,30
289,0,529,30
539,0,529,30
638,0,529,30
903,0,529,30
214,1,529,30
206,2,529,30
233,2,529,30
259,2,529,30
415,2,529,30
459,2,529,30
495,2,529,30
514,3,529,30
863,3,529,30
265,4,529,30
436,4,529,30
443,4,529,30
565,4,529,30
698,4,529,30
706,4,529,30
737,4,529,30
16,5,529,30
596,5,529,30
702,5,529,30
718,5,529,30
941,5,529,30
72,6,529,30
673,6,529,30
364,7,529,30
674,7,529,30
335,8,529,30
401,8,529,30
449,8,529,30
32,11,529,30
286,11,529,30
717,11,529,30
466,12,529,30
124,14,529,30
184,15,529,30
509,15,529,30
542,15,529,30
675,16,529,30
301,17,529,30
337,17,529,30
363,17,529,30
671,17,529,30
547,20,529,30
397,21,529,30
809,24,529,30
845,28,529,30
213,0,530,30
538,0,530,30
632,0,530,30
697,0,530,30
716,0,530,30
808,0,530,30
902,0,530,30
448,1,530,30
701,1,530,30
844,1,530,30
232,2,530,30
258,2,530,30
494,2,530,30
673,2,530,30
736,2,530,30
513,3,530,30
672,3,530,30
546,4,530,30
205,5,530,30
336,5,530,30
31,6,530,30
396,6,530,30
414,6,530,30
71,7,530,30
285,7,530,30
334,7,530,30
717,7,530,30
940,7,530,30
362,8,530,30
400,8,530,30
670,8,530,30
300,9,530,30
435,9,530,30
674,9,530,30
595,10,530,30
862,10,530,30
541,11,530,30
637,11,530,30
465,12,530,30
288,13,530,30
508,14,530,30
183,15,530,30
131,17,530,30
264,17,530,30
363,17,530,30
123,18,530,30
458,18,530,30
442,19,530,30
564,20,530,30
15,23,530,30
182,0,531,30
284,0,531,30
540,0,531,30
631,0,531,30
672,0,531,30
716,0,531,30
434,1,531,30
447,1,531,30
901,1,531,30
70,2,531,30
212,2,531,30
231,2,531,30
287,2,531,30
493,2,531,30
735,2,531,30
843,2,531,30
299,3,531,30
399,3,531,30
563,3,531,30
696,3,531,30
204,4,531,30
395,4,531,30
545,5,531,30
594,5,531,30
715,5,531,30
122,6,531,30
130,6,531,30
441,6,531,30
333,7,531,30
507,7,531,30
939,7,531,30
30,8,531,30
362,8,531,30
669,8,531,30
14,9,531,30
512,9,531,30
335,10,531,30
457,10,531,30
704,10,531,30
807,10,531,30
636,11,531,30
671,11,531,30
361,12,531,30
537,12,531,30
700,12,531,30
257,13,531,30
263,16,531,30
413,18,531,30
673,18,531,30
464,19,531,30
861,25,531,30
29,0,532,30
129,0,532,30
230,0,532,30
360,0,532,30
398,0,532,30
412,0,532,30
433,0,532,30
440,0,532,30
539,0,532,30
672,0,532,30
13,1,532,30
121,1,532,30
181,1,532,30
203,1,532,30
544,1,532,30
262,2,532,30
456,2,532,30
842,2,532,30
900,2,532,30
394,3,532,30
511,3,532,30
562,3,532,30
703,3,532,30
860,3,532,30
536,4,532,30
670,4,532,30
332,5,532,30
714,5,532,30
361,6,532,30
593,6,532,30
668,7,532,30
635,8,532,30
699,8,532,30
938,8,532,30
211,9,532,30
446,10,532,30
715,10,532,30
286,11,532,30
298,11,532,30
256,12,532,30
492,12,532,30
463,14,532,30
334,15,532,30
671,15,532,30
695,16,532,30
734,16,532,30
69,17,532,30
506,17,532,30
283,19,532,30
630,20,532,30
806,22,532,30
359,0,533,30
360,0,533,30
393,0,533,30
439,0,533,30
538,0,533,30
713,0,533,30
297,1,533,30
462,1,533,30
510,1,533,30
543,1,533,30
561,1,533,30
592,1,533,30
937,1,533,30
128,2,533,30
255,2,533,30
261,2,533,30
397,2,533,30
445,2,533,30
455,2,533,30
670,2,533,30
899,2,533,30
12,3,533,30
202,4,533,30
210,4,533,30
629,4,533,30
698,4,533,30
535,5,533,30
667,5,533,30
702,5,533,30
120,6,533,30
229,6,533,30
331,6,533,30
841,6,533,30
285,7,533,30
859,7,533,30
282,8,533,30
669,8,533,30
180,9,533,30
733,9,533,30
634,11,533,30
671,11,533,30
505,12,533,30
411,13,533,30
714,13,533,30
68,15,533,30
333,17,533,30
491,21,533,30
28,22,533,30
805,23,533,30
432,24,533,30
359,0,534,30
127,1,534,30
209,1,534,30
281,1,534,30
504,1,534,30
858,1,534,30
119,2,534,30
330,2,534,30
392,2,534,30
396,2,534,30
444,2,534,30
534,2,534,30
542,2,534,30
666,2,534,30
713,2,534,30
840,2,534,30
11,3,534,30
284,3,534,30
591,3,534,30
712,3,534,30
179,4,534,30
228,4,534,30
461,4,534,30
670,4,534,30
454,5,534,30
697,5,534,30
898,6,534,30
410,7,534,30
701,7,534,30
260,8,534,30
358,8,534,30
669,8,534,30
936,9,534,30
438,10,534,30
431,11,534,30
332,12,534,30
560,12,534,30
628,12,534,30
633,12,534,30
201,13,534,30
490,13,534,30
537,13,534,30
732,14,534,30
693,15,534,30
509,16,534,30
67,18,534,30
27,21,534,30
254,22,534,30
804,23,534,30
668,24,534,30
296,29,534,30
391,0,535,30
395,0,535,30
460,0,535,30
632,0,535,30
118,1,535,30
208,1,535,30
503,1,535,30
227,2,535,30
280,2,535,30
295,2,535,30
357,2,535,30
443,2,535,30
489,2,535,30
857,2,535,30
692,3,535,30
696,3,535,30
712,3,535,30
839,3,535,30
897,3,535,30
536,4,535,30
259,5,535,30
358,5,535,30
409,5,535,30
453,5,535,30
10,6,535,30
126,6,535,30
667,6,535,30
668,7,535,30
541,8,535,30
669,8,535,30
731,8,535,30
178,9,535,30
430,9,535,30
533,9,535,30
803,9,535,30
590,10,535,30
559,11,535,30
665,11,535,30
627,12,535,30
26,13,535,30
253,13,535,30
700,14,535,30
283,16,535,30
437,16,535,30
935,16,535,30
331,19,535,30
66,20,535,30
508,21,535,30
200,23,535,30
329,23,535,30
459,0,536,30
507,0,536,30
540,0,536,30
631,0,536,30
730,0,536,30
117,1,536,30
279,1,536,30
294,1,536,30
502,1,536,30
252,2,536,30
356,2,536,30
532,2,536,30
666,2,536,30
226,3,536,30
408,3,536,30
699,3,536,30
838,3,536,30
856,3,536,30
691,4,536,30
125,5,536,30
258,5,536,30
535,5,536,30
667,5,536,30
25,6,536,30
558,6,536,30
934,6,536,30
177,7,536,30
357,7,536,30
442,7,536,30
436,8,536,30
664,8,536,30
710,8,536,30
896,8,536,30
488,9,536,30
695,9,536,30
394,10,536,30
668,10,536,30
589,11,536,30
207,12,536,30
9,13,536,30
328,15,536,30
199,16,536,30
802,18,536,30
626,19,536,30
330,21,536,30
390,21,536,30
429,22,536,30
282,24,536,30
452,24,536,30
711,25,536,30
225,0,537,30
251,0,537,30
389,0,537,30
393,0,537,30
539,0,537,30
694,0,537,30
257,1,537,30
281,1,537,30
293,1,537,30
501,1,537,30
534,1,537,30
588,1,537,30
176,2,537,30
206,2,537,30
428,2,537,30
531,2,537,30
729,2,537,30
487,3,537,30
625,3,537,30
855,3,537,30
895,3,537,30
116,4,537,30
698,4,537,30
8,5,537,30
355,5,537,30
663,5,537,30
933,5,537,30
198,6,537,30
441,6,537,30
557,6,537,30
665,6,537,30
667,6,537,30
124,7,537,30
278,7,537,30
690,8,537,30
64,9,537,30
458,9,537,30
24,10,537,30
837,10,537,30
666,11,537,30
709,11,537,30
356,13,537,30
327,14,537,30
407,16,537,30
506,16,537,30
710,18,537,30
329,20,537,30
630,20,537,30
801,20,537,30
451,21,537,30
435,24,537,30
7,0,538,30
406,0,538,30
505,0,538,30
538,0,538,30
629,0,538,30
693,0,538,30
728,0,538,30
23,1,538,30
392,1,538,30
427,1,538,30
500,1,538,30
530,1,538,30
533,1,538,30
224,2,538,30
434,2,538,30
587,2,538,30
624,2,538,30
800,2,538,30
854,2,538,30
250,3,538,30
280,3,538,30
450,3,538,30
123,4,538,30
440,4,538,30
205,5,538,30
328,5,538,30
662,5,538,30
115,6,538,30
175,6,538,30
277,6,538,30
326,6,538,30
665,6,538,30
709,6,538,30
292,7,538,30
486,7,538,30
689,8,538,30
894,8,538,30
63,9,538,30
457,10,538,30
664,11,538,30
666,11,538,30
697,11,538,30
354,13,538,30
355,13,538,30
388,13,538,30
836,13,538,30
197,14,538,30
708,14,538,30
556,19,538,30
932,29,538,30
62,0,539,30
196,0,539,30
204,0,539,30
249,0,539,30
276,0,539,30
456,0,539,30
628,0,539,30
279,1,539,30
391,1,539,30
426,1,539,30
499,1,539,30
532,1,539,30
555,1,539,30
661,1,539,30
853,1,539,30
255,2,539,30
223,3,539,30
485,3,539,30
692,3,539,30
696,3,539,30
835,3,539,30
291,4,539,30
504,4,539,30
688,4,539,30
449,5,539,30
663,5,539,30
122,6,539,30
325,6,539,30
623,6,539,30
665,6,539,30
114,7,539,30
174,7,539,30
529,8,539,30
664,8,539,30
707,8,539,30
327,9,539,30
799,9,539,30
22,10,539,30
586,11,539,30
354,12,539,30
537,12,539,30
353,13,539,30
708,14,539,30
387,18,539,30
439,18,539,30
893,18,539,30
727,19,539,30
6,21,539,30
931,23,539,30
405,25,539,30
326,0,540,30
353,0,540,30
455,0,540,30
498,0,540,30
627,0,540,30
706,0,540,30
892,0,540,30
121,1,540,30
622,1,540,30
691,1,540,30
707,1,540,30
5,2,540,30
173,2,540,30
203,2,540,30
248,2,540,30
503,2,540,30
531,2,540,30
438,3,540,30
687,3,540,30
834,3,540,30
275,4,540,30
484,4,540,30
536,4,540,30
113,5,540,30
290,5,540,30
404,5,540,30
662,5,540,30
663,5,540,30
61,6,540,30
585,6,540,30
448,7,540,30
528,7,540,30
930,7,540,30
664,8,540,30
554,9,540,30
726,9,540,30
278,10,540,30
352,10,540,30
390,10,540,30
222,11,540,30
386,13,540,30
432,13,540,30
21,14,540,30
425,14,540,30
195,15,540,30
695,16,540,30
852,16,540,30
254,22,540,30
324,23,540,30
798,24,540,30
660,29,540,30
112,0,541,30
172,0,541,30
247,0,541,30
323,0,541,30
706,0,541,30
289,1,541,30
527,1,541,30
530,1,541,30
690,1,541,30
202,2,541,30
325,2,541,30
502,2,541,30
694,2,541,30
851,2,541,30
274,3,541,30
437,3,541,30
497,3,541,30
20,4,541,30
929,4,541,30
4,5,541,30
535,5,541,30
659,5,541,30
662,5,541,30
663,5,541,30
60,6,541,30
277,6,541,30
454,6,541,30
621,6,541,30
705,6,541,30
403,7,541,30
553,7,541,30
891,7,541,30
120,8,541,30
351,8,541,30
431,8,541,30
483,8,541,30
833,8,541,30
352,10,541,30
686,10,541,30
221,11,541,30
385,11,541,30
725,12,541,30
797,12,541,30
253,13,541,30
661,13,541,30
389,14,541,30
424,14,541,30
194,15,541,30
584,18,541,30
626,19,541,30
447,22,541,30
193,0,542,30
246,0,542,30
446,0,542,30
482,0,542,30
704,0,542,30
3,1,542,30
111,1,542,30
273,1,542,30
322,1,542,30
496,1,542,30
534,1,542,30
685,1,542,30
705,1,542,30
832,1,542,30
252,2,542,30
423,2,542,30
583,2,542,30
724,2,542,30
928,2,542,30
171,3,542,30
526,3,542,30
625,3,542,30
276,4,542,30
436,4,542,30
501,4,542,30
850,4,542,30
662,5,542,30
693,6,542,30
119,7,542,30
402,7,542,30
430,7,542,30
351,8,542,30
453,9,542,30
796,9,542,30
350,10,542,30
529,10,542,30
660,10,542,30
220,11,542,30
288,11,542,30
658,12,542,30
59,13,542,30
384,13,542,30
661,13,542,30
388,14,542,30
552,14,542,30
19,15,542,30
201,15,542,30
890,15,542,30
689,16,542,30
620,18,542,30
324,29,542,30
323,0,543,30
422,0,543,30
445,0,543,30
481,0,543,30
704,0,543,30
251,1,543,30
533,1,543,30
723,1,543,30
795,1,543,30
321,2,543,30
495,2,543,30
624,2,543,30
660,2,543,30
18,3,543,30
349,3,543,30
831,3,543,30
849,3,543,30
889,3,543,30
192,4,543,30
275,4,543,30
688,4,543,30
287,5,543,30
401,5,543,30
528,5,543,30
619,5,543,30
659,5,543,30
58,6,543,30
272,6,543,30
703,6,543,30
170,7,543,30
551,8,543,30
582,8,543,30
684,8,543,30
219,9,543,30
435,9,543,30
245,11,543,30
500,11,543,30
110,12,543,30
200,12,543,30
350,12,543,30
387,12,543,30
429,12,543,30
525,12,543,30
657,12,543,30
927,12,543,30
661,14,543,30
383,15,543,30
692,15,543,30
2,16,543,30
118,17,543,30
452,23,543,30
117,0,544,30
191,0,544,30
550,0,544,30
623,0,544,30
658,0,544,30
926,0,544,30
109,1,544,30
286,1,544,30
444,1,544,30
527,1,544,30
532,1,544,30
691,1,544,30
57,2,544,30
244,2,544,30
320,2,544,30
434,2,544,30
494,2,544,30
722,2,544,30
169,3,544,30
199,3,544,30
271,3,544,30
348,3,544,30
349,3,544,30
499,3,544,30
524,3,544,30
382,4,544,30
656,4,544,30
683,4,544,30
250,5,544,30
659,5,544,30
274,6,544,30
421,6,544,30
428,7,544,30
848,7,544,30
400,8,544,30
581,8,544,30
687,8,544,30
794,8,544,30
1,9,544,30
888,9,544,30
660,10,544,30
451,11,544,30
618,11,544,30
322,12,544,30
480,12,544,30
218,14,544,30
702,18,544,30
703,19,544,30
386,24,544,30
56,0,545,30
249,0,545,30
479,0,545,30
549,0,545,30
580,0,545,30
655,0,545,30
658,0,545,30
0,1,545,30
108,1,545,30
168,1,545,30
273,1,545,30
427,1,545,30
690,1,545,30
701,1,545,30
198,2,545,30
321,2,545,30
420,2,545,30
493,2,545,30
498,2,545,30
531,2,545,30
721,2,545,30
347,3,545,30
348,3,545,30
450,3,545,30
526,3,545,30
16,4,545,30
617,4,545,30
682,4,545,30
190,5,545,30
217,5,545,30
319,5,545,30
381,5,545,30
385,5,545,30
659,5,545,30
702,5,545,30
925,5,545,30
270,6,545,30
523,6,545,30
285,7,545,30
847,7,545,30
793,8,545,30
243,10,545,30
443,11,545,30
622,11,545,30
829,14,545,30
657,15,545,30
433,16,545,30
116,20,545,30
399,21,545,30
887,22,545,30
346,0,546,30
380,0,546,30
478,0,546,30
658,0,546,30
216,1,546,30
426,1,546,30
685,1,546,30
248,2,546,30
320,2,546,30
497,2,546,30
530,2,546,30
654,2,546,30
284,3,546,30
347,3,546,30
167,4,546,30
398,4,546,30
492,4,546,30
548,4,546,30
656,4,546,30
681,4,546,30
189,5,546,30
272,5,546,30
318,5,546,30
107,6,546,30
720,6,546,30
419,7,546,30
442,7,546,30
522,7,546,30
579,7,546,30
701,8,546,30
269,9,546,30
700,9,546,30
384,10,546,30
689,10,546,30
792,11,546,30
657,12,546,30
846,12,546,30
115,13,546,30
197,13,546,30
432,13,546,30
525,14,546,30
924,15,546,30
616,16,546,30
886,17,546,30
621,18,546,30
449,20,546,30
828,20,546,30
15,23,546,30
215,0,547,30
247,0,547,30
345,0,547,30
346,0,547,30
379,0,547,30
383,0,547,30
431,0,547,30
655,0,547,30
680,0,547,30
684,0,547,30
441,1,547,30
524,1,547,30
620,1,547,30
657,1,547,30
578,2,547,30
14,3,547,30
271,3,547,30
521,3,547,30
699,3,547,30
719,3,547,30
166,4,547,30
241,4,547,30
397,4,547,30
477,4,547,30
653,4,547,30
688,4,547,30
106,5,547,30
317,5,547,30
845,5,547,30
656,6,547,30
188,7,547,30
196,7,547,30
448,7,547,30
491,7,547,30
885,7,547,30
268,9,547,30
827,9,547,30
791,11,547,30
529,12,547,30
700,14,547,30
283,16,547,30
496,17,547,30
923,17,547,30
319,19,547,30
114,21,547,30
418,21,547,30
54,22,547,30
615,22,547,30
425,24,547,30
547,25,547,30
105,0,548,30
246,0,548,30
316,0,548,30
318,0,548,30
344,0,548,30
345,0,548,30
417,0,548,30
679,0,548,30
683,0,548,30
826,0,548,30
214,1,548,30
440,1,548,30
655,1,548,30
718,1,548,30
844,1,548,30
240,2,548,30
382,2,548,30
495,2,548,30
520,2,548,30
267,3,548,30
476,3,548,30
528,3,548,30
699,3,548,30
53,4,548,30
187,4,548,30
523,4,548,30
652,4,548,30
790,4,548,30
884,4,548,30
922,4,548,30
396,5,548,30
619,5,548,30
113,6,548,30
378,6,548,30
165,7,548,30
430,7,548,30
490,7,548,30
282,8,548,30
656,8,548,30
654,9,548,30
577,10,548,30
687,12,548,30
546,18,548,30
270,19,548,30
698,19,548,30
13,20,548,30
614,21,548,30
424,24,548,30
195,28,548,30
164,0,549,30
186,0,549,30
213,0,549,30
343,0,549,30
344,0,549,30
446,0,549,30
921,0,549,30
52,1,549,30
315,1,549,30
439,1,549,30
527,1,549,30
655,1,549,30
104,2,549,30
377,2,549,30
381,2,549,30
416,2,549,30
423,2,549,30
489,2,549,30
494,2,549,30
678,2,549,30
789,2,549,30
12,3,549,30
239,4,549,30
395,4,549,30
475,4,549,30
682,4,549,30
194,5,549,30
545,5,549,30
686,5,549,30
112,6,549,30
519,6,549,30
522,7,549,30
651,7,549,30
717,7,549,30
281,8,549,30
843,8,549,30
653,9,549,30
654,9,549,30
883,9,549,30
245,11,549,30
266,11,549,30
618,11,549,30
697,12,549,30
825,13,549,30
698,14,549,30
999,18,549,30
613,19,549,30
429,22,549,30
269,25,549,30
317,25,549,30
193,0,550,30
343,0,550,30
376,0,550,30
445,0,550,30
493,0,550,30
677,0,550,30
697,0,550,30
51,1,550,30
488,1,550,30
685,1,550,30
212,2,550,30
244,2,550,30
415,2,550,30
428,2,550,30
654,2,550,30
11,3,550,30
314,3,550,30
474,3,550,30
521,3,550,30
526,3,550,30
696,3,550,30
824,3,550,30
882,3,550,30
238,4,550,30
422,4,550,30
438,4,550,30
617,4,550,30
653,4,550,30
681,4,550,30
265,5,550,30
544,5,550,30
716,5,550,30
788,5,550,30
111,7,550,30
163,8,550,30
316,8,550,30
518,8,550,30
920,8,550,30
394,9,550,30
652,9,550,30
103,10,550,30
612,12,550,30
998,13,550,30
280,16,550,30
342,16,550,30
268,18,550,30
650,18,550,30
380,19,550,30
185,20,550,30
842,23,550,30
575,26,550,30
10,0,551,30
341,0,551,30
393,0,551,30
421,1,551,30
487,1,551,30
715,1,551,30
184,2,551,30
375,2,551,30
881,2,551,30
267,3,551,30
414,3,551,30
427,3,551,30
696,3,551,30
237,4,551,30
437,4,551,30
444,4,551,30
473,4,551,30
492,4,551,30
517,4,551,30
574,4,551,30
652,4,551,30
315,5,551,30
616,5,551,30
279,6,551,30
313,6,551,30
649,6,551,30
651,6,551,30
787,6,551,30
379,7,551,30
520,7,551,30
684,8,551,30
823,8,551,30
211,9,551,30
162,10,551,30
243,10,551,30
676,10,551,30
50,11,551,30
110,12,551,30
611,12,551,30
102,13,551,30
997,13,551,30
525,14,551,30
653,14,551,30
841,14,551,30
342,16,551,30
543,16,551,30
680,16,551,30
264,19,551,30
695,19,551,30
919,25,551,30
101,0,552,30
161,0,552,30
191,0,552,30
341,0,552,30
694,0,552,30
880,0,552,30
236,1,552,30
486,1,552,30
615,1,552,30
109,2,552,30
392,2,552,30
420,2,552,30
472,2,552,30
542,2,552,30
650,2,552,30
840,2,552,30
999,2,552,30
242,3,552,30
314,3,552,30
516,3,552,30
573,3,552,30
210,4,552,30
374,4,552,30
436,4,552,30
443,4,552,30
524,4,552,30
679,4,552,30
786,4,552,30
822,4,552,30
918,4,552,30
312,5,552,30
519,5,552,30
648,5,552,30
714,5,552,30
378,6,552,30
491,7,552,30
651,9,552,30
49,10,552,30
695,10,552,30
266,11,552,30
610,12,552,30
278,13,552,30
426,14,552,30
183,16,552,30
263,16,552,30
675,19,552,30
413,21,552,30
340,23,552,30
683,27,552,30
160,0,553,30
313,0,553,30
391,0,553,30
647,0,553,30
693,0,553,30
917,0,553,30
209,1,553,30
518,1,553,30
614,1,553,30
48,2,553,30
377,2,553,30
609,2,553,30
694,2,553,30
995,2,553,30
241,3,553,30
485,3,553,30
572,3,553,30
682,3,553,30
785,3,553,30
879,3,553,30
471,4,553,30
523,4,553,30
190,5,553,30
235,5,553,30
311,5,553,30
373,5,553,30
412,5,553,30
713,5,553,30
340,6,553,30
651,6,553,30
998,6,553,30
100,7,553,30
108,7,553,30
182,7,553,30
419,7,553,30
442,7,553,30
490,7,553,30
674,7,553,30
839,9,553,30
515,10,553,30
265,11,553,30
541,11,553,30
277,12,553,30
435,13,553,30
425,14,553,30
339,17,553,30
650,18,553,30
821,18,553,30
678,19,553,30
262,20,553,30
7,0,554,30
189,0,554,30
571,0,554,30
677,0,554,30
784,0,554,30
820,0,554,30
208,1,554,30
376,1,554,30
470,1,554,30
517,1,554,30
648,1,554,30
47,2,554,30
240,2,554,30
489,2,554,30
613,2,554,30
650,2,554,30
234,3,554,30
261,3,554,30
372,3,554,30
514,3,554,30
692,3,554,30
712,3,554,30
99,4,554,30
181,5,554,30
310,6,554,30
434,6,554,30
441,6,554,30
649,6,554,30
673,6,554,30
693,6,554,30
838,6,554,30
997,6,554,30
107,7,554,30
338,7,554,30
522,7,554,30
608,7,554,30
159,8,554,30
312,9,554,30
390,10,554,30
339,11,554,30
264,12,554,30
411,13,554,30
424,14,554,30
484,14,554,30
418,15,554,30
276,16,554,30
540,18,554,30
916,18,554,30
994,18,554,30
681,21,554,30
878,28,554,30
188,0,555,30
410,0,555,30
440,0,555,30
645,0,555,30
647,0,555,30
672,0,555,30
680,0,555,30
819,0,555,30
46,1,555,30
488,1,555,30
516,1,555,30
521,1,555,30
691,1,555,30
915,1,555,30
180,2,555,30
375,2,555,30
371,3,555,30
423,3,555,30
513,3,555,30
676,3,555,30
106,5,555,30
607,5,555,30
648,5,555,30
469,6,555,30
649,6,555,30
877,6,555,30
158,7,555,30
207,7,555,30
309,7,555,30
338,7,555,30
389,7,555,30
539,7,555,30
612,7,555,30
311,8,555,30
337,8,555,30
483,8,555,30
570,8,555,30
993,8,555,30
275,9,555,30
98,11,555,30
417,11,555,30
260,12,555,30
263,12,555,30
433,12,555,30
783,14,555,30
837,14,555,30
996,15,555,30
6,17,555,30
692,17,555,30
233,18,555,30
239,20,555,30
711,23,555,30
5,0,556,30
105,0,556,30
439,0,556,30
482,0,556,30
647,0,556,30
679,0,556,30
187,1,556,30
370,1,556,30
487,1,556,30
538,1,556,30
646,1,556,30
648,1,556,30
690,1,556,30
691,1,556,30
710,1,556,30
206,2,556,30
262,2,556,30
468,2,556,30
520,2,556,30
782,2,556,30
995,2,556,30
232,3,556,30
374,4,556,30
409,5,556,30
914,5,556,30
992,5,556,30
45,6,556,30
515,6,556,30
876,6,556,30
569,7,556,30
836,7,556,30
336,8,556,30
416,8,556,30
606,8,556,30
422,9,556,30
157,11,556,30
259,11,556,30
337,11,556,30
671,11,556,30
310,13,556,30
432,13,556,30
611,13,556,30
818,14,556,30
644,15,556,30
675,16,556,30
274,17,556,30
308,18,556,30
512,18,556,30
388,20,556,30
179,24,556,30
97,29,556,30
186,0,557,30
481,0,557,30
605,0,557,30
643,0,557,30
645,0,557,30
709,0,557,30
913,0,557,30
369,1,557,30
486,1,557,30
537,1,557,30
610,1,557,30
647,1,557,30
690,1,557,30
261,2,557,30
273,2,557,30
467,2,557,30
670,2,557,30
678,2,557,30
104,3,557,30
438,3,557,30
514,3,557,30
835,3,557,30
4,4,557,30
44,4,557,30
156,4,557,30
646,4,557,30
205,5,557,30
336,5,557,30
431,5,557,30
231,6,557,30
415,6,557,30
421,6,557,30
511,6,557,30
568,6,557,30
875,6,557,30
237,7,557,30
307,8,557,30
335,8,557,30
408,9,557,30
519,9,557,30
674,9,557,30
258,10,557,30
689,11,557,30
387,12,557,30
309,13,557,30
373,14,557,30
178,18,557,30
994,18,557,30
96,20,557,30
991,21,557,30
817,25,557,30
781,26,557,30
43,0,558,30
567,0,558,30
677,0,558,30
185,1,558,30
518,1,558,30
536,1,558,30
609,1,558,30
646,1,558,30
155,2,558,30
386,2,558,30
420,2,558,30
673,2,558,30
437,3,558,30
485,3,558,30
513,3,558,30
780,3,558,30
834,3,558,30
990,3,558,30
3,4,558,30
334,4,558,30
103,5,558,30
177,5,558,30
204,5,558,30
430,5,558,30
644,5,558,30
688,5,558,30
874,5,558,30
230,6,558,30
414,6,558,30
816,6,558,30
372,7,558,30
95,8,558,30
669,8,558,30
689,8,558,30
993,8,558,30
642,9,558,30
236,11,558,30
260,12,558,30
466,12,558,30
480,12,558,30
912,12,558,30
306,13,558,30
368,13,558,30
272,14,558,30
604,14,558,30
257,15,558,30
407,15,558,30
335,18,558,30
510,18,558,30
645,19,558,30
708,20,558,30
308,27,558,30
307,0,559,30
406,0,559,30
465,0,559,30
479,0,559,30
509,0,559,30
645,0,559,30
672,0,559,30
815,0,559,30
911,0,559,30
203,1,559,30
517,1,559,30
676,1,559,30
707,1,559,30
184,2,559,30
371,2,559,30
873,2,559,30
271,3,559,30
687,3,559,30
989,3,559,30
42,4,559,30
176,4,559,30
305,4,559,30
334,4,559,30
436,4,559,30
484,4,559,30
94,5,559,30
102,5,559,30
235,5,559,30
419,5,559,30
535,5,559,30
688,5,559,30
229,6,559,30
367,6,559,30
608,7,559,30
992,8,559,30
259,9,559,30
512,9,559,30
643,9,559,30
779,10,559,30
256,11,559,30
385,11,559,30
333,13,559,30
2,14,559,30
566,14,559,30
154,18,559,30
413,18,559,30
641,20,559,30
833,20,559,30
668,23,559,30
644,24,559,30
429,25,559,30
101,0,560,30
306,0,560,30
370,0,560,30
478,0,560,30
643,0,560,30
516,1,560,30
602,1,560,30
640,1,560,30
706,1,560,30
814,1,560,30
255,2,560,30
428,2,560,30
464,2,560,30
534,2,560,30
999,2,560,30
93,3,560,30
228,3,560,30
384,3,560,30
687,3,560,30
1,4,560,30
175,4,560,30
366,4,560,30
412,4,560,30
234,5,560,30
332,5,560,30
418,5,560,30
644,5,560,30
686,5,560,30
183,6,560,30
607,6,560,30
41,7,560,30
333,7,560,30
483,7,560,30
405,8,560,30
642,9,560,30
832,9,560,30
511,10,560,30
778,10,560,30
270,12,560,30
153,13,560,30
258,13,560,30
435,13,560,30
872,13,560,30
667,14,560,30
304,15,560,30
565,16,560,30
910,16,560,30
671,17,560,30
675,18,560,30
202,19,560,30
508,21,560,30
991,21,560,30
988,24,560,30
40,0,561,30
254,0,561,30
269,0,561,30
417,0,561,30
507,0,561,30
998,0,561,30
100,1,561,30
174,1,561,30
257,1,561,30
369,1,561,30
427,1,561,30
510,1,561,30
705,1,561,30
813,1,561,30
92,2,561,30
233,2,561,30
332,2,561,30
383,2,561,30
434,2,561,30
515,2,561,30
641,2,561,30
909,2,561,30
639,3,561,30
990,3,561,30
305,4,561,30
477,4,561,30
670,4,561,30
777,4,561,30
871,4,561,30
0,5,561,30
686,5,561,30
365,6,561,30
404,6,561,30
606,6,561,30
152,7,561,30
182,7,561,30
674,7,561,30
463,8,561,30
831,8,561,30
987,8,561,30
533,9,561,30
643,9,561,30
685,9,561,30
331,11,561,30
411,12,561,30
642,12,561,30
666,12,561,30
201,13,561,30
303,15,561,30
999,15,561,30
601,18,561,30
227,22,561,30
564,25,561,30
99,0,562,30
268,0,562,30
684,0,562,30
812,0,562,30
997,0,562,30
173,1,562,30
181,1,562,30
403,1,562,30
426,1,562,30
514,1,562,30
640,1,562,30
830,1,562,30
232,2,562,30
330,2,562,30
382,2,562,30
416,2,562,30
532,2,562,30
908,2,562,30
410,3,562,30
476,3,562,30
870,3,562,30
989,3,562,30
151,4,562,30
605,4,562,30
226,5,562,30
563,5,562,30
39,6,562,30
331,6,562,30
481,6,562,30
665,6,562,30
673,6,562,30
704,6,562,30
91,7,562,30
364,7,562,30
462,7,562,30
368,8,562,30
669,8,562,30
776,8,562,30
304,9,562,30
642,9,562,30
253,10,562,30
509,10,562,30
256,11,562,30
638,11,562,30
641,12,562,30
685,14,562,30
506,16,562,30
200,18,562,30
600,19,562,30
986,19,562,30
998,19,562,30
302,24,562,30
150,0,563,30
301,0,563,30
367,0,563,30
475,0,563,30
683,0,563,30
684,0,563,30
829,0,563,30
90,1,563,30
172,1,563,30
402,1,563,30
432,1,563,30
672,1,563,30
988,1,563,30
180,2,563,30
231,2,563,30
252,2,563,30
255,2,563,30
330,2,563,30
381,2,563,30
415,2,563,30
531,2,563,30
811,2,563,30
907,2,563,30
98,3,563,30
267,3,563,30
703,3,563,30
985,3,563,30
303,4,563,30
599,4,563,30
641,4,563,30
997,4,563,30
409,5,563,30
480,5,563,30
513,7,563,30
562,7,563,30
775,7,563,30
996,7,563,30
225,8,563,30
461,8,563,30
664,8,563,30
637,9,563,30
640,9,563,30
639,10,563,30
505,11,563,30
604,14,563,30
425,16,563,30
363,17,563,30
508,23,563,30
668,23,563,30
199,26,563,30
149,0,564,30
230,0,564,30
251,0,564,30
254,0,564,30
300,0,564,30
530,0,564,30
638,0,564,30
683,0,564,30
89,1,564,30
504,1,564,30
984,1,564,30
171,2,564,30
328,2,564,30
828,2,564,30
37,3,564,30
97,3,564,30
179,3,564,30
362,3,564,30
401,3,564,30
639,3,564,30
682,3,564,30
810,3,564,30
366,4,564,30
598,4,564,30
987,4,564,30
995,4,564,30
224,5,564,30
380,5,564,30
431,5,564,30
474,5,564,30
479,5,564,30
663,5,564,30
667,5,564,30
198,6,564,30
414,6,564,30
460,6,564,30
507,6,564,30
561,6,564,30
640,6,564,30
512,7,564,30
408,9,564,30
906,10,564,30
636,11,564,30
671,11,564,30
996,11,564,30
774,13,564,30
266,15,564,30
603,15,564,30
329,20,564,30
868,20,564,30
702,23,564,30
424,24,564,30
301,0,565,30
638,0,565,30
253,1,565,30
365,1,565,30
503,1,565,30
867,1,565,30
983,1,565,30
328,2,565,30
407,2,565,30
423,2,565,30
602,2,565,30
637,2,565,30
666,2,565,30
361,3,565,30
511,3,565,30
635,3,565,30
639,3,565,30
148,4,565,30
265,4,565,30
327,4,565,30
400,4,565,30
670,4,565,30
681,4,565,30
88,5,565,30
250,5,565,30
430,5,565,30
459,5,565,30
478,5,565,30
662,5,565,30
36,6,565,30
229,6,565,30
506,6,565,30
597,6,565,30
773,6,565,30
994,6,565,30
96,7,565,30
170,7,565,30
701,7,565,30
905,7,565,30
529,8,565,30
178,9,565,30
223,9,565,30
995,11,565,30
560,12,565,30
682,12,565,30
413,14,565,30
473,15,565,30
827,15,565,30
379,17,565,30
299,19,565,30
809,19,565,30
197,22,565,30
986,29,565,30
249,0,566,30
298,0,566,30
300,0,566,30
360,0,566,30
412,0,566,30
680,0,566,30
826,0,566,30
904,0,566,30
982,0,566,30
378,1,566,30
502,1,566,30
406,2,566,30
505,2,566,30
601,2,566,30
636,2,566,30
999,2,566,30
169,3,566,30
326,3,566,30
399,3,566,30
510,3,566,30
528,3,566,30
327,4,566,30
422,4,566,30
477,4,566,30
808,4,566,30
228,5,566,30
252,5,566,30
596,5,566,30
772,5,566,30
993,6,566,30
994,6,566,30
95,7,566,30
196,7,566,30
35,8,566,30
222,9,566,30
665,10,566,30
669,10,566,30
364,11,566,30
559,11,566,30
634,11,566,30
638,11,566,30
87,12,566,30
264,12,566,30
429,12,566,30
700,12,566,30
661,13,566,30
472,14,566,30
637,16,566,30
985,16,566,30
458,18,566,30
866,18,566,30
177,19,566,30
681,21,566,30
147,28,566,30
86,0,567,30
251,0,567,30
359,0,567,30
595,0,567,30
600,0,567,30
679,0,567,30
903,0,567,30
981,0,567,30
998,0,567,30
297,1,567,30
326,1,567,30
501,1,567,30
527,1,567,30
558,1,567,30
636,1,567,30
807,1,567,30
94,2,567,30
146,2,567,30
428,2,567,30
635,2,567,30
637,2,567,30
825,2,567,30
221,3,567,30
471,3,567,30
699,3,567,30
771,3,567,30
398,4,567,30
476,4,567,30
504,4,567,30
680,5,567,30
992,5,567,30
176,6,567,30
993,6,567,30
668,7,567,30
34,8,567,30
411,8,567,30
325,9,567,30
457,10,567,30
660,10,567,30
984,10,567,30
168,11,567,30
377,11,567,30
421,11,567,30
664,11,567,30
227,12,567,30
248,12,567,30
263,12,567,30
509,12,567,30
633,12,567,30
299,13,567,30
405,16,567,30
865,17,567,30
363,26,567,30
195,28,567,30
85,0,568,30
376,0,568,30
456,0,568,30
902,0,568,30
980,0,568,30
997,0,568,30
220,1,568,30
427,1,568,30
500,1,568,30
635,1,568,30
636,1,568,30
824,1,568,30
864,1,568,30
325,2,568,30
397,2,568,30
420,2,568,30
503,2,568,30
599,2,568,30
678,2,568,30
145,3,568,30
470,3,568,30
526,3,568,30
770,3,568,30
296,4,568,30
298,4,568,30
475,4,568,30
167,5,568,30
250,5,568,30
358,5,568,30
659,5,568,30
679,5,568,30
992,5,568,30
93,6,568,30
175,6,568,30
247,6,568,30
557,6,568,30
663,6,568,30
33,7,568,30
410,7,568,30
404,9,568,30
667,10,568,30
983,11,568,30
508,12,568,30
226,14,568,30
362,14,568,30
991,15,568,30
806,17,568,30
194,18,568,30
324,19,568,30
634,20,568,30
698,22,568,30
594,25,568,30
84,0,569,30
219,0,569,30
249,0,569,30
455,0,569,30
502,0,569,30
507,0,569,30
658,0,569,30
979,0,569,30
426,1,569,30
499,1,569,30
635,1,569,30
193,2,569,30
295,2,569,30
323,2,569,30
396,2,569,30
556,2,569,30
598,2,569,30
805,2,569,30
863,2,569,30
144,3,569,30
677,3,569,30
769,3,569,30
990,3,569,30
375,4,569,30
166,5,569,30
174,5,569,30
409,5,569,30
419,5,569,30
697,5,569,30
92,6,569,30
246,6,569,30
593,6,569,30
996,7,569,30
469,8,569,30
32,9,569,30
357,9,569,30
631,9,569,30
662,9,569,30
982,9,569,30
823,10,569,30
361,12,569,30
474,12,569,30
633,12,569,30
666,12,569,30
225,14,569,30
525,14,569,30
261,15,569,30
901,18,569,30
324,19,569,30
991,20,569,30
634,24,569,30
678,26,569,30
403,28,569,30
31,0,570,30
91,0,570,30
395,0,570,30
498,0,570,30
592,0,570,30
218,1,570,30
661,1,570,30
677,1,570,30
173,2,570,30
294,2,570,30
468,2,570,30
555,2,570,30
657,2,570,30
900,2,570,30
995,2,570,30
323,3,570,30
676,3,570,30
768,3,570,30
989,3,570,30
990,3,570,30
143,4,570,30
260,4,570,30
356,4,570,30
374,4,570,30
501,4,570,30
822,4,570,30
245,5,570,30
418,5,570,30
454,5,570,30
696,5,570,30
83,6,570,30
506,6,570,30
632,7,570,30
360,8,570,30
402,8,570,30
524,8,570,30
981,8,570,30
165,9,570,30
473,9,570,30
862,9,570,30
978,9,570,30
192,11,570,30
597,11,570,30
634,11,570,30
248,12,570,30
322,12,570,30
633,12,570,30
665,12,570,30
804,13,570,30
224,20,570,30
425,20,570,30
630,20,570,30
296,21,570,30
90,0,571,30
505,0,571,30
632,0,571,30
977,0,571,30
989,0,571,30
142,1,571,30
373,1,571,30
676,1,571,30
767,1,571,30
861,1,571,30
259,2,571,30
295,2,571,30
407,2,571,30
467,2,571,30
472,2,571,30
497,2,571,30
554,2,571,30
591,2,571,30
656,2,571,30
899,2,571,30
394,3,571,30
803,3,571,30
321,4,571,30
355,4,571,30
172,5,571,30
191,5,571,30
401,5,571,30
417,5,571,30
453,5,571,30
980,5,571,30
164,6,571,30
217,6,571,30
247,6,571,30
359,6,571,30
523,6,571,30
994,6,571,30
629,7,571,30
424,8,571,30
30,9,571,30
322,9,571,30
631,9,571,30
293,10,571,30
695,10,571,30
500,11,571,30
82,12,571,30
633,12,571,30
244,15,571,30
660,15,571,30
675,16,571,30
223,19,571,30
988,20,571,30
664,24,571,30
596,27,571,30
29,0,572,30
406,0,572,30
631,0,572,30
820,0,572,30
216,1,572,30
294,1,572,30
496,1,572,30
655,1,572,30
81,2,572,30
258,2,572,30
321,2,572,30
416,2,572,30
423,2,572,30
694,2,572,30
993,2,572,30
320,3,572,30
372,3,572,30
393,3,572,30
766,3,572,30
802,3,572,30
141,4,572,30
171,4,572,30
358,4,572,30
504,4,572,30
976,4,572,30
987,4,572,30
190,5,572,30
659,5,572,30
246,6,572,30
590,6,572,30
663,6,572,30
292,7,572,30
632,7,572,30
163,8,572,30
400,8,572,30
522,8,572,30
471,10,572,30
499,10,572,30
860,10,572,30
354,12,572,30
628,12,572,30
898,12,572,30
243,14,572,30
553,14,572,30
675,16,572,30
979,16,572,30
466,18,572,30
89,20,572,30
630,20,572,30
988,20,572,30
452,23,572,30
88,0,573,30
215,0,573,30
498,0,573,30
589,0,573,30
629,0,573,30
819,0,573,30
859,0,573,30
293,1,573,30
470,1,573,30
291,2,573,30
320,2,573,30
371,2,573,30
392,2,573,30
415,2,573,30
495,2,573,30
503,2,573,30
673,2,573,30
992,2,573,30
319,3,573,30
765,3,573,30
170,4,573,30
521,4,573,30
594,4,573,30
801,4,573,30
80,5,573,30
189,5,573,30
245,5,573,30
975,5,573,30
986,5,573,30
987,5,573,30
257,6,573,30
357,7,573,30
627,7,573,30
221,8,573,30
405,8,573,30
422,8,573,30
674,9,573,30
897,9,573,30
140,11,573,30
353,11,573,30
28,12,573,30
658,12,573,30
552,14,573,30
399,15,573,30
451,15,573,30
631,15,573,30
693,15,573,30
978,15,573,30
654,17,573,30
162,19,573,30
662,21,573,30
465,22,573,30
630,24,573,30
318,0,574,30
588,0,574,30
628,0,574,30
672,0,574,30
977,0,574,30
87,1,574,30
450,1,574,30
629,1,574,30
27,2,574,30
244,2,574,30
370,2,574,30
464,2,574,30
494,2,574,30
497,2,574,30
502,2,574,30
520,2,574,30
800,2,574,30
991,2,574,30
161,3,574,30
319,3,574,30
391,3,574,30
551,3,574,30
985,3,574,30
241,4,574,30
356,4,574,30
398,4,574,30
593,4,574,30
404,5,574,30
986,5,574,30
290,6,574,30
292,7,574,30
469,8,574,30
896,8,574,30
79,9,574,30
414,10,574,30
974,10,574,30
256,11,574,30
421,11,574,30
673,11,574,30
220,12,574,30
657,12,574,30
352,13,574,30
661,13,574,30
653,14,574,30
764,14,574,30
214,15,574,30
692,15,574,30
626,19,574,30
139,20,574,30
858,22,574,30
169,23,574,30
188,24,574,30
630,28,574,30
86,0,575,30
213,0,575,30
219,0,575,30
289,0,575,30
493,0,575,30
496,0,575,30
592,0,575,30
627,0,575,30
672,0,575,30
973,0,575,30
26,1,575,30
138,1,575,30
629,1,575,30
691,1,575,30
763,1,575,30
817,1,575,30
984,1,575,30
78,2,575,30
240,2,575,30
291,2,575,30
369,2,575,30
449,2,575,30
468,2,575,30
628,2,575,30
660,2,575,30
857,2,575,30
420,3,575,30
550,3,575,30
625,3,575,30
985,3,575,30
351,4,575,30
355,4,575,30
397,4,575,30
519,4,575,30
976,4,575,30
255,6,575,30
656,6,575,30
318,8,575,30
463,8,575,30
895,8,575,30
160,9,575,30
990,9,575,30
168,11,575,30
501,11,575,30
671,11,575,30
187,12,575,30
317,12,575,30
243,14,575,30
390,15,575,30
999,15,575,30
403,17,575,30
587,19,575,30
799,20,575,30
413,22,575,30
652,25,575,30
85,0,576,30
655,0,576,30
25,1,576,30
218,1,576,30
254,1,576,30
448,1,576,30
462,1,576,30
518,1,576,30
690,1,576,30
816,1,576,30
856,1,576,30
983,1,576,30
159,2,576,30
212,2,576,30
467,2,576,30
624,2,576,30
670,2,576,30
495,3,576,30
984,3,576,30
77,4,576,30
137,4,576,30
167,4,576,30
239,4,576,30
316,4,576,30
350,4,576,30
492,4,576,30
396,5,576,30
412,5,576,30
419,5,576,30
659,5,576,30
626,6,576,30
651,6,576,30
762,6,576,30
798,6,576,30
989,6,576,30
998,6,576,30
290,8,576,30
368,8,576,30
894,8,576,30
288,9,576,30
975,9,576,30
317,11,576,30
500,11,576,30
627,12,576,30
354,13,576,30
402,13,576,30
591,13,576,30
186,15,576,30
972,16,576,30
389,23,576,30
586,25,576,30
84,0,577,30
316,0,577,30
623,0,577,30
658,0,577,30
253,1,577,30
289,1,577,30
315,1,577,30
447,1,577,30
517,1,577,30
797,1,577,30
855,1,577,30
988,1,577,30
287,2,577,30
670,2,577,30
974,2,577,30
983,2,577,30
401,3,577,30
499,3,577,30
982,3,577,30
166,4,577,30
238,4,577,30
241,4,577,30
349,4,577,30
395,4,577,30
997,4,577,30
418,5,577,30
491,5,577,30
76,6,577,30
367,6,577,30
590,6,577,30
815,7,577,30
158,8,577,30
411,8,577,30
669,8,577,30
689,8,577,30
625,9,577,30
24,10,577,30
217,10,577,30
585,10,577,30
627,10,577,30
185,11,577,30
971,11,577,30
211,13,577,30
353,13,577,30
136,14,577,30
461,15,577,30
761,15,577,30
654,16,577,30
494,17,577,30
548,18,577,30
650,18,577,30
626,19,577,30
388,20,577,30
466,21,577,30
893,22,577,30
417,0,578,30
854,0,578,30
973,0,578,30
23,1,578,30
286,1,578,30
315,1,578,30
490,1,578,30
516,1,578,30
814,1,578,30
970,1,578,30
240,2,578,30
314,2,578,30
892,2,578,30
982,2,578,30
394,3,578,30
410,3,578,30
237,4,578,30
366,4,578,30
400,4,578,30
493,4,578,30
987,4,578,30
135,5,578,30
83,6,578,30
252,6,578,30
288,6,578,30
622,6,578,30
649,6,578,30
210,7,578,30
460,7,578,30
981,7,578,30
996,7,578,30
348,8,578,30
589,8,578,30
796,8,578,30
184,9,578,30
352,10,578,30
498,10,578,30
624,10,578,30
668,10,578,30
669,10,578,30
999,10,578,30
157,11,578,30
165,11,578,30
216,13,578,30
446,14,578,30
465,15,578,30
653,15,578,30
625,16,578,30
688,16,578,30
75,17,578,30
387,18,578,30
584,18,578,30
760,19,578,30
547,20,578,30
657,20,578,30
626,25,578,30
74,0,579,30
209,0,579,30
236,0,579,30
393,0,579,30
625,0,579,30
365,1,579,30
648,1,579,30
813,1,579,30
287,2,579,30
314,2,579,30
351,2,579,30
386,2,579,30
445,2,579,30
459,2,579,30
464,2,579,30
515,2,579,30
588,2,579,30
624,2,579,30
759,2,579,30
489,3,579,30
497,3,579,30
687,3,579,30
891,3,579,30
980,3,579,30
134,4,579,30
156,4,579,30
215,4,579,30
239,4,579,30
313,4,579,30
492,4,579,30
409,5,579,30
667,5,579,30
998,5,579,30
164,6,579,30
251,6,579,30
621,6,579,30
285,7,579,30
583,7,579,30
969,7,579,30
853,8,579,30
995,8,579,30
22,10,579,30
668,10,579,30
981,10,579,30
623,11,579,30
399,12,579,30
416,12,579,30
795,12,579,30
986,12,579,30
183,16,579,30
546,16,579,30
82,20,579,30
656,20,579,30
347,21,579,30
652,25,579,30
182,0,580,30
313,0,580,30
346,0,580,30
496,0,580,30
623,0,580,30
21,1,580,30
208,1,580,30
620,1,580,30
647,1,580,30
655,1,580,30
979,1,580,30
133,2,580,30
350,2,580,30
392,2,580,30
444,2,580,30
587,2,580,30
284,3,580,30
514,3,580,30
624,3,580,30
238,4,580,30
488,4,580,30
312,5,580,30
582,5,580,30
667,5,580,30
980,5,580,30
812,6,580,30
890,6,580,30
994,6,580,30
364,7,580,30
408,7,580,30
155,8,580,30
163,8,580,30
463,8,580,30
758,9,580,30
286,10,580,30
852,10,580,30
385,11,580,30
398,11,580,30
415,11,580,30
491,11,580,30
622,11,580,30
666,11,580,30
971,11,580,30
651,12,580,30
81,13,580,30
214,15,580,30
235,15,580,30
686,15,580,30
458,18,580,30
968,19,580,30
997,20,580,30
250,21,580,30
545,21,580,30
985,21,580,30
794,27,580,30
73,29,580,30
80,0,581,30
249,0,581,30
345,0,581,30
391,0,581,30
623,0,581,30
154,1,581,30
181,1,581,30
622,1,581,30
646,1,581,30
889,1,581,30
970,1,581,30
979,1,581,30
984,1,581,30
443,2,581,30
495,2,581,30
654,2,581,30
666,2,581,30
793,2,581,30
811,2,581,30
851,2,581,30
349,3,581,30
384,3,581,30
487,3,581,30
513,3,581,30
967,3,581,30
237,4,581,30
20,5,581,30
162,5,581,30
311,5,581,30
581,5,581,30
72,6,581,30
132,6,581,30
312,6,581,30
407,6,581,30
457,6,581,30
544,6,581,30
757,6,581,30
993,6,581,30
285,7,581,30
996,7,581,30
234,8,581,30
619,8,581,30
462,9,581,30
685,9,581,30
665,10,581,30
978,10,581,30
207,12,581,30
650,12,581,30
414,15,581,30
586,15,581,30
397,16,581,30
621,18,581,30
283,19,581,30
490,22,581,30
363,24,581,30
213,28,581,30
161,0,582,30
344,0,582,30
383,0,582,30
406,0,582,30
580,0,582,30
153,1,582,30
620,1,582,30
622,1,582,30
645,1,582,30
983,1,582,30
456,2,582,30
489,2,582,30
494,2,582,30
792,2,582,30
995,2,582,30
348,3,582,30
362,3,582,30
653,3,582,30
756,3,582,30
79,4,582,30
206,4,582,30
233,4,582,30
461,4,582,30
396,5,582,30
850,5,582,30
888,5,582,30
212,6,582,30
311,6,582,30
543,6,582,30
665,6,582,30
969,6,582,30
992,6,582,30
71,7,582,30
442,7,582,30
486,7,582,30
664,8,582,30
684,8,582,30
810,8,582,30
180,9,582,30
512,9,582,30
621,9,582,30
390,10,582,30
585,10,582,30
236,11,582,30
618,11,582,30
284,12,582,30
310,12,582,30
413,14,582,30
19,15,582,30
978,15,582,30
131,18,582,30
966,19,582,30
282,20,582,30
649,20,582,30
248,28,582,30
977,28,582,30
160,0,583,30
247,0,583,30
343,0,583,30
395,0,583,30
542,0,583,30
982,0,583,30
441,1,583,30
488,1,583,30
620,1,583,30
648,1,583,30
78,2,583,30
382,2,583,30
455,2,583,30
493,2,583,30
179,3,583,30
347,3,583,30
361,3,583,30
485,3,583,30
511,3,583,30
755,3,583,30
281,4,583,30
460,4,583,30
579,4,583,30
683,4,583,30
617,5,583,30
644,5,583,30
976,5,583,30
70,6,583,30
130,6,583,30
310,6,583,30
621,6,583,30
663,6,583,30
309,7,583,30
389,7,583,30
619,8,583,30
664,8,583,30
968,8,583,30
652,9,583,30
232,10,583,30
18,12,583,30
283,12,583,30
412,12,583,30
791,14,583,30
235,15,583,30
991,15,583,30
405,16,583,30
584,18,583,30
994,18,583,30
152,19,583,30
809,19,583,30
211,20,583,30
887,22,583,30
965,23,583,30
849,24,583,30
977,29,583,30
204,0,584,30
246,0,584,30
309,0,584,30
346,0,584,30
808,0,584,30
981,0,584,30
159,1,584,30
440,1,584,30
487,1,584,30
618,1,584,30
647,1,584,30
280,2,584,30
381,2,584,30
754,2,584,30
342,3,584,30
510,3,584,30
682,3,584,30
77,4,584,30
484,4,584,30
492,4,584,30
578,4,584,30
360,5,584,30
454,5,584,30
459,5,584,30
616,5,584,30
619,5,584,30
975,5,584,30
210,7,584,30
964,7,584,30
990,7,584,30
69,8,584,30
394,8,584,30
663,8,584,30
967,8,584,30
651,9,584,30
662,9,584,30
848,9,584,30
993,10,584,30
178,11,584,30
282,12,584,30
411,12,584,30
129,13,584,30
388,13,584,30
308,14,584,30
790,14,584,30
404,15,584,30
620,15,584,30
976,15,584,30
583,17,584,30
643,17,584,30
886,17,584,30
231,21,584,30
17,22,584,30
541,24,584,30
151,25,584,30
234,28,584,30
209,0,585,30
230,0,585,30
307,0,585,30
345,0,585,30
393,0,585,30
540,0,585,30
980,0,585,30
989,0,585,30
150,1,585,30
281,1,585,30
439,1,585,30
458,1,585,30
486,1,585,30
615,1,585,30
646,1,585,30
76,2,585,30
203,2,585,30
807,3,585,30
16,4,585,30
341,4,585,30
681,4,585,30
177,5,585,30
245,5,585,30
279,5,585,30
380,5,585,30
453,5,585,30
617,5,585,30
753,5,585,30
789,6,585,30
410,7,585,30
68,8,585,30
509,8,585,30
582,8,585,30
975,8,585,30
128,9,585,30
662,9,585,30
847,9,585,30
577,10,585,30
963,10,585,30
974,10,585,30
387,12,585,30
403,12,585,30
483,13,585,30
661,13,585,30
233,18,585,30
618,18,585,30
642,18,585,30
650,18,585,30
308,19,585,30
966,19,585,30
491,20,585,30
885,20,585,30
992,21,585,30
619,22,585,30
359,23,585,30
158,24,585,30
306,0,586,30
344,0,586,30
539,0,586,30
680,0,586,30
979,0,586,30
157,1,586,30
307,1,586,30
392,1,586,30
452,1,586,30
576,1,586,30
614,1,586,30
645,1,586,30
661,1,586,30
752,1,586,30
988,1,586,30
202,2,586,30
244,2,586,30
280,2,586,30
660,2,586,30
232,3,586,30
127,4,586,30
358,4,586,30
438,4,586,30
482,4,586,30
409,5,586,30
616,5,586,30
788,5,586,30
176,6,586,30
617,6,586,30
641,6,586,30
649,6,586,30
15,7,586,30
229,7,586,30
278,7,586,30
485,7,586,30
581,8,586,30
973,8,586,30
208,9,586,30
379,9,586,30
402,9,586,30
457,10,586,30
962,10,586,30
974,10,586,30
340,11,586,30
508,12,586,30
618,12,586,30
846,12,586,30
490,13,586,30
386,14,586,30
806,15,586,30
991,20,586,30
149,21,586,30
75,24,586,30
67,28,586,30
74,0,587,30
343,0,587,30
456,0,587,30
538,0,587,30
580,0,587,30
679,0,587,30
156,1,587,30
305,1,587,30
391,1,587,30
640,1,587,30
751,1,587,30
66,2,587,30
357,2,587,30
613,2,587,30
805,2,587,30
883,2,587,30
228,3,587,30
401,3,587,30
437,4,587,30
617,4,587,30
973,4,587,30
987,4,587,30
231,5,587,30
277,5,587,30
644,5,587,30
659,5,587,30
845,5,587,30
175,6,587,30
279,6,587,30
378,6,587,30
481,6,587,30
507,6,587,30
787,6,587,30
964,6,587,30
207,7,587,30
306,7,587,30
408,7,587,30
148,8,587,30
615,8,587,30
648,8,587,30
972,8,587,30
978,9,587,30
243,10,587,30
339,11,587,30
451,11,587,30
484,11,587,30
489,12,587,30
14,13,587,30
201,13,587,30
385,14,587,30
616,14,587,30
961,14,587,30
660,15,587,30
990,18,587,30
575,26,587,30
126,27,587,30
230,0,588,30
450,0,588,30
455,0,588,30
647,0,588,30
615,1,588,30
658,1,588,30
786,1,588,30
844,1,588,30
206,2,588,30
356,2,588,30
407,2,588,30
678,2,588,30
242,3,588,30
342,3,588,30
639,3,588,30
882,3,588,30
305,4,588,30
400,4,588,30
436,4,588,30
488,4,588,30
614,4,588,30
125,5,588,30
750,5,588,30
506,6,588,30
579,6,588,30
278,7,588,30
338,7,588,30
377,7,588,30
384,7,588,30
483,7,588,30
13,8,588,30
65,8,588,30
574,8,588,30
972,8,588,30
227,10,588,30
390,10,588,30
963,10,588,30
989,10,588,30
999,10,588,30
304,11,588,30
804,11,588,30
971,11,588,30
537,12,588,30
612,12,588,30
643,12,588,30
73,14,588,30
174,14,588,30
480,14,588,30
986,14,588,30
155,15,588,30
659,15,588,30
276,16,588,30
616,16,588,30
960,19,588,30
200,21,588,30
977,22,588,30
147,28,588,30
389,0,589,30
479,0,589,30
482,0,589,30
505,0,589,30
998,0,589,30
72,1,589,30
154,1,589,30
376,1,589,30
573,1,589,30
614,1,589,30
657,1,589,30
677,1,589,30
785,1,589,30
970,1,589,30
988,1,589,30
146,2,589,30
406,2,589,30
613,2,589,30
12,3,589,30
241,3,589,30
303,4,589,30
341,4,589,30
536,4,589,30
611,4,589,30
646,4,589,30
749,4,589,30
976,4,589,30
226,5,589,30
277,5,589,30
355,5,589,30
454,5,589,30
578,5,589,30
383,6,589,30
124,7,589,30
229,7,589,30
803,7,589,30
962,7,589,30
615,8,589,30
959,8,589,30
64,9,589,30
275,9,589,30
881,10,589,30
337,11,589,30
971,11,589,30
642,12,589,30
638,14,589,30
304,15,589,30
399,15,589,30
658,15,589,30
985,16,589,30
173,17,589,30
999,18,589,30
843,21,589,30
199,26,589,30
449,26,589,30
205,27,589,30
71,0,590,30
225,0,590,30
478,0,590,30
481,0,590,30
784,0,590,30
997,0,590,30
145,1,590,30
153,1,590,30
303,1,590,30
434,1,590,30
610,1,590,30
676,1,590,30
970,1,590,30
984,1,590,30
63,2,590,30
336,2,590,30
613,2,590,30
637,2,590,30
657,2,590,30
748,2,590,30
11,3,590,30
228,3,590,30
274,3,590,30
240,4,590,30
382,4,590,30
398,4,590,30
641,4,590,30
656,4,590,30
802,4,590,30
880,4,590,30
987,4,590,30
172,5,590,30
453,5,590,30
535,5,590,30
198,6,590,30
375,6,590,30
969,6,590,30
448,7,590,30
612,7,590,30
961,7,590,30
204,8,590,30
958,8,590,30
975,8,590,30
614,9,590,30
504,11,590,30
572,11,590,30
354,12,590,30
645,13,590,30
276,16,590,30
842,17,590,30
486,18,590,30
998,19,590,30
302,20,590,30
340,21,590,30
388,21,590,30
405,25,590,30
123,26,590,30
62,0,591,30
144,0,591,30
152,0,591,30
301,0,591,30
353,0,591,30
433,0,591,30
655,0,591,30
273,1,591,30
302,1,591,30
452,1,591,30
576,1,591,30
609,1,591,30
636,1,591,30
983,1,591,30
227,2,591,30
503,2,591,30
534,2,591,30
656,2,591,30
960,2,591,30
974,2,591,30
224,3,591,30
485,3,591,30
747,3,591,30
239,4,591,30
397,4,591,30
477,4,591,30
801,4,591,30
381,5,591,30
640,6,591,30
783,6,591,30
841,6,591,30
879,6,591,30
969,6,591,30
122,7,591,30
613,7,591,30
957,7,591,30
986,7,591,30
996,7,591,30
203,8,591,30
404,9,591,30
275,12,591,30
339,12,591,30
480,12,591,30
612,12,591,30
70,13,591,30
171,13,591,30
197,13,591,30
611,13,591,30
644,13,591,30
675,16,591,30
335,17,591,30
968,19,591,30
10,21,591,30
571,23,591,30
374,24,591,30
447,24,591,30
387,29,591,30
300,0,592,30
373,0,592,30
502,0,592,30
575,0,592,30
973,0,592,30
982,0,592,30
121,1,592,30
403,1,592,30
610,1,592,30
635,1,592,30
800,1,592,30
386,2,592,30
654,2,592,30
782,2,592,30
840,2,592,30
956,2,592,30
959,2,592,30
9,3,592,30
223,3,592,30
274,3,592,30
476,3,592,30
995,3,592,30
143,4,592,30
238,4,592,30
484,4,592,30
611,4,592,30
878,4,592,30
272,5,592,30
338,5,592,30
380,5,592,30
396,5,592,30
655,5,592,30
226,6,592,30
570,6,592,30
170,7,592,30
196,7,592,30
301,7,592,30
608,7,592,30
612,7,592,30
674,7,592,30
996,7,592,30
61,9,592,30
69,9,592,30
533,9,592,30
639,9,592,30
643,9,592,30
151,10,592,30
352,10,592,30
446,10,592,30
479,10,592,30
967,10,592,30
432,13,592,30
334,14,592,30
451,15,592,30
985,16,592,30
968,17,592,30
202,24,592,30
746,25,592,30
395,0,593,30
475,0,593,30
574,0,593,30
745,0,593,30
981,0,593,30
60,1,593,30
142,1,593,30
150,1,593,30
195,1,593,30
273,1,593,30
402,1,593,30
609,1,593,30
984,1,593,30
351,2,593,30
445,2,593,30
654,2,593,30
966,2,593,30
995,2,593,30
372,3,593,30
653,3,593,30
967,3,593,30
237,4,593,30
385,5,593,30
120,6,593,30
271,6,593,30
450,6,593,30
781,6,593,30
877,6,593,30
955,6,593,30
169,7,593,30
610,7,593,30
225,8,593,30
333,8,593,30
337,8,593,30
958,8,593,30
972,8,593,30
222,9,593,30
379,9,593,30
483,9,593,30
642,9,593,30
839,9,593,30
478,10,593,30
569,10,593,30
673,10,593,30
431,11,593,30
532,11,593,30
607,11,593,30
638,11,593,30
8,12,593,30
68,12,593,30
299,12,593,30
300,12,593,30
611,12,593,30
201,13,593,30
501,17,593,30
634,20,593,30
799,20,593,30
994,21,593,30
7,0,594,30
168,0,594,30
236,0,594,30
482,0,594,30
798,0,594,30
957,0,594,30
965,0,594,30
980,0,594,30
67,1,594,30
194,1,594,30
573,1,594,30
610,1,594,30
744,1,594,30
983,1,594,30
119,2,594,30
224,2,594,30
336,2,594,30
350,2,594,30
371,2,594,30
444,2,594,30
609,2,594,30
641,2,594,30
954,2,594,30
966,2,594,30
993,2,594,30
221,3,594,30
401,3,594,30
474,3,594,30
608,3,594,30
141,4,594,30
298,4,594,30
384,4,594,30
477,4,594,30
637,4,594,30
653,4,594,30
332,5,594,30
449,5,594,30
270,6,594,30
531,6,594,30
838,6,594,30
876,6,594,30
994,6,594,30
149,7,594,30
652,7,594,30
59,8,594,30
272,8,594,30
394,8,594,30
606,8,594,30
430,9,594,30
672,10,594,30
971,11,594,30
299,12,594,30
378,12,594,30
633,12,594,30
780,15,594,30
500,17,594,30
200,18,594,30
140,0,595,30
193,0,595,30
370,0,595,30
393,0,595,30
481,0,595,30
530,0,595,30
567,0,595,30
953,0,595,30
979,0,595,30
58,1,595,30
66,1,595,30
220,1,595,30
297,1,595,30
609,1,595,30
636,1,595,30
640,1,595,30
964,1,595,30
235,2,595,30
377,2,595,30
443,2,595,30
605,2,595,30
970,2,595,30
992,2,595,30
993,2,595,30
199,3,595,30
223,3,595,30
349,3,595,30
476,3,595,30
499,3,595,30
572,3,595,30
608,3,595,30
743,3,595,30
875,3,595,30
298,4,595,30
400,4,595,30
652,4,595,30
167,5,595,30
797,5,595,30
331,6,595,30
607,6,595,30
651,6,595,30
779,6,595,30
982,7,595,30
335,8,595,30
632,8,595,30
956,8,595,30
271,9,595,30
473,9,595,30
837,10,595,30
148,11,595,30
429,12,595,30
383,15,595,30
671,15,595,30
6,17,595,30
118,17,595,30
965,18,595,30
448,24,595,30
269,25,595,30
5,0,596,30
117,0,596,30
139,0,596,30
498,0,596,30
369,1,596,30
376,1,596,30
392,1,596,30
635,1,596,30
742,1,596,30
297,2,596,30
330,2,596,30
472,2,596,30
650,2,596,30
670,2,596,30
991,2,596,30
992,2,596,30
198,3,596,30
234,3,596,30
348,3,596,30
399,3,596,30
608,3,596,30
57,4,596,30
192,4,596,30
219,4,596,30
270,4,596,30
296,4,596,30
382,4,596,30
475,4,596,30
952,4,596,30
963,4,596,30
166,5,596,30
428,5,596,30
607,5,596,30
796,5,596,30
874,5,596,30
606,6,596,30
651,6,596,30
955,6,596,30
964,6,596,30
334,7,596,30
969,7,596,30
981,7,596,30
529,8,596,30
631,9,596,30
639,10,596,30
222,11,596,30
480,14,596,30
566,14,596,30
604,14,596,30
778,16,596,30
147,19,596,30
442,19,596,30
978,19,596,30
268,20,596,30
836,21,596,30
447,24,596,30
138,0,597,30
221,0,597,30
269,0,597,30
479,0,597,30
951,0,597,30
391,1,597,30
427,1,597,30
795,1,597,30
116,2,597,30
233,2,597,30
295,2,597,30
375,2,597,30
570,2,597,30
605,2,597,30
873,2,597,30
954,2,597,30
991,2,597,30
267,3,597,30
347,3,597,30
471,3,597,30
474,3,597,30
497,3,597,30
528,3,597,30
741,3,597,30
835,3,597,30
990,3,597,30
4,4,597,30
218,4,597,30
296,4,597,30
398,4,597,30
777,4,597,30
191,5,597,30
381,5,597,30
146,6,597,30
607,6,597,30
649,6,597,30
165,7,597,30
333,7,597,30
368,8,597,30
606,8,597,30
669,8,597,30
962,8,597,30
968,8,597,30
64,9,597,30
441,9,597,30
197,10,597,30
634,11,597,30
56,12,597,30
446,13,597,30
565,13,597,30
638,14,597,30
630,20,597,30
650,22,597,30
329,23,597,30
980,27,597,30
603,28,597,30
3,0,598,30
164,0,598,30
268,0,598,30
346,0,598,30
380,0,598,30
440,0,598,30
478,0,598,30
629,0,598,30
740,0,598,30
989,0,598,30
220,1,598,30
294,1,598,30
426,1,598,30
470,1,598,30
496,1,598,30
527,1,598,30
602,1,598,30
605,1,598,30
834,1,598,30
63,2,598,30
232,2,598,30
295,2,598,30
397,2,598,30
637,2,598,30
950,2,598,30
569,3,598,30
374,4,598,30
473,4,598,30
794,4,598,30
976,4,598,30
190,5,598,30
328,5,598,30
332,5,598,30
648,5,598,30
137,6,598,30
445,6,598,30
564,6,598,30
606,6,598,30
962,7,598,30
776,8,598,30
967,8,598,30
115,9,598,30
55,10,598,30
196,10,598,30
668,10,598,30
266,11,598,30
990,11,598,30
217,12,598,30
145,13,598,30
604,14,598,30
872,14,598,30
953,15,598,30
961,16,598,30
979,16,598,30
367,18,598,30
649,20,598,30
390,25,598,30
633,29,598,30
189,0,599,30
219,0,599,30
345,0,599,30
379,0,599,30
439,0,599,30
605,0,599,30
628,0,599,30
632,0,599,30
775,0,599,30
833,0,599,30
216,1,599,30
293,1,599,30
294,1,599,30
373,1,599,30
604,1,599,30
636,1,599,30
988,1,599,30
231,2,599,30
396,2,599,30
472,2,599,30
495,2,599,30
601,2,599,30
563,3,599,30
265,4,599,30
366,4,599,30
739,4,599,30
871,4,599,30
952,4,599,30
267,5,599,30
647,5,599,30
331,6,599,30
469,6,599,30
568,6,599,30
667,6,599,30
136,7,599,30
144,7,599,30
648,7,599,30
961,7,599,30
62,8,599,30
163,8,599,30
793,8,599,30
975,8,599,30
444,9,599,30
477,11,599,30
526,11,599,30
949,11,599,30
114,12,599,30
2,14,599,30
425,14,599,30
195,15,599,30
603,15,599,30
989,16,599,30
54,18,599,30
389,18,599,30
966,19,599,30
978,19,599,30
327,23,599,30
188,0,600,30
215,0,600,30
230,0,600,30
326,0,600,30
344,0,600,30
395,0,600,30
567,0,600,30
600,0,600,30
627,0,600,30
631,0,600,30
647,0,600,30
832,0,600,30
951,0,600,30
965,0,600,30
218,1,600,30
293,1,600,30
365,1,600,30
378,1,600,30
602,1,600,30
604,1,600,30
635,1,600,30
870,1,600,30
468,2,600,30
494,2,600,30
974,2,600,30
438,3,600,30
471,3,600,30
562,3,600,30
977,3,600,30
1,4,600,30
646,4,600,30
987,4,600,30
113,5,600,30
143,5,600,30
330,5,600,30
372,5,600,30
162,7,600,30
292,7,600,30
194,8,600,30
424,8,600,30
959,8,600,30
443,11,600,30
666,11,600,30
948,11,600,30
988,11,600,30
525,12,600,30
135,13,600,30
738,13,600,30
774,13,600,30
264,14,600,30
61,15,600,30
266,16,600,30
792,17,600,30
960,19,600,30
388,21,600,30
476,21,600,30
53,22,600,30
112,0,601,30
343,0,601,30
475,0,601,30
493,0,601,30
645,0,601,30
831,0,601,30
60,1,601,30
214,1,601,30
524,1,601,30
561,1,601,30
602,1,601,30
773,1,601,30
964,1,601,30
291,2,601,30
377,2,601,30
467,2,601,30
599,2,601,30
601,2,601,30
950,2,601,30
161,3,601,30
394,3,601,30
423,3,601,30
437,3,601,30
470,3,601,30
958,3,601,30
187,4,601,30
265,4,601,30
371,4,601,30
869,4,601,30
976,4,601,30
0,5,601,30
52,5,601,30
987,5,601,30
217,6,601,30
325,6,601,30
626,6,601,30
665,6,601,30
229,7,601,30
364,7,601,30
292,9,601,30
737,9,601,30
791,9,601,30
959,10,601,30
134,11,601,30
947,11,601,30
387,12,601,30
646,12,601,30
986,12,601,30
193,14,601,30
566,14,601,30
142,16,601,30
973,17,601,30
263,18,601,30
442,19,601,30
329,20,601,30
634,20,601,30
630,29,601,30
186,0,602,30
370,0,602,30
422,0,602,30
629,0,602,30
946,0,602,30
441,1,602,30
602,1,602,30
772,1,602,30
216,2,602,30
291,2,602,30
376,2,602,30
598,2,602,30
600,2,602,30
393,3,602,30
474,3,602,30
625,3,602,30
958,3,602,30
262,4,602,30
328,4,602,30
436,4,602,30
228,5,602,30
290,5,602,30
492,5,602,30
736,5,602,30
986,5,602,30
192,6,602,30
523,6,602,30
111,7,602,30
565,7,602,30
59,8,602,30
469,8,602,30
664,8,602,30
957,8,602,30
975,10,602,30
133,11,602,30
949,11,602,30
963,11,602,30
264,12,602,30
466,12,602,30
560,12,602,30
386,13,602,30
645,13,602,30
141,15,602,30
160,15,602,30
644,15,602,30
363,17,602,30
790,17,602,30
830,18,602,30
985,18,602,30
213,19,602,30
868,22,602,30
324,23,602,30
51,26,602,30
601,27,602,30
972,28,602,30
140,0,603,30
440,0,603,30
465,0,603,30
628,0,603,30
829,0,603,30
945,0,603,30
159,1,603,30
289,1,603,30
392,1,603,30
421,1,603,30
771,1,603,30
984,1,603,30
212,2,603,30
215,2,603,30
227,2,603,30
375,2,603,30
599,2,603,30
261,3,603,30
323,3,603,30
362,3,603,30
624,3,603,30
867,3,603,30
985,3,603,30
58,4,603,30
327,4,603,30
341,4,603,30
191,5,603,30
290,5,603,30
491,5,603,30
369,7,603,30
663,7,603,30
957,7,603,30
962,7,603,30
735,8,603,30
956,8,603,30
110,9,603,30
435,9,603,30
473,9,603,30
643,9,603,30
132,10,603,30
974,10,603,30
50,11,603,30
185,11,603,30
385,11,603,30
948,11,603,30
263,12,603,30
601,12,603,30
971,12,603,30
559,13,603,30
600,13,603,30
644,13,603,30
564,20,603,30
632,20,603,30
789,21,603,30
597,22,603,30
522,27,603,30
139,0,604,30
262,0,604,30
326,0,604,30
391,0,604,30
439,0,604,30
600,0,604,30
627,0,604,30
973,0,604,30
109,1,604,30
214,1,604,30
322,1,604,30
472,1,604,30
490,1,604,30
521,1,604,30
558,1,604,30
983,1,604,30
984,1,604,30
184,2,604,30
289,2,604,30
464,2,604,30
598,2,604,30
956,2,604,30
211,3,604,30
226,3,604,30
361,3,604,30
384,3,604,30
420,3,604,30
563,3,604,30
770,3,604,30
947,3,604,30
57,4,604,30
260,4,604,30
374,4,604,30
599,4,604,30
190,5,604,30
788,5,604,30
944,5,604,30
288,6,604,30
434,6,604,30
643,6,604,30
158,7,604,30
955,7,604,30
961,7,604,30
623,9,604,30
631,9,604,30
642,9,604,30
49,10,604,30
340,11,604,30
596,12,604,30
662,12,604,30
970,12,604,30
368,13,604,30
734,16,604,30
131,17,604,30
828,20,604,30
467,21,604,30
866,24,604,30
108,0,605,30
138,0,605,30
213,0,605,30
360,0,605,30
433,0,605,30
595,0,605,30
983,1,605,30
259,2,605,30
261,2,605,30
287,2,605,30
954,2,605,30
48,3,605,30
383,3,605,30
471,3,605,30
562,3,605,30
769,3,605,30
210,4,605,30
598,4,605,30
599,4,605,30
189,5,605,30
183,6,605,30
288,6,605,30
325,6,605,30
438,6,605,30
597,6,605,30
641,6,605,30
787,6,605,30
955,6,605,30
969,6,605,30
419,7,605,30
489,7,605,30
982,7,605,30
225,8,605,30
520,8,605,30
943,8,605,30
339,9,605,30
463,9,605,30
642,9,605,30
557,10,605,30
865,11,605,30
466,12,605,30
622,12,605,30
733,13,605,30
661,14,605,30
972,15,605,30
130,16,605,30
827,16,605,30
946,16,605,30
960,19,605,30
56,20,605,30
367,20,605,30
630,20,605,30
321,21,605,30
390,21,605,30
626,24,605,30
373,29,605,30
129,0,606,30
209,0,606,30
359,0,606,30
389,0,606,30
629,0,606,30
826,0,606,30
953,0,606,30
982,0,606,30
286,1,606,30
432,1,606,30
462,1,606,30
465,1,606,30
561,1,606,30
640,1,606,30
258,2,606,30
287,2,606,30
660,2,606,30
768,2,606,30
786,2,606,30
954,2,606,30
224,3,606,30
372,3,606,30
470,3,606,30
942,3,606,30
137,4,606,30
260,4,606,30
366,4,606,30
382,4,606,30
594,4,606,30
598,4,606,30
55,5,606,30
338,5,606,30
519,5,606,30
596,5,606,30
864,5,606,30
47,6,606,30
488,6,606,30
641,6,606,30
981,7,606,30
156,8,606,30
621,9,606,30
945,9,606,30
212,10,606,30
959,10,606,30
437,11,606,30
597,11,606,30
732,11,606,30
971,12,606,30
968,17,606,30
320,18,606,30
556,19,606,30
107,20,606,30
182,20,606,30
188,24,606,30
625,24,606,30
418,27,606,30
431,0,607,30
628,0,607,30
953,0,607,30
981,0,607,30
187,1,607,30
365,1,607,30
555,1,607,30
941,1,607,30
970,1,607,30
259,2,607,30
323,2,607,30
464,2,607,30
825,2,607,30
211,3,607,30
223,3,607,30
257,3,607,30
371,3,607,30
487,3,607,30
639,3,607,30
767,3,607,30
785,3,607,30
952,3,607,30
967,3,607,30
980,3,607,30
46,4,607,30
181,4,607,30
358,4,607,30
461,4,607,30
593,4,607,30
381,5,607,30
596,5,607,30
659,5,607,30
863,5,607,30
640,6,607,30
136,7,607,30
155,8,607,30
469,8,607,30
518,8,607,30
595,8,607,30
624,8,607,30
128,9,607,30
208,9,607,30
319,9,607,30
337,9,607,30
285,10,607,30
286,10,607,30
958,10,607,30
417,11,607,30
597,11,607,30
731,11,607,30
560,12,607,30
388,13,607,30
620,13,607,30
54,15,607,30
436,15,607,30
944,19,607,30
106,25,607,30
186,0,608,30
370,0,608,30
380,0,608,30
460,0,608,30
595,0,608,30
623,0,608,30
627,0,608,30
658,0,608,30
951,0,608,30
980,0,608,30
127,1,608,30
154,1,608,30
322,1,608,30
592,1,608,30
979,1,608,30
180,2,608,30
258,2,608,30
336,2,608,30
357,2,608,30
468,2,608,30
53,3,608,30
256,3,608,30
766,3,608,30
784,3,608,30
594,4,608,30
862,4,608,30
430,5,608,30
730,5,608,30
952,5,608,30
45,6,608,30
824,6,608,30
969,6,608,30
210,7,608,30
486,7,608,30
619,7,608,30
940,7,608,30
957,7,608,30
284,8,608,30
364,8,608,30
463,8,608,30
554,8,608,30
943,8,608,30
639,9,608,30
285,10,608,30
559,11,608,30
638,11,608,30
222,12,608,30
318,12,608,30
416,12,608,30
517,13,608,30
105,14,608,30
135,14,608,30
596,15,608,30
435,16,608,30
387,18,608,30
966,19,608,30
207,28,608,30
209,0,609,30
221,0,609,30
379,0,609,30
459,0,609,30
595,0,609,30
638,0,609,30
979,0,609,30
52,1,609,30
153,1,609,30
185,1,609,30
369,1,609,30
553,1,609,30
558,1,609,30
622,1,609,30
861,1,609,30
104,2,609,30
206,2,609,30
255,2,609,30
356,2,609,30
434,2,609,30
467,2,609,30
591,2,609,30
657,2,609,30
257,3,609,30
284,3,609,30
485,3,609,30
516,3,609,30
765,3,609,30
942,3,609,30
44,4,609,30
179,4,609,30
321,4,609,30
593,4,609,30
594,4,609,30
950,4,609,30
729,5,609,30
126,6,609,30
415,6,609,30
626,6,609,30
783,6,609,30
951,6,609,30
939,7,609,30
462,9,609,30
637,9,609,30
978,9,609,30
335,10,609,30
823,10,609,30
956,10,609,30
317,12,609,30
429,12,609,30
386,13,609,30
618,14,609,30
283,16,609,30
134,18,609,30
968,19,609,30
965,23,609,30
363,26,609,30
152,0,610,30
316,0,610,30
592,0,610,30
822,0,610,30
977,0,610,30
51,1,610,30
208,1,610,30
220,1,610,30
941,1,610,30
964,1,610,30
184,2,610,30
428,2,610,30
515,2,610,30
637,2,610,30
656,2,610,30
256,3,610,30
625,3,610,30
967,3,610,30
334,4,610,30
355,4,610,30
461,4,610,30
593,4,610,30
594,4,610,30
617,4,610,30
103,5,610,30
125,6,610,30
378,6,610,30
414,6,610,30
782,6,610,30
938,6,610,30
955,6,610,30
728,7,610,30
362,8,610,30
764,8,610,30
178,9,610,30
458,9,610,30
950,9,610,30
860,10,610,30
484,11,610,30
636,11,610,30
283,12,610,30
433,12,610,30
43,13,610,30
385,14,610,30
552,14,610,30
949,15,610,30
557,17,610,30
590,17,610,30
320,18,610,30
621,18,610,30
133,19,610,30
978,19,610,30
282,20,610,30
466,21,610,30
254,23,610,30
205,27,610,30
460,0,611,30
465,0,611,30
589,0,611,30
937,0,611,30
977,0,611,30
281,1,611,30
315,1,611,30
432,1,611,30
620,1,611,30
255,2,611,30
377,2,611,30
591,2,611,30
636,2,611,30
763,2,611,30
954,2,611,30
151,3,611,30
427,3,611,30
514,3,611,30
551,3,611,30
624,3,611,30
635,3,611,30
204,4,611,30
219,4,611,30
384,4,611,30
593,4,611,30
963,4,611,30
976,4,611,30
102,5,611,30
319,5,611,30
183,6,611,30
781,6,611,30
124,7,611,30
177,7,611,30
207,7,611,30
333,7,611,30
556,7,611,30
940,7,611,30
483,8,611,30
592,8,611,30
655,8,611,30
727,8,611,30
132,10,611,30
253,10,611,30
457,10,611,30
616,11,611,30
859,11,611,30
50,12,611,30
282,12,611,30
354,12,611,30
361,12,611,30
42,13,611,30
948,13,611,30
367,18,611,30
821,18,611,30
413,19,611,30
966,19,611,30
949,23,611,30
101,0,612,30
182,0,612,30
353,0,612,30
412,0,612,30
459,0,612,30
482,0,612,30
588,0,612,30
592,0,612,30
820,0,612,30
936,0,612,30
965,0,612,30
555,1,612,30
615,1,612,30
858,1,612,30
176,2,612,30
203,2,612,30
252,2,612,30
280,2,612,30
314,2,612,30
332,2,612,30
376,2,612,30
383,2,612,30
456,2,612,30
464,2,612,30
635,2,612,30
654,2,612,30
780,2,612,30
41,3,612,30
150,3,612,30
513,3,612,30
550,3,612,30
947,3,612,30
123,4,612,30
218,4,612,30
976,4,612,30
318,5,612,30
619,5,612,30
281,6,612,30
590,6,612,30
762,6,612,30
206,7,612,30
939,7,612,30
975,8,612,30
623,9,612,30
49,10,612,30
726,10,612,30
634,11,612,30
431,12,612,30
426,14,612,30
953,15,612,30
131,17,612,30
360,17,612,30
366,17,612,30
591,20,612,30
948,20,612,30
962,21,612,30
254,22,612,30
481,0,613,30
589,0,613,30
819,0,613,30
935,0,613,30
251,1,613,30
614,1,613,30
149,2,613,30
202,2,613,30
375,2,613,30
382,2,613,30
455,2,613,30
587,2,613,30
591,2,613,30
946,2,613,30
974,2,613,30
48,3,613,30
100,3,613,30
947,3,613,30
952,3,613,30
175,4,613,30
181,4,613,30
653,4,613,30
938,4,613,30
964,4,613,30
205,5,613,30
217,5,613,30
279,5,613,30
317,5,613,30
725,5,613,30
359,6,613,30
590,6,613,30
779,6,613,30
122,7,613,30
313,7,613,30
40,8,613,30
463,8,613,30
554,8,613,30
280,9,613,30
430,9,613,30
253,10,613,30
761,10,613,30
975,10,613,30
622,12,613,30
352,13,613,30
961,13,613,30
425,14,613,30
618,14,613,30
130,17,613,30
458,18,613,30
331,19,613,30
512,22,613,30
857,22,613,30
634,24,613,30
411,25,613,30
365,26,613,30
633,29,613,30
99,0,614,30
129,0,614,30
204,0,614,30
588,0,614,30
632,0,614,30
973,0,614,30
121,1,614,30
216,1,614,30
856,1,614,30
937,1,614,30
180,2,614,30
252,2,614,30
330,2,614,30
381,2,614,30
974,2,614,30
250,3,614,30
410,3,614,30
945,3,614,30
174,4,614,30
316,4,614,30
351,4,614,30
358,4,614,30
374,4,614,30
617,4,614,30
652,4,614,30
963,4,614,30
480,5,614,30
47,6,614,30
148,6,614,30
457,6,614,30
934,6,614,30
946,6,614,30
951,6,614,30
278,7,614,30
462,7,614,30
613,7,614,30
364,8,614,30
586,8,614,30
589,8,614,30
279,9,614,30
312,9,614,30
548,9,614,30
621,9,614,30
960,9,614,30
511,10,614,30
760,10,614,30
590,12,614,30
633,12,614,30
39,13,614,30
201,13,614,30
454,13,614,30
424,14,614,30
818,14,614,30
778,16,614,30
724,22,614,30
215,0,615,30
249,0,615,30
479,0,615,30
589,0,615,30
631,0,615,30
973,0,615,30
510,1,615,30
588,1,615,30
817,1,615,30
855,1,615,30
128,2,615,30
357,2,615,30
428,2,615,30
587,2,615,30
950,2,615,30
179,3,615,30
423,3,615,30
945,3,615,30
173,4,615,30
203,4,615,30
350,4,615,30
777,4,615,30
959,4,615,30
46,5,615,30
409,5,615,30
616,5,615,30
933,5,615,30
120,6,615,30
651,6,615,30
278,7,615,30
612,7,615,30
98,8,615,30
373,8,615,30
453,8,615,30
456,8,615,30
962,8,615,30
547,10,615,30
759,10,615,30
315,11,615,30
461,11,615,30
620,11,615,30
277,14,615,30
723,15,615,30
936,15,615,30
972,15,615,30
200,18,615,30
251,18,615,30
944,18,615,30
147,19,615,30
552,20,615,30
632,20,615,30
585,21,615,30
380,23,615,30
329,26,615,30
363,26,615,30
97,0,616,30
422,0,616,30
478,0,616,30
584,0,616,30
588,0,616,30
214,1,616,30
816,1,616,30
45,2,616,30
146,2,616,30
248,2,616,30
314,2,616,30
328,2,616,30
356,2,616,30
650,2,616,30
37,3,616,30
362,3,616,30
372,3,616,30
408,3,616,30
551,3,616,30
758,3,616,30
935,3,616,30
958,3,616,30
202,4,616,30
349,4,616,30
427,4,616,30
546,4,616,30
611,4,616,30
127,5,616,30
460,6,616,30
722,6,616,30
119,7,616,30
379,7,616,30
455,7,616,30
452,8,616,30
586,8,616,30
619,8,616,30
776,8,616,30
854,8,616,30
972,8,616,30
587,9,616,30
631,9,616,30
172,11,616,30
949,11,616,30
277,12,616,30
932,12,616,30
961,12,616,30
310,13,616,30
615,13,616,30
250,15,616,30
509,15,616,30
178,16,616,30
276,16,616,30
971,17,616,30
944,18,616,30
630,20,616,30
943,29,616,30
276,0,617,30
583,0,617,30
586,0,617,30
775,0,617,30
815,0,617,30
957,0,617,30
145,1,617,30
378,1,617,30
610,1,617,30
618,1,617,30
757,1,617,30
853,1,617,30
970,1,617,30
171,2,617,30
407,2,617,30
934,2,617,30
960,2,617,30
361,3,617,30
371,3,617,30
550,3,617,30
585,3,617,30
942,3,617,30
313,4,617,30
327,4,617,30
213,5,617,30
355,5,617,30
454,5,617,30
477,5,617,30
931,5,617,30
126,6,617,30
614,6,617,30
198,7,617,30
247,7,617,30
309,7,617,30
118,9,617,30
275,9,617,30
421,10,617,30
948,11,617,30
36,12,617,30
971,12,617,30
426,14,617,30
508,14,617,30
44,15,617,30
201,15,617,30
587,15,617,30
629,15,617,30
451,17,617,30
545,17,617,30
249,18,617,30
649,18,617,30
177,19,617,30
348,25,617,30
943,25,617,30
96,28,617,30
117,0,618,30
370,0,618,30
584,0,618,30
756,0,618,30
144,1,618,30
450,1,618,30
609,1,618,30
648,1,618,30
176,2,618,30
212,2,618,30
406,2,618,30
420,2,618,30
628,2,618,30
956,2,618,30
959,2,618,30
585,3,618,30
941,3,618,30
942,3,618,30
947,3,618,30
170,4,618,30
275,4,618,30
544,4,618,30
629,4,618,30
312,5,618,30
453,5,618,30
95,6,618,30
125,6,618,30
274,6,618,30
326,6,618,30
476,6,618,30
617,6,618,30
360,7,618,30
507,7,618,30
933,7,618,30
35,8,618,30
246,8,618,30
582,8,618,30
586,8,618,30
970,9,618,30
549,10,618,30
814,10,618,30
852,10,618,30
200,12,618,30
248,12,618,30
354,12,618,30
197,14,618,30
308,14,618,30
425,14,618,30
43,15,618,30
347,15,618,30
774,15,618,30
377,16,618,30
613,19,618,30
969,20,618,30
458,23,618,30
930,23,618,30
720,29,618,30
94,0,619,30
196,0,619,30
583,0,619,30
851,0,619,30
946,0,619,30
42,1,619,30
273,1,619,30
307,1,619,30
369,1,619,30
376,1,619,30
647,1,619,30
941,1,619,30
116,2,619,30
449,2,619,30
628,2,619,30
719,2,619,30
169,3,619,30
211,3,619,30
274,3,619,30
585,3,619,30
627,3,619,30
143,4,619,30
548,4,619,30
755,4,619,30
245,5,619,30
311,5,619,30
419,5,619,30
475,5,619,30
958,5,619,30
247,6,619,30
325,6,619,30
359,6,619,30
457,6,619,30
543,6,619,30
773,6,619,30
955,6,619,30
969,6,619,30
940,7,619,30
34,8,619,30
405,8,619,30
452,8,619,30
581,8,619,30
968,8,619,30
608,10,619,30
353,11,619,30
616,11,619,30
612,12,619,30
929,13,619,30
424,14,619,30
124,15,619,30
346,15,619,30
813,15,619,30
175,16,619,30
199,16,619,30
932,19,619,30
584,20,619,30
506,22,619,30
580,0,620,30
812,0,620,30
945,0,620,30
957,0,620,30
168,1,620,30
195,1,620,30
646,1,620,30
244,2,620,30
273,2,620,30
423,2,620,30
542,2,620,30
583,2,620,30
954,2,620,30
41,3,620,30
474,3,620,30
627,3,620,30
931,3,620,30
967,3,620,30
142,4,620,30
210,4,620,30
345,4,620,30
850,4,620,30
272,5,620,30
418,5,620,30
718,5,620,30
93,6,620,30
246,6,620,30
306,6,620,30
375,6,620,30
404,6,620,30
607,6,620,30
626,6,620,30
115,7,620,30
448,7,620,30
754,7,620,30
939,7,620,30
358,8,620,30
368,8,620,30
456,8,620,30
310,9,620,30
928,9,620,30
582,10,620,30
198,11,620,30
451,11,620,30
584,11,620,30
505,12,620,30
611,12,620,30
615,13,620,30
772,13,620,30
352,15,620,30
940,16,620,30
33,18,620,30
123,26,620,30
968,29,620,30
40,0,621,30
209,0,621,30
272,0,621,30
323,0,621,30
417,0,621,30
450,0,621,30
645,0,621,30
930,0,621,30
953,0,621,30
194,1,621,30
245,1,621,30
344,1,621,30
610,1,621,30
849,1,621,30
167,2,621,30
173,2,621,30
357,2,621,30
583,2,621,30
938,2,621,30
956,2,621,30
966,2,621,30
114,3,621,30
271,3,621,30
625,3,621,30
771,3,621,30
141,4,621,30
305,4,621,30
351,4,621,30
504,4,621,30
92,5,621,30
582,5,621,30
753,5,621,30
811,5,621,30
367,6,621,30
606,6,621,30
614,6,621,30
122,7,621,30
422,7,621,30
455,7,621,30
579,7,621,30
717,7,621,30
541,9,621,30
581,9,621,30
309,10,621,30
546,11,621,30
403,12,621,30
197,13,621,30
927,13,621,30
243,14,621,30
473,15,621,30
939,15,621,30
967,15,621,30
944,21,621,30
447,22,621,30
32,23,621,30
626,24,621,30
31,0,622,30
172,0,622,30
196,0,622,30
373,0,622,30
446,0,622,30
540,0,622,30
625,0,622,30
926,0,622,30
937,0,622,30
208,1,622,30
244,1,622,30
472,1,622,30
605,1,622,30
609,1,622,30
356,2,622,30
416,2,622,30
503,2,622,30
578,2,622,30
580,2,622,30
613,2,622,30
624,2,622,30
938,2,622,30
999,2,622,30
242,3,622,30
271,3,622,30
770,3,622,30
952,3,622,30
166,4,622,30
193,4,622,30
350,4,622,30
929,4,622,30
113,5,622,30
449,5,622,30
454,5,622,30
581,5,622,30
582,5,622,30
644,5,622,30
810,5,622,30
39,6,622,30
270,6,622,30
343,6,622,30
421,6,622,30
848,7,622,30
402,8,622,30
955,8,622,30
304,9,622,30
322,9,622,30
545,10,622,30
716,10,622,30
943,11,622,30
121,13,622,30
140,13,622,30
752,13,622,30
91,17,622,30
366,17,622,30
308,19,622,30
965,23,622,30
966,26,622,30
445,0,623,30
539,0,623,30
623,0,623,30
643,0,623,30
751,0,623,30
936,0,623,30
937,0,623,30
965,0,623,30
998,0,623,30
90,1,623,30
365,1,623,30
448,1,623,30
604,1,623,30
715,1,623,30
964,1,623,30
112,2,623,30
415,2,623,30
420,2,623,30
502,2,623,30
624,2,623,30
928,2,623,30
139,3,623,30
241,3,623,30
342,3,623,30
372,3,623,30
471,3,623,30
608,3,623,30
769,3,623,30
192,4,623,30
303,4,623,30
307,4,623,30
321,4,623,30
349,4,623,30
580,4,623,30
954,4,623,30
453,5,623,30
581,5,623,30
120,6,623,30
270,6,623,30
544,6,623,30
579,6,623,30
951,6,623,30
30,7,623,30
38,7,623,30
165,7,623,30
207,7,623,30
847,7,623,30
401,8,623,30
269,9,623,30
243,10,623,30
577,10,623,30
925,10,623,30
171,13,623,30
355,17,623,30
942,28,623,30
29,0,624,30
37,0,624,30
164,0,624,30
191,0,624,30
419,0,624,30
538,0,624,30
580,0,624,30
623,0,624,30
750,0,624,30
935,0,624,30
936,0,624,30
997,0,624,30
89,1,624,30
138,1,624,30
447,1,624,30
452,1,624,30
576,1,624,30
622,1,624,30
941,1,624,30
119,2,624,30
206,2,624,30
371,2,624,30
768,2,624,30
414,3,624,30
470,3,624,30
240,4,624,30
341,4,624,30
501,4,624,30
579,4,624,30
611,4,624,30
924,4,624,30
111,5,624,30
242,5,624,30
269,5,624,30
302,5,624,30
578,5,624,30
268,6,624,30
306,6,624,30
348,6,624,30
543,6,624,30
964,6,624,30
364,8,624,30
400,8,624,30
808,8,624,30
950,9,624,30
444,11,624,30
607,11,624,30
927,11,624,30
320,12,624,30
846,12,624,30
714,13,624,30
170,14,624,30
194,14,624,30
603,15,624,30
953,15,624,30
642,18,624,30
354,25,624,30
963,25,624,30
370,0,625,30
446,0,625,30
542,0,625,30
575,0,625,30
926,0,625,30
935,0,625,30
537,1,625,30
602,1,625,30
301,2,625,30
641,2,625,30
713,2,625,30
169,3,625,30
267,3,625,30
399,3,625,30
578,3,625,30
767,3,625,30
807,3,625,30
137,4,625,30
193,4,625,30
239,4,625,30
241,4,625,30
305,4,625,30
579,4,625,30
749,4,625,30
205,5,625,30
319,5,625,30
418,5,625,30
36,7,625,30
88,7,625,30
610,7,625,30
962,7,625,30
163,8,625,30
606,8,625,30
952,8,625,30
110,9,625,30
118,9,625,30
443,11,625,30
451,11,625,30
500,11,625,30
622,11,625,30
949,11,625,30
996,11,625,30
621,12,625,30
845,13,625,30
347,17,625,30
363,17,625,30
577,17,625,30
923,17,625,30
268,18,625,30
413,19,625,30
469,19,625,30
940,19,625,30
353,20,625,30
340,21,625,30
190,22,625,30
28,23,625,30
963,25,625,30
117,0,626,30
189,0,626,30
204,0,626,30
318,0,626,30
412,0,626,30
445,0,626,30
450,0,626,30
574,0,626,30
605,0,626,30
748,0,626,30
951,0,626,30
87,1,626,30
536,1,626,30
640,1,626,30
109,2,626,30
369,2,626,30
578,2,626,30
601,2,626,30
609,2,626,30
934,2,626,30
267,3,626,30
362,3,626,30
766,3,626,30
192,4,626,30
238,4,626,30
240,4,626,30
922,4,626,30
995,4,626,30
417,5,626,30
933,5,626,30
136,7,626,30
162,7,626,30
398,7,626,30
961,7,626,30
962,7,626,30
35,8,626,30
168,8,626,30
712,8,626,30
925,9,626,30
352,10,626,30
577,10,626,30
844,10,626,30
939,10,626,30
27,11,626,30
499,11,626,30
620,11,626,30
948,11,626,30
300,12,626,30
339,13,626,30
266,15,626,30
468,15,626,30
541,15,626,30
806,15,626,30
621,18,626,30
304,20,626,30
346,20,626,30
442,21,626,30
86,0,627,30
188,0,627,30
575,0,627,30
600,0,627,30
921,0,627,30
203,1,627,30
303,1,627,30
441,1,627,30
576,1,627,30
620,1,627,30
416,2,627,30
449,2,627,30
843,2,627,30
161,3,627,30
361,3,627,30
573,3,627,30
608,3,627,30
747,3,627,30
765,3,627,30
947,3,627,30
237,4,627,30
239,4,627,30
924,4,627,30
167,5,627,30
191,5,627,30
317,5,627,30
933,5,627,30
108,7,627,30
338,7,627,30
619,7,627,30
961,7,627,30
34,8,627,30
351,8,627,30
368,8,627,30
411,8,627,30
938,8,627,30
960,9,627,30
577,10,627,30
639,10,627,30
266,11,627,30
444,11,627,30
467,11,627,30
498,11,627,30
299,12,627,30
932,12,627,30
26,13,627,30
135,13,627,30
265,16,627,30
397,16,627,30
535,16,627,30
540,18,627,30
994,18,627,30
805,19,627,30
604,20,627,30
345,22,627,30
711,23,627,30
950,27,627,30
85,0,628,30
236,0,628,30
316,0,628,30
440,0,628,30
574,0,628,30
638,0,628,30
923,0,628,30
946,0,628,30
302,1,628,30
448,1,628,30
576,1,628,30
618,1,628,30
202,2,628,30
415,2,628,30
599,2,628,30
842,2,628,30
572,3,628,30
107,4,628,30
134,4,628,30
187,4,628,30
238,4,628,30
265,4,628,30
298,4,628,30
959,4,628,30
166,5,628,30
190,5,628,30
360,5,628,30
619,5,628,30
931,5,628,30
115,6,628,30
367,6,628,30
410,7,628,30
539,7,628,30
746,7,628,30
337,8,628,30
710,8,628,30
920,8,628,30
497,9,628,30
960,9,628,30
937,10,628,30
160,11,628,30
443,11,628,30
607,11,628,30
804,11,628,30
264,12,628,30
350,12,628,30
764,14,628,30
993,14,628,30
949,15,628,30
344,16,628,30
534,17,628,30
396,19,628,30
932,19,628,30
33,21,628,30
466,22,628,30
603,28,628,30
25,29,628,30
84,0,629,30
301,0,629,30
395,0,629,30
439,0,629,30
571,0,629,30
575,0,629,30
709,0,629,30
745,0,629,30
945,0,629,30
159,1,629,30
297,1,629,30
315,1,629,30
447,1,629,30
465,1,629,30
538,1,629,30
573,1,629,30
618,1,629,30
598,2,629,30
637,2,629,30
763,2,629,30
349,3,629,30
803,3,629,30
931,3,629,30
106,4,629,30
186,4,629,30
237,4,629,30
343,4,629,30
574,4,629,30
617,4,629,30
922,4,629,30
959,4,629,30
189,5,629,30
958,5,629,30
992,5,629,30
359,6,629,30
409,6,629,30
414,6,629,30
841,6,629,30
133,7,629,30
165,7,629,30
442,7,629,30
336,8,629,30
533,9,629,30
496,11,629,30
32,12,629,30
263,12,629,30
606,12,629,30
201,13,629,30
264,14,629,30
366,14,629,30
24,15,629,30
235,15,629,30
948,15,629,30
930,19,629,30
919,21,629,30
936,21,629,30
114,25,629,30
105,0,630,30
236,0,630,30
300,0,630,30
574,0,630,30
921,0,630,30
930,0,630,30
185,1,630,30
441,1,630,30
537,1,630,30
636,1,630,30
262,2,630,30
314,2,630,30
464,2,630,30
495,2,630,30
570,2,630,30
605,2,630,30
132,3,630,30
342,3,630,30
348,3,630,30
394,3,630,30
438,3,630,30
572,3,630,30
573,3,630,30
744,3,630,30
762,3,630,30
802,3,630,30
958,3,630,30
296,4,630,30
918,4,630,30
929,4,630,30
358,5,630,30
616,5,630,30
944,5,630,30
113,6,630,30
164,6,630,30
234,6,630,30
365,6,630,30
840,7,630,30
335,8,630,30
617,9,630,30
31,10,630,30
408,10,630,30
446,10,630,30
708,10,630,30
597,11,630,30
200,12,630,30
601,12,630,30
23,13,630,30
413,14,630,30
935,16,630,30
957,16,630,30
263,20,630,30
532,20,630,30
991,20,630,30
158,24,630,30
188,24,630,30
947,26,630,30
112,0,631,30
262,0,631,30
393,0,631,30
412,0,631,30
571,0,631,30
917,0,631,30
957,0,631,30
440,1,631,30
536,1,631,30
615,1,631,30
635,1,631,30
707,1,631,30
104,2,631,30
184,2,631,30
233,2,631,30
261,2,631,30
295,2,631,30
357,2,631,30
407,2,631,30
445,2,631,30
494,2,631,30
934,2,631,30
956,2,631,30
131,3,631,30
299,3,631,30
347,3,631,30
437,3,631,30
569,3,631,30
572,3,631,30
573,3,631,30
743,3,631,30
313,4,631,30
334,4,631,30
341,5,631,30
531,6,631,30
946,6,631,30
30,7,631,30
801,7,631,30
990,7,631,30
163,8,631,30
364,8,631,30
839,9,631,30
928,9,631,30
157,11,631,30
187,11,631,30
616,11,631,30
761,11,631,30
22,12,631,30
82,12,631,30
596,12,631,30
600,13,631,30
604,14,631,30
235,15,631,30
920,15,631,30
199,16,631,30
463,16,631,30
929,29,631,30
186,0,632,30
493,0,632,30
742,0,632,30
760,0,632,30
111,1,632,30
294,1,632,30
439,1,632,30
614,1,632,30
615,1,632,30
706,1,632,30
800,1,632,30
21,2,632,30
29,2,632,30
81,2,632,30
198,2,632,30
232,2,632,30
261,2,632,30
356,2,632,30
406,2,632,30
444,2,632,30
928,2,632,30
234,3,632,30
530,3,632,30
572,3,632,30
156,4,632,30
260,4,632,30
298,4,632,30
599,4,632,30
103,5,632,30
162,5,632,30
933,5,632,30
130,6,632,30
340,6,632,30
568,6,632,30
570,6,632,30
838,6,632,30
919,6,632,30
955,6,632,30
989,7,632,30
333,8,632,30
411,8,632,30
945,9,632,30
392,10,632,30
535,10,632,30
595,10,632,30
942,10,632,30
956,10,632,30
634,11,632,30
346,12,632,30
927,12,632,30
312,16,632,30
462,16,632,30
363,17,632,30
916,18,632,30
436,20,632,30
571,23,632,30
603,28,632,30
80,0,633,30
161,0,633,30
182,0,633,30
571,0,633,30
759,0,633,30
926,0,633,30
293,1,633,30
534,1,633,30
602,1,633,30
614,1,633,30
705,1,633,30
231,2,633,30
233,2,633,30
259,2,633,30
332,2,633,30
443,2,633,30
570,2,633,30
613,2,633,30
362,3,633,30
391,3,633,30
410,3,633,30
438,3,633,30
567,3,633,30
569,3,633,30
260,4,633,30
345,4,633,30
492,4,633,30
598,4,633,30
741,4,633,30
918,4,633,30
954,4,633,30
102,5,633,30
837,5,633,30
941,5,633,30
944,5,633,30
155,8,633,30
311,8,633,30
461,8,633,30
529,8,633,30
339,9,633,30
435,9,633,30
594,11,633,30
927,11,633,30
129,12,633,30
955,12,633,30
110,13,633,30
197,13,633,30
405,16,633,30
28,17,633,30
185,17,633,30
355,17,633,30
932,19,633,30
297,20,633,30
799,20,633,30
915,24,633,30
988,24,633,30
20,26,633,30
160,0,634,30
632,0,634,30
740,0,634,30
798,0,634,30
917,0,634,30
926,0,634,30
953,0,634,30
154,1,634,30
434,1,634,30
533,1,634,30
931,1,634,30
27,2,634,30
184,2,634,30
230,2,634,30
232,2,634,30
258,2,634,30
259,2,634,30
344,2,634,30
570,2,634,30
613,2,634,30
954,2,634,30
361,3,634,30
437,3,634,30
569,3,634,30
758,3,634,30
79,4,634,30
109,4,634,30
181,4,634,30
987,4,634,30
101,5,634,30
338,5,634,30
404,5,634,30
925,5,634,30
409,6,634,30
528,6,634,30
593,6,634,30
704,6,634,30
196,7,634,30
460,7,634,30
491,7,634,30
836,7,634,30
940,7,634,30
566,8,634,30
943,8,634,30
19,9,634,30
292,9,634,30
310,9,634,30
390,10,634,30
128,11,634,30
331,11,634,30
568,16,634,30
442,19,634,30
296,21,634,30
914,24,634,30
612,25,634,30
601,26,634,30
354,27,634,30
309,0,635,30
353,0,635,30
360,0,635,30
433,0,635,30
592,0,635,30
600,0,635,30
631,0,635,30
913,0,635,30
153,1,635,30
403,1,635,30
441,1,635,30
490,1,635,30
532,1,635,30
797,1,635,30
78,2,635,30
159,2,635,30
180,2,635,30
231,2,635,30
258,2,635,30
291,2,635,30
330,2,635,30
100,3,635,30
408,3,635,30
567,3,635,30
835,3,635,30
942,3,635,30
565,4,635,30
611,4,635,30
739,4,635,30
18,5,635,30
127,5,635,30
596,5,635,30
925,5,635,30
183,6,635,30
229,6,635,30
343,6,635,30
389,6,635,30
703,6,635,30
757,6,635,30
924,6,635,30
108,7,635,30
939,7,635,30
986,7,635,30
337,8,635,30
436,8,635,30
569,8,635,30
952,8,635,30
527,11,635,30
568,11,635,30
195,15,635,30
295,15,635,30
257,16,635,30
26,18,635,30
916,18,635,30
930,19,635,30
953,21,635,30
99,0,636,30
152,0,636,30
359,0,636,30
440,0,636,30
595,0,636,30
294,1,636,30
402,1,636,30
432,1,636,30
834,1,636,30
230,2,636,30
336,2,636,30
489,2,636,30
531,2,636,30
591,2,636,30
179,3,636,30
756,3,636,30
941,3,636,30
985,3,636,30
77,4,636,30
107,4,636,30
599,4,636,30
929,4,636,30
952,4,636,30
194,5,636,30
228,5,636,30
702,5,636,30
126,6,636,30
257,6,636,30
938,6,636,30
158,7,636,30
566,8,636,30
796,8,636,30
951,8,636,30
17,9,636,30
435,9,636,30
458,9,636,30
912,10,636,30
256,11,636,30
526,11,636,30
568,11,636,30
924,13,636,30
407,15,636,30
611,15,636,30
352,16,636,30
182,17,636,30
923,17,636,30
25,18,636,30
308,18,636,30
630,20,636,30
388,21,636,30
610,23,636,30
738,24,636,30
24,0,637,30
193,0,637,30
406,0,637,30
431,0,637,30
439,0,637,30
530,0,637,30
567,0,637,30
833,0,637,30
937,0,637,30
125,1,637,30
157,1,637,30
181,1,637,30
289,1,637,30
293,1,637,30
307,1,637,30
488,1,637,30
629,1,637,30
795,1,637,30
984,1,637,30
227,2,637,30
255,2,637,30
351,2,637,30
434,2,637,30
609,2,637,30
928,2,637,30
98,3,637,30
401,3,637,30
755,3,637,30
16,4,637,30
106,4,637,30
151,4,637,30
328,4,637,30
594,4,637,30
598,4,637,30
951,4,637,30
563,5,637,30
914,5,637,30
76,6,637,30
457,6,637,30
610,7,637,30
940,7,637,30
256,8,637,30
335,8,637,30
566,8,637,30
178,9,637,30
911,10,637,30
229,11,637,30
565,12,637,30
590,12,637,30
950,12,637,30
358,13,637,30
525,14,637,30
737,14,637,30
922,14,637,30
341,19,637,30
387,26,637,30
23,0,638,30
254,0,638,30
433,0,638,30
589,0,638,30
832,0,638,30
913,0,638,30
936,0,638,30
150,1,638,30
156,1,638,30
487,1,638,30
524,1,638,30
983,1,638,30
180,2,638,30
350,2,638,30
609,2,638,30
628,2,638,30
950,2,638,30
97,3,638,30
105,3,638,30
226,3,638,30
228,3,638,30
192,4,638,30
327,4,638,30
456,4,638,30
565,4,638,30
593,4,638,30
794,4,638,30
922,4,638,30
430,5,638,30
910,5,638,30
255,6,638,30
306,6,638,30
438,6,638,30
564,6,638,30
15,7,638,30
124,7,638,30
608,7,638,30
754,7,638,30
939,7,638,30
400,8,638,30
566,8,638,30
288,9,638,30
700,9,638,30
75,10,638,30
529,10,638,30
340,11,638,30
949,11,638,30
927,12,638,30
357,13,638,30
921,13,638,30
334,14,638,30
386,14,638,30
736,14,638,30
292,17,638,30
597,17,638,30
177,20,638,30
562,20,638,30
405,28,638,30
155,0,639,30
191,0,639,30
225,0,639,30
254,0,639,30
588,0,639,30
592,0,639,30
831,0,639,30
935,0,639,30
74,1,639,30
253,1,639,30
432,1,639,30
486,1,639,30
149,2,639,30
176,2,639,30
227,2,639,30
291,2,639,30
793,2,639,30
14,3,639,30
104,3,639,30
349,3,639,30
399,3,639,30
528,3,639,30
563,3,639,30
699,3,639,30
982,3,639,30
523,4,639,30
565,4,639,30
356,5,639,30
596,5,639,30
753,5,639,30
404,6,639,30
561,6,639,30
607,6,639,30
96,7,639,30
437,7,639,30
455,7,639,30
938,8,639,30
287,9,639,30
339,9,639,30
22,10,639,30
912,10,639,30
326,11,639,30
385,11,639,30
948,11,639,30
305,12,639,30
429,12,639,30
564,12,639,30
333,14,639,30
909,15,639,30
920,15,639,30
921,16,639,30
123,18,639,30
627,19,639,30
735,19,639,30
949,23,639,30
179,24,639,30
21,1,640,30
154,1,640,30
403,1,640,30
752,1,640,30
830,1,640,30
122,2,640,30
224,2,640,30
252,2,640,30
325,2,640,30
522,2,640,30
792,2,640,30
226,3,640,30
348,3,640,30
384,3,640,30
485,3,640,30
562,3,640,30
934,3,640,30
148,4,640,30
698,4,640,30
73,5,640,30
103,5,640,30
190,5,640,30
338,5,640,30
355,5,640,30
428,5,640,30
454,5,640,30
527,5,640,30
908,5,640,30
925,5,640,30
175,6,640,30
290,6,640,30
606,6,640,30
95,7,640,30
398,7,640,30
13,8,640,30
431,8,640,30
436,8,640,30
595,8,640,30
920,8,640,30
981,8,640,30
178,9,640,30
587,9,640,30
286,10,640,30
911,10,640,30
947,11,640,30
332,12,640,30
560,12,640,30
564,12,640,30
253,13,640,30
591,13,640,30
607,13,640,30
304,15,640,30
734,16,640,30
626,19,640,30
948,20,640,30
563,21,640,30
919,21,640,30
937,29,640,30
94,0,641,30
289,0,641,30
586,0,641,30
605,0,641,30
697,0,641,30
946,0,641,30
121,1,641,30
153,1,641,30
174,1,641,30
402,1,641,30
521,1,641,30
561,1,641,30
751,1,641,30
829,1,641,30
12,3,641,30
223,3,641,30
251,3,641,30
347,3,641,30
383,3,641,30
526,3,641,30
910,3,641,30
20,4,641,30
733,4,641,30
924,4,641,30
102,5,641,30
177,5,641,30
189,5,641,30
453,5,641,30
563,5,641,30
594,5,641,30
980,5,641,30
252,6,641,30
907,6,641,30
430,7,641,30
918,7,641,30
225,8,641,30
337,8,641,30
397,8,641,30
435,9,641,30
791,9,641,30
285,10,641,30
590,10,641,30
331,11,641,30
559,11,641,30
354,12,641,30
606,12,641,30
562,13,641,30
919,14,641,30
303,15,641,30
936,15,641,30
625,16,641,30
147,19,641,30
324,19,641,30
427,20,641,30
947,20,641,30
72,22,641,30
484,24,641,30
933,29,641,30
71,0,642,30
101,0,642,30
251,0,642,30
284,0,642,30
336,0,642,30
353,0,642,30
923,0,642,30
945,0,642,30
946,0,642,30
11,1,642,30
173,1,642,30
452,1,642,30
558,1,642,30
561,1,642,30
605,1,642,30
732,1,642,30
935,1,642,30
146,2,642,30
224,2,642,30
323,2,642,30
330,2,642,30
520,2,642,30
624,2,642,30
93,3,642,30
250,3,642,30
401,3,642,30
585,3,642,30
909,3,642,30
382,4,642,30
152,5,642,30
696,5,642,30
750,5,642,30
176,6,642,30
288,6,642,30
396,6,642,30
593,6,642,30
188,7,642,30
483,7,642,30
434,8,642,30
589,8,642,30
222,9,642,30
346,12,642,30
429,12,642,30
560,12,642,30
562,13,642,30
426,14,642,30
525,14,642,30
604,14,642,30
906,14,642,30
19,15,642,30
790,15,642,30
979,16,642,30
917,18,642,30
918,18,642,30
932,19,642,30
120,20,642,30
302,24,642,30
828,24,642,30
10,0,643,30
172,0,643,30
249,0,643,30
301,0,643,30
584,0,643,30
592,0,643,30
623,0,643,30
917,0,643,30
945,0,643,30
145,1,643,30
187,1,643,30
322,1,643,30
524,1,643,30
561,1,643,30
604,1,643,30
731,1,643,30
931,1,643,30
119,2,643,30
287,2,643,30
588,2,643,30
916,2,643,30
100,3,643,30
221,3,643,30
250,3,643,30
519,4,643,30
749,4,643,30
428,5,643,30
70,6,643,30
92,6,643,30
175,6,643,30
905,7,643,30
335,8,643,30
345,8,643,30
400,8,643,30
695,9,643,30
908,9,643,30
978,9,643,30
151,10,643,30
352,10,643,30
395,10,643,30
451,11,643,30
559,11,643,30
283,12,643,30
433,12,643,30
381,13,643,30
425,14,643,30
922,14,643,30
934,14,643,30
603,15,643,30
789,15,643,30
223,16,643,30
944,18,643,30
18,19,643,30
329,20,643,30
827,25,643,30
482,28,643,30
560,28,643,30
186,0,644,30
249,0,644,30
300,0,644,30
334,0,644,30
380,0,644,30
583,0,644,30
694,0,644,30
921,0,644,30
118,1,644,30
144,1,644,30
220,1,644,30
286,1,644,30
450,1,644,30
558,1,644,30
602,1,644,30
730,1,644,30
915,1,644,30
321,2,644,30
328,2,644,30
587,2,644,30
591,2,644,30
826,2,644,30
904,2,644,30
9,3,644,30
394,3,644,30
399,3,644,30
427,3,644,30
977,3,644,30
351,4,644,30
523,4,644,30
748,4,644,30
916,4,644,30
174,5,644,30
788,5,644,30
933,5,644,30
944,5,644,30
481,6,644,30
622,6,644,30
344,7,644,30
282,8,644,30
424,8,644,30
943,8,644,30
69,9,644,30
99,9,644,30
171,9,644,30
150,10,644,30
222,11,644,30
930,11,644,30
248,12,644,30
560,12,644,30
559,13,644,30
518,15,644,30
603,15,644,30
91,17,644,30
556,19,644,30
432,24,644,30
907,26,644,30
117,0,645,30
247,0,645,30
379,0,645,30
393,0,645,30
398,0,645,30
557,0,645,30
693,0,645,30
281,1,645,30
555,1,645,30
558,1,645,30
602,1,645,30
729,1,645,30
920,1,645,30
149,2,645,30
248,2,645,30
320,2,645,30
423,2,645,30
449,2,645,30
522,2,645,30
601,2,645,30
825,2,645,30
914,2,645,30
16,4,645,30
219,4,645,30
221,4,645,30
350,4,645,30
747,4,645,30
903,4,645,30
480,5,645,30
976,5,645,30
185,6,645,30
343,6,645,30
621,6,645,30
787,6,645,30
8,7,645,30
170,7,645,30
285,7,645,30
431,8,645,30
582,8,645,30
943,8,645,30
906,10,645,30
942,10,645,30
98,11,645,30
586,11,645,30
68,12,645,30
90,12,645,30
143,12,645,30
932,12,645,30
517,13,645,30
559,13,645,30
426,14,645,30
333,17,645,30
590,17,645,30
173,18,645,30
327,19,645,30
915,24,645,30
172,0,646,30
246,0,646,30
247,0,646,30
298,0,646,30
557,0,646,30
913,0,646,30
67,1,646,30
220,1,646,30
326,1,646,30
392,1,646,30
448,1,646,30
786,1,646,30
824,1,646,30
931,1,646,30
116,2,646,30
397,2,646,30
556,2,646,30
600,2,646,30
928,2,646,30
89,3,646,30
169,3,646,30
349,3,646,30
516,3,646,30
585,3,646,30
692,3,646,30
942,3,646,30
148,4,646,30
218,4,646,30
422,4,646,30
589,4,646,30
479,5,646,30
914,5,646,30
975,5,646,30
7,6,646,30
378,6,646,30
558,6,646,30
902,6,646,30
15,7,646,30
746,7,646,30
905,7,646,30
941,7,646,30
430,8,646,30
554,8,646,30
581,8,646,30
184,9,646,30
280,9,646,30
319,9,646,30
728,10,646,30
142,12,646,30
332,12,646,30
620,13,646,30
919,13,646,30
425,14,646,30
284,16,646,30
601,19,646,30
97,23,646,30
342,24,646,30
521,24,646,30
88,0,647,30
168,0,647,30
219,0,647,30
246,0,647,30
318,0,647,30
341,0,647,30
391,0,647,30
584,0,647,30
600,0,647,30
904,0,647,30
930,0,647,30
66,1,647,30
245,1,647,30
279,1,647,30
297,1,647,30
447,1,647,30
553,1,647,30
588,1,647,30
691,1,647,30
785,1,647,30
396,2,647,30
515,2,647,30
520,2,647,30
555,2,647,30
599,2,647,30
745,2,647,30
348,3,647,30
580,3,647,30
941,3,647,30
171,4,647,30
912,4,647,30
141,5,647,30
217,5,647,30
478,5,647,30
619,5,647,30
183,6,647,30
325,6,647,30
331,6,647,30
421,6,647,30
557,6,647,30
96,7,647,30
918,7,647,30
940,7,647,30
424,8,647,30
727,8,647,30
14,9,647,30
913,9,647,30
377,10,647,30
823,10,647,30
901,10,647,30
6,11,647,30
927,12,647,30
115,13,647,30
283,16,647,30
429,16,647,30
974,19,647,30
556,21,647,30
147,28,647,30
140,0,648,30
583,0,648,30
903,0,648,30
926,0,648,30
216,1,648,30
218,1,648,30
244,1,648,30
514,1,648,30
690,1,648,30
744,1,648,30
146,2,648,30
330,2,648,30
420,2,648,30
554,2,648,30
556,2,648,30
587,2,648,30
598,2,648,30
900,2,648,30
347,3,648,30
5,4,648,30
170,4,648,30
519,4,648,30
579,4,648,30
822,4,648,30
911,4,648,30
912,4,648,30
973,4,648,30
376,5,648,30
477,5,648,30
95,6,648,30
340,6,648,30
428,7,648,30
939,7,648,30
940,7,648,30
65,8,648,30
599,8,648,30
917,8,648,30
784,9,648,30
446,10,648,30
245,11,648,30
618,11,648,30
726,11,648,30
87,12,648,30
167,13,648,30
395,14,648,30
423,14,648,30
317,18,648,30
324,19,648,30
13,20,648,30
182,20,648,30
278,20,648,30
282,20,648,30
552,21,648,30
390,22,648,30
555,23,648,30
114,25,648,30
296,29,648,30
929,29,648,30
86,0,649,30
94,0,649,30
139,0,649,30
215,0,649,30
346,0,649,30
389,0,649,30
422,0,649,30
902,0,649,30
145,1,649,30
181,1,649,30
555,1,649,30
899,1,649,30
295,2,649,30
323,2,649,30
578,2,649,30
12,3,649,30
169,3,649,30
427,3,649,30
476,3,649,30
4,4,649,30
375,4,649,30
911,4,649,30
277,5,649,30
582,5,649,30
910,5,649,30
925,5,649,30
166,6,649,30
217,6,649,30
281,6,649,30
783,6,649,30
938,6,649,30
316,7,649,30
513,7,649,30
553,7,649,30
598,7,649,30
939,7,649,30
419,8,649,30
518,8,649,30
551,8,649,30
586,8,649,30
743,8,649,30
394,9,649,30
928,9,649,30
243,10,649,30
445,10,649,30
339,11,649,30
689,11,649,30
554,13,649,30
64,14,649,30
821,18,649,30
916,18,649,30
617,19,649,30
597,20,649,30
113,23,649,30
244,23,649,30
329,23,649,30
972,28,649,30
3,0,650,30
85,0,650,30
112,0,650,30
138,0,650,30
276,0,650,30
345,0,650,30
550,0,650,30
144,1,650,30
214,1,650,30
294,1,650,30
322,1,650,30
421,1,650,30
553,1,650,30
742,1,650,30
901,1,650,30
180,2,650,30
554,2,650,30
724,2,650,30
909,2,650,30
11,3,650,30
93,3,650,30
374,4,650,30
517,4,650,30
242,5,650,30
338,5,650,30
475,5,650,30
581,5,650,30
688,5,650,30
216,6,650,30
597,6,650,30
782,6,650,30
938,6,650,30
165,7,650,30
512,7,650,30
820,8,650,30
393,9,650,30
243,10,650,30
168,11,650,30
915,11,650,30
971,11,650,30
63,12,650,30
927,13,650,30
388,14,650,30
426,14,650,30
898,14,650,30
418,15,650,30
924,15,650,30
596,16,650,30
616,16,650,30
910,17,650,30
315,21,650,30
552,21,650,30
577,21,650,30
585,21,650,30
328,23,650,30
937,24,650,30
444,26,650,30
280,28,650,30
10,0,651,30
62,0,651,30
84,0,651,30
215,0,651,30
344,0,651,30
417,0,651,30
549,0,651,30
584,0,651,30
781,0,651,30
923,0,651,30
111,1,651,30
279,1,651,30
293,1,651,30
723,1,651,30
937,1,651,30
970,1,651,30
92,2,651,30
392,2,651,30
420,2,651,30
900,2,651,30
908,2,651,30
474,3,651,30
511,3,651,30
687,3,651,30
819,3,651,30
137,4,651,30
179,4,651,30
321,4,651,30
741,4,651,30
897,4,651,30
143,5,651,30
596,5,651,30
914,5,651,30
164,6,651,30
314,6,651,30
553,7,651,30
926,7,651,30
337,8,651,30
551,8,651,30
595,8,651,30
275,9,651,30
936,9,651,30
167,11,651,30
580,11,651,30
387,12,651,30
516,12,651,30
615,13,651,30
213,14,651,30
373,14,651,30
425,14,651,30
552,14,651,30
443,15,651,30
2,16,651,30
909,17,651,30
241,21,651,30
327,22,651,30
343,0,652,30
473,0,652,30
583,0,652,30
740,0,652,30
780,0,652,30
913,0,652,30
214,1,652,30
326,1,652,30
935,1,652,30
386,2,652,30
416,2,652,30
515,2,652,30
550,2,652,30
722,2,652,30
899,2,652,30
907,2,652,30
9,3,652,30
163,3,652,30
320,3,652,30
336,3,652,30
372,3,652,30
510,3,652,30
551,3,652,30
1,4,652,30
391,4,652,30
594,4,652,30
614,4,652,30
896,4,652,30
419,5,652,30
575,5,652,30
61,6,652,30
212,6,652,30
274,6,652,30
313,6,652,30
969,6,652,30
292,7,652,30
548,7,652,30
579,7,652,30
166,8,652,30
424,8,652,30
595,8,652,30
936,9,652,30
83,10,652,30
686,10,652,30
178,11,652,30
240,12,652,30
110,13,652,30
142,13,652,30
136,14,652,30
818,14,652,30
922,18,652,30
908,19,652,30
552,20,652,30
91,21,652,30
442,21,652,30
925,24,652,30
278,27,652,30
213,0,653,30
472,0,653,30
0,1,653,30
109,1,653,30
685,1,653,30
240,2,653,30
273,2,653,30
291,2,653,30
325,2,653,30
371,2,653,30
415,2,653,30
423,2,653,30
549,2,653,30
578,2,653,30
721,2,653,30
817,2,653,30
934,2,653,30
60,3,653,30
211,3,653,30
319,3,653,30
550,3,653,30
551,3,653,30
739,3,653,30
90,4,653,30
593,4,653,30
82,5,653,30
135,5,653,30
177,5,653,30
385,5,653,30
418,5,653,30
509,5,653,30
594,5,653,30
312,6,653,30
779,6,653,30
898,6,653,30
162,7,653,30
165,7,653,30
239,8,653,30
335,8,653,30
514,8,653,30
574,8,653,30
582,8,653,30
895,8,653,30
907,8,653,30
968,8,653,30
613,9,653,30
8,10,653,30
390,10,653,30
912,10,653,30
277,12,653,30
906,12,653,30
921,13,653,30
924,13,653,30
141,15,653,30
342,16,653,30
935,16,653,30
547,25,653,30
441,29,653,30
140,0,654,30
370,0,654,30
471,0,654,30
923,0,654,30
108,1,654,30
720,1,654,30
59,2,654,30
81,2,654,30
550,2,654,30
89,3,654,30
573,3,654,30
176,4,654,30
210,4,654,30
276,4,654,30
334,4,654,30
384,4,654,30
422,4,654,30
546,4,654,30
134,5,654,30
164,5,654,30
212,5,654,30
318,5,654,30
417,5,654,30
508,5,654,30
592,5,654,30
967,5,654,30
7,6,654,30
272,6,654,30
311,6,654,30
593,6,654,30
897,6,654,30
934,6,654,30
389,7,654,30
513,7,654,30
548,7,654,30
905,7,654,30
933,7,654,30
161,8,654,30
239,8,654,30
290,8,654,30
341,8,654,30
581,8,654,30
894,8,654,30
911,8,654,30
414,10,654,30
549,10,654,30
778,10,654,30
906,10,654,30
238,12,654,30
440,15,654,30
577,17,654,30
684,17,654,30
324,23,654,30
738,24,654,30
612,25,654,30
88,0,655,30
139,0,655,30
209,0,655,30
289,0,655,30
507,0,655,30
580,0,655,30
369,1,655,30
421,1,655,30
576,1,655,30
133,2,655,30
275,2,655,30
383,2,655,30
416,2,655,30
549,2,655,30
591,2,655,30
719,2,655,30
966,2,655,30
80,3,655,30
211,3,655,30
271,3,655,30
323,3,655,30
572,3,655,30
58,4,655,30
107,4,655,30
175,4,655,30
548,4,655,30
777,4,655,30
922,4,655,30
317,5,655,30
545,5,655,30
933,5,655,30
310,6,655,30
340,6,655,30
512,7,655,30
905,7,655,30
333,9,655,30
547,10,655,30
592,10,655,30
160,11,655,30
919,11,655,30
237,12,655,30
815,12,655,30
932,12,655,30
238,13,655,30
470,13,655,30
896,13,655,30
388,14,655,30
439,14,655,30
737,14,655,30
6,17,655,30
893,17,655,30
910,17,655,30
683,18,655,30
413,19,655,30
611,20,655,30
163,21,655,30
904,28,655,30
132,0,656,30
138,0,656,30
309,0,656,30
412,0,656,30
571,0,656,30
575,0,656,30
892,0,656,30
904,0,656,30
87,1,656,30
174,1,656,30
322,1,656,30
544,1,656,30
718,1,656,30
814,1,656,30
921,1,656,30
931,1,656,30
5,2,656,30
159,2,656,30
382,2,656,30
415,2,656,30
420,2,656,30
776,3,656,30
895,3,656,30
57,4,656,30
79,4,656,30
106,4,656,30
210,4,656,30
270,4,656,30
546,4,656,30
579,4,656,30
918,4,656,30
162,5,656,30
332,5,656,30
469,6,656,30
506,6,656,30
511,6,656,30
610,7,656,30
236,8,656,30
316,8,656,30
368,8,656,30
208,9,656,30
438,9,656,30
548,9,656,30
547,10,656,30
590,10,656,30
903,10,656,30
288,11,656,30
274,12,656,30
387,12,656,30
682,12,656,30
736,13,656,30
909,15,656,30
237,17,656,30
339,17,656,30
591,17,656,30
965,18,656,30
932,19,656,30
86,0,657,30
105,0,657,30
161,0,657,30
269,0,657,30
367,0,657,30
419,0,657,30
505,0,657,30
545,0,657,30
574,0,657,30
894,0,657,30
903,0,657,30
173,1,657,30
315,1,657,30
543,1,657,30
813,1,657,30
908,1,657,30
920,1,657,30
931,1,657,30
964,1,657,30
78,2,657,30
321,2,657,30
381,2,657,30
468,2,657,30
570,2,657,30
414,3,657,30
578,3,657,30
775,3,657,30
891,3,657,30
4,4,657,30
287,5,657,30
137,6,657,30
331,6,657,30
917,6,657,30
437,7,657,30
902,7,657,30
930,7,657,30
56,8,657,30
236,8,657,30
338,8,657,30
411,8,657,30
207,10,657,30
547,10,657,30
609,10,657,30
510,11,657,30
546,11,657,30
717,11,657,30
273,12,657,30
386,13,657,30
209,14,657,30
131,15,657,30
235,15,657,30
589,16,657,30
590,17,657,30
308,18,657,30
735,21,657,30
158,24,657,30
85,0,658,30
160,0,658,30
268,0,658,30
272,0,658,30
509,0,658,30
542,0,658,30
545,0,658,30
589,0,658,30
716,0,658,30
812,0,658,30
890,0,658,30
902,0,658,30
3,1,658,30
172,1,658,30
286,1,658,30
307,1,658,30
544,1,658,30
588,1,658,30
907,1,658,30
206,2,658,30
320,2,658,30
467,2,658,30
916,2,658,30
55,3,658,30
314,3,658,30
410,3,658,30
569,3,658,30
573,3,658,30
608,3,658,30
77,4,658,30
366,4,658,30
504,4,658,30
104,5,658,30
235,5,658,30
234,6,658,30
919,6,658,30
929,7,658,30
930,7,658,30
337,8,658,30
436,8,658,30
208,9,658,30
577,10,658,30
963,10,658,30
157,11,658,30
546,11,658,30
774,13,658,30
136,14,658,30
385,14,658,30
413,14,658,30
680,15,658,30
734,17,658,30
893,17,658,30
901,18,658,30
380,19,658,30
418,22,658,30
330,27,658,30
84,0,659,30
336,0,659,30
412,0,659,30
417,0,659,30
588,0,659,30
889,0,659,30
365,1,659,30
543,1,659,30
576,1,659,30
715,1,659,30
906,1,659,30
915,1,659,30
76,2,659,30
129,2,659,30
171,2,659,30
928,2,659,30
234,3,659,30
319,3,659,30
572,3,659,30
156,4,659,30
233,4,659,30
313,4,659,30
773,4,659,30
811,4,659,30
918,4,659,30
929,4,659,30
103,5,659,30
135,5,659,30
267,5,659,30
409,5,659,30
607,5,659,30
306,6,659,30
503,6,659,30
285,7,659,30
384,7,659,30
962,7,659,30
733,8,659,30
271,9,659,30
379,9,659,30
587,9,659,30
892,10,659,30
541,11,659,30
568,11,659,30
679,11,659,30
159,12,659,30
207,12,659,30
466,12,659,30
508,12,659,30
435,13,659,30
901,13,659,30
544,16,659,30
54,18,659,30
545,21,659,30
329,23,659,30
2,29,659,30
383,0,660,30
502,0,660,30
507,0,660,30
540,0,660,30
586,0,660,30
888,0,660,30
378,1,660,30
465,1,660,30
732,1,660,30
128,2,660,30
206,2,660,30
328,2,660,30
542,2,660,30
587,2,660,30
678,2,660,30
914,2,660,30
928,2,660,30
232,3,660,30
284,3,660,30
408,3,660,30
434,3,660,30
567,3,660,30
1,4,660,30
204,4,660,30
233,4,660,30
544,4,660,30
810,4,660,30
102,5,660,30
134,5,660,30
318,5,660,30
900,5,660,30
606,6,660,30
899,6,660,30
170,7,660,30
364,7,660,30
905,7,660,30
961,7,660,30
335,8,660,30
416,8,660,30
543,8,660,30
266,11,660,30
411,13,660,30
714,13,660,30
772,13,660,30
305,14,660,30
312,14,660,30
53,16,660,30
75,17,660,30
270,17,660,30
155,18,660,30
571,18,660,30
917,20,660,30
927,24,660,30
575,26,660,30
158,28,660,30
891,28,660,30
52,0,661,30
74,0,661,30
410,0,661,30
539,0,661,30
605,0,661,30
887,0,661,30
890,0,661,30
0,1,661,30
157,1,661,30
203,1,661,30
731,1,661,30
899,1,661,30
133,2,661,30
382,2,661,30
464,2,661,30
542,2,661,30
570,2,661,30
904,2,661,30
916,2,661,30
169,3,661,30
677,3,661,30
771,3,661,30
501,4,661,30
713,4,661,30
82,5,661,30
101,5,661,30
127,5,661,30
269,5,661,30
317,5,661,30
231,6,661,30
543,6,661,30
585,6,661,30
898,6,661,30
265,7,661,30
334,7,661,30
926,7,661,30
541,8,661,30
566,8,661,30
327,9,661,30
574,9,661,30
913,9,661,30
232,10,661,30
415,10,661,30
304,11,661,30
927,12,661,30
377,13,661,30
407,15,661,30
433,16,661,30
506,16,661,30
154,18,661,30
283,19,661,30
809,19,661,30
960,19,661,30
363,24,661,30
586,25,661,30
51,0,662,30
316,0,662,30
406,0,662,30
538,0,662,30
542,0,662,30
730,0,662,30
808,0,662,30
886,0,662,30
889,0,662,30
100,1,662,30
156,1,662,30
168,1,662,30
303,1,662,30
376,1,662,30
432,1,662,30
915,1,662,30
81,2,662,30
202,2,662,30
381,2,662,30
505,2,662,30
326,3,662,30
585,3,662,30
676,3,662,30
770,3,662,30
897,4,662,30
959,4,662,30
73,5,662,30
409,5,662,30
903,5,662,30
925,5,662,30
126,6,662,30
230,6,662,30
231,6,662,30
268,6,662,30
898,6,662,30
333,7,662,30
565,7,662,30
204,8,662,30
463,8,662,30
540,8,662,30
541,8,662,30
569,8,662,30
712,8,662,30
310,9,662,30
132,10,662,30
414,10,662,30
573,10,662,30
362,11,662,30
500,11,662,30
912,12,662,30
153,13,662,30
604,14,662,30
264,17,662,30
282,17,662,30
584,18,662,30
50,0,663,30
540,0,663,30
888,0,663,30
99,1,663,30
125,1,663,30
281,1,663,30
302,1,663,30
315,1,663,30
504,1,663,30
729,1,663,30
769,1,663,30
155,2,663,30
914,2,663,30
203,3,663,30
267,3,663,30
408,3,663,30
807,3,663,30
958,3,663,30
167,4,663,30
375,4,663,30
896,4,663,30
924,4,663,30
80,5,663,30
152,5,663,30
332,5,663,30
380,5,663,30
925,5,663,30
229,6,663,30
230,6,663,30
568,6,663,30
897,6,663,30
902,6,663,30
885,7,663,30
431,8,663,30
541,8,663,30
911,8,663,30
325,9,663,30
499,10,663,30
584,11,663,30
537,13,663,30
361,14,663,30
131,15,663,30
603,15,663,30
405,16,663,30
572,16,663,30
675,16,663,30
72,18,663,30
263,19,663,30
413,19,663,30
711,20,663,30
309,21,663,30
462,24,663,30
539,25,663,30
564,25,663,30
201,28,663,30
262,0,664,30
301,0,664,30
412,0,664,30
539,0,664,30
887,0,664,30
913,0,664,30
957,0,664,30
503,1,664,30
710,1,664,30
901,1,664,30
407,2,664,30
498,2,664,30
602,2,664,30
768,2,664,30
98,3,664,30
151,3,664,30
228,3,664,30
280,3,664,30
910,3,664,30
166,4,664,30
374,4,664,30
540,4,664,30
884,4,664,30
924,4,664,30
404,5,664,30
563,5,664,30
154,6,664,30
229,6,664,30
314,6,664,30
360,7,664,30
379,7,664,30
674,7,664,30
430,8,664,30
896,8,664,30
728,9,664,30
567,10,664,30
582,10,664,30
895,10,664,30
266,11,664,30
461,11,664,30
536,11,664,30
49,12,664,30
200,12,664,30
124,15,664,30
806,15,664,30
130,17,664,30
538,17,664,30
571,18,664,30
923,18,664,30
71,19,664,30
202,19,664,30
308,19,664,30
331,19,664,30
324,23,664,30
97,0,665,30
300,0,665,30
307,0,665,30
313,0,665,30
460,0,665,30
538,0,665,30
886,0,665,30
923,0,665,30
150,1,665,30
279,1,665,30
373,1,665,30
378,1,665,30
502,1,665,30
48,2,665,30
70,2,665,30
129,2,665,30
227,2,665,30
323,2,665,30
330,2,665,30
406,2,665,30
497,2,665,30
601,2,665,30
673,2,665,30
894,2,665,30
900,2,665,30
909,2,665,30
956,2,665,30
78,3,665,30
199,3,665,30
228,3,665,30
261,3,665,30
767,3,665,30
922,4,665,30
265,5,665,30
582,5,665,30
359,6,665,30
570,6,665,30
403,7,665,30
709,7,665,30
411,8,665,30
895,8,665,30
153,9,665,30
883,9,665,30
165,10,665,30
581,10,665,30
537,12,665,30
562,14,665,30
566,14,665,30
912,14,665,30
429,16,665,30
535,16,665,30
123,18,665,30
727,19,665,30
805,19,665,30
539,24,665,30
152,0,666,30
164,0,666,30
306,0,666,30
459,0,666,30
600,0,666,30
672,0,666,30
921,0,666,30
322,1,666,30
501,1,666,30
534,1,666,30
561,1,666,30
882,1,666,30
908,1,666,30
47,2,666,30
128,2,666,30
227,2,666,30
377,2,666,30
428,2,666,30
899,2,666,30
198,3,666,30
226,3,666,30
372,3,666,30
410,3,666,30
580,3,666,30
766,3,666,30
77,4,666,30
260,4,666,30
358,4,666,30
536,4,666,30
581,5,666,30
312,6,666,30
96,7,666,30
122,7,666,30
149,7,666,30
402,7,666,30
565,7,666,30
885,7,666,30
955,7,666,30
405,8,666,30
894,8,666,30
69,9,666,30
708,10,666,30
726,10,666,30
804,11,666,30
922,11,666,30
264,12,666,30
299,12,666,30
537,13,666,30
911,14,666,30
200,18,666,30
893,18,666,30
496,19,666,30
329,20,666,30
569,20,666,30
538,23,666,30
278,24,666,30
225,0,667,30
376,0,667,30
580,0,667,30
765,0,667,30
921,0,667,30
305,1,667,30
500,1,667,30
533,1,667,30
707,1,667,30
907,1,667,30
920,1,667,30
259,2,667,30
321,2,667,30
328,2,667,30
371,2,667,30
495,2,667,30
599,2,667,30
954,2,667,30
46,3,667,30
427,3,667,30
910,3,667,30
121,4,667,30
148,4,667,30
151,4,667,30
579,4,667,30
884,4,667,30
127,5,667,30
226,5,667,30
404,5,667,30
409,5,667,30
535,5,667,30
76,6,667,30
95,6,667,30
277,6,667,30
311,6,667,30
564,6,667,30
898,6,667,30
357,7,667,30
725,7,667,30
803,7,667,30
881,7,667,30
401,8,667,30
458,9,667,30
536,11,667,30
568,11,667,30
263,12,667,30
298,12,667,30
560,12,667,30
537,13,667,30
671,17,667,30
892,18,667,30
893,25,667,30
199,26,667,30
163,28,667,30
196,0,668,30
225,0,668,30
262,0,668,30
764,0,668,30
953,0,668,30
67,1,668,30
150,1,668,30
297,1,668,30
370,1,668,30
499,1,668,30
532,1,668,30
706,1,668,30
906,1,668,30
920,1,668,30
45,2,668,30
94,2,668,30
258,2,668,30
320,2,668,30
375,2,668,30
494,2,668,30
534,2,668,30
578,2,668,30
598,2,668,30
724,2,668,30
883,2,668,30
892,2,668,30
909,2,668,30
408,3,668,30
567,3,668,30
891,3,668,30
356,4,668,30
400,4,668,30
579,4,668,30
670,4,668,30
802,4,668,30
897,4,668,30
224,5,668,30
535,5,668,30
880,5,668,30
126,6,668,30
198,6,668,30
310,6,668,30
457,6,668,30
120,8,668,30
327,9,668,30
75,10,668,30
162,10,668,30
919,13,668,30
304,15,668,30
403,17,668,30
536,18,668,30
147,19,668,30
276,19,668,30
426,19,668,30
559,19,668,30
563,21,668,30
74,0,669,30
456,0,669,30
493,0,669,30
763,0,669,30
66,1,669,30
195,1,669,30
326,1,669,30
369,1,669,30
705,1,669,30
723,1,669,30
908,1,669,30
119,2,669,30
149,2,669,30
224,2,669,30
261,2,669,30
407,2,669,30
498,2,669,30
531,2,669,30
399,3,669,30
891,3,669,30
952,3,669,30
44,4,669,30
355,4,669,30
578,4,669,30
801,4,669,30
896,4,669,30
125,5,669,30
535,5,669,30
879,5,669,30
146,6,669,30
161,6,669,30
257,6,669,30
558,6,669,30
597,6,669,30
890,6,669,30
919,6,669,30
303,8,669,30
402,8,669,30
669,8,669,30
223,9,669,30
275,9,669,30
319,9,669,30
533,9,669,30
197,10,669,30
918,10,669,30
882,13,669,30
905,13,669,30
534,14,669,30
562,14,669,30
566,14,669,30
577,19,669,30
425,20,669,30
296,21,669,30
374,24,669,30
309,29,669,30
318,0,670,30
406,0,670,30
455,0,670,30
904,0,670,30
917,0,670,30
951,0,670,30
194,1,670,30
373,1,670,30
534,1,670,30
576,1,670,30
800,1,670,30
889,1,670,30
907,1,670,30
92,2,670,30
497,2,670,30
530,2,670,30
722,2,670,30
145,3,670,30
274,3,670,30
401,3,670,30
895,3,670,30
148,4,670,30
398,4,670,30
565,4,670,30
878,4,670,30
295,5,670,30
302,5,670,30
492,5,670,30
596,5,670,30
557,6,670,30
561,6,670,30
704,6,670,30
890,6,670,30
124,7,670,30
196,7,670,30
223,7,670,30
668,7,670,30
881,7,670,30
65,8,670,30
256,8,670,30
260,8,670,30
368,8,670,30
532,8,670,30
762,8,670,30
160,9,670,30
222,9,670,30
533,9,670,30
918,10,670,30
43,13,670,30
354,13,670,30
73,14,670,30
308,19,670,30
424,21,670,30
577,21,670,30
325,23,670,30
118,25,670,30
144,0,671,30
221,0,671,30
307,0,671,30
575,0,671,30
595,0,671,30
903,0,671,30
42,1,671,30
159,1,671,30
195,1,671,30
273,1,671,30
294,1,671,30
496,1,671,30
533,1,671,30
576,1,671,30
889,1,671,30
906,1,671,30
397,2,671,30
423,2,671,30
721,2,671,30
894,2,671,30
916,2,671,30
117,3,671,30
372,3,671,30
703,3,671,30
193,4,671,30
400,4,671,30
950,4,671,30
259,5,671,30
454,5,671,30
491,5,671,30
888,5,671,30
64,6,671,30
72,6,671,30
255,6,671,30
367,6,671,30
564,6,671,30
877,6,671,30
91,7,671,30
405,8,671,30
529,8,671,30
532,8,671,30
222,9,671,30
667,10,671,30
353,11,671,30
560,12,671,30
301,13,671,30
531,14,671,30
761,15,671,30
880,17,671,30
123,18,671,30
317,18,671,30
917,18,671,30
324,19,671,30
799,20,671,30
306,0,672,30
574,0,672,30
760,0,672,30
902,0,672,30
194,1,672,30
220,1,672,30
293,1,672,30
490,1,672,30
532,1,672,30
720,1,672,30
41,2,672,30
116,2,672,30
122,2,672,30
146,2,672,30
323,2,672,30
396,2,672,30
879,2,672,30
915,2,672,30
916,2,672,30
221,3,672,30
371,3,672,30
399,3,672,30
495,3,672,30
530,3,672,30
555,3,672,30
563,3,672,30
90,4,672,30
143,4,672,30
192,4,672,30
316,4,672,30
422,4,672,30
258,5,672,30
453,5,672,30
798,5,672,30
888,5,672,30
528,6,672,30
531,6,672,30
876,6,672,30
158,8,672,30
272,8,672,30
404,8,672,30
300,9,672,30
366,10,672,30
594,11,672,30
949,11,672,30
666,12,672,30
352,13,672,30
702,15,672,30
999,15,672,30
71,16,672,30
559,19,672,30
887,21,672,30
893,22,672,30
254,26,672,30
905,27,672,30
40,0,673,30
370,0,673,30
398,0,673,30
759,0,673,30
904,0,673,30
142,1,673,30
157,1,673,30
220,1,673,30
257,1,673,30
305,1,673,30
322,1,673,30
365,1,673,30
421,1,673,30
530,1,673,30
558,1,673,30
701,1,673,30
797,1,673,30
886,1,673,30
901,1,673,30
915,1,673,30
70,2,673,30
489,2,673,30
531,2,673,30
892,2,673,30
914,2,673,30
145,3,673,30
271,3,673,30
299,3,673,30
562,3,673,30
719,3,673,30
875,3,673,30
121,4,673,30
351,4,673,30
573,4,673,30
878,4,673,30
89,5,673,30
191,5,673,30
998,6,673,30
115,7,673,30
527,7,673,30
574,7,673,30
452,8,673,30
529,8,673,30
554,8,673,30
292,9,673,30
62,10,673,30
253,10,673,30
395,10,673,30
665,10,673,30
315,11,673,30
948,11,673,30
593,12,673,30
494,13,673,30
219,16,673,30
403,17,673,30
193,19,673,30
887,22,673,30
219,0,674,30
592,0,674,30
903,0,674,30
156,1,674,30
218,1,674,30
718,1,674,30
874,1,674,30
291,2,674,30
420,2,674,30
530,2,674,30
885,2,674,30
900,2,674,30
914,2,674,30
114,3,674,30
144,3,674,30
256,3,674,30
394,3,674,30
526,3,674,30
891,3,674,30
947,3,674,30
141,4,674,30
298,4,674,30
321,4,674,30
350,4,674,30
88,5,674,30
190,5,674,30
528,5,674,30
796,5,674,30
61,6,674,30
192,6,674,30
252,6,674,30
314,6,674,30
488,6,674,30
557,6,674,30
997,6,674,30
369,7,674,30
553,7,674,30
69,8,674,30
402,8,674,30
304,9,674,30
364,9,674,30
877,9,674,30
913,9,674,30
493,10,674,30
529,10,674,30
451,11,674,30
572,11,674,30
270,12,674,30
573,12,674,30
700,12,674,30
886,13,674,30
120,14,674,30
561,14,674,30
39,15,674,30
758,15,674,30
397,16,674,30
251,0,675,30
269,0,675,30
393,0,675,30
419,0,675,30
450,0,675,30
571,0,675,30
890,0,675,30
902,0,675,30
946,0,675,30
87,1,675,30
218,1,675,30
297,1,675,30
303,1,675,30
795,1,675,30
873,1,675,30
119,2,675,30
591,2,675,30
885,2,675,30
899,2,675,30
999,2,675,30
60,3,675,30
255,3,675,30
320,3,675,30
349,3,675,30
528,3,675,30
313,4,675,30
912,4,675,30
113,5,675,30
189,5,675,30
191,5,675,30
217,5,675,30
290,5,675,30
396,5,675,30
492,5,675,30
527,5,675,30
663,5,675,30
757,6,675,30
38,7,675,30
556,7,675,30
996,7,675,30
68,8,675,30
368,8,675,30
401,8,675,30
913,9,675,30
143,10,675,30
529,10,675,30
140,11,675,30
572,11,675,30
525,14,675,30
552,14,675,30
717,14,675,30
155,15,675,30
884,15,675,30
699,16,675,30
363,17,675,30
487,20,675,30
560,22,675,30
876,23,675,30
112,0,676,30
268,0,676,30
289,0,676,30
367,0,676,30
395,0,676,30
571,0,676,30
716,0,676,30
756,0,676,30
889,0,676,30
945,0,676,30
998,0,676,30
67,1,676,30
118,1,676,30
216,1,676,30
302,1,676,30
392,1,676,30
59,2,676,30
883,2,676,30
995,2,676,30
139,3,676,30
250,3,676,30
319,3,676,30
348,3,676,30
526,3,676,30
528,3,676,30
551,3,676,30
400,4,676,30
524,4,676,30
794,4,676,30
884,4,676,30
911,4,676,30
912,4,676,30
190,5,676,30
418,5,676,30
449,5,676,30
491,5,676,30
662,5,676,30
217,6,676,30
312,6,676,30
570,6,676,30
37,7,676,30
486,7,676,30
872,7,676,30
362,8,676,30
142,10,676,30
527,10,676,30
898,10,676,30
901,10,676,30
154,11,676,30
559,11,676,30
590,12,676,30
86,13,676,30
698,16,676,30
254,22,676,30
875,22,676,30
188,24,676,30
555,28,676,30
117,0,677,30
189,0,677,30
417,0,677,30
888,0,677,30
997,0,677,30
58,1,677,30
66,1,677,30
111,1,677,30
187,1,677,30
391,1,677,30
448,1,677,30
490,1,677,30
527,1,677,30
661,1,677,30
874,1,677,30
882,1,677,30
85,2,677,30
215,2,677,30
570,2,677,30
883,2,677,30
900,2,677,30
347,3,677,30
399,3,677,30
485,3,677,30
526,3,677,30
550,3,677,30
569,3,677,30
755,3,677,30
523,4,677,30
871,4,677,30
911,4,677,30
138,5,677,30
141,5,677,30
267,5,677,30
361,5,677,30
910,5,677,30
216,6,677,30
288,6,677,30
311,6,677,30
36,7,677,30
301,7,677,30
318,8,677,30
589,8,677,30
793,8,677,30
153,9,677,30
897,9,677,30
366,10,677,30
394,10,677,30
715,10,677,30
697,11,677,30
525,12,677,30
554,13,677,30
944,18,677,30
994,18,677,30
295,19,677,30
249,23,677,30
558,24,677,30
188,0,678,30
215,0,678,30
346,0,678,30
557,0,678,30
887,0,678,30
294,1,678,30
365,1,678,30
447,1,678,30
524,1,678,30
873,1,678,30
899,1,678,30
57,2,678,30
116,2,678,30
252,2,678,30
287,2,678,30
588,2,678,30
881,2,678,30
909,2,678,30
993,2,678,30
489,3,678,30
526,3,678,30
870,3,678,30
910,3,678,30
360,5,678,30
214,6,678,30
310,6,678,30
568,6,678,30
398,7,678,30
416,7,678,30
522,7,678,30
553,7,678,30
754,7,678,30
35,8,678,30
186,8,678,30
896,8,678,30
137,9,678,30
152,9,678,30
300,9,678,30
696,9,678,30
393,10,678,30
140,11,678,30
266,11,678,30
317,11,678,30
943,11,678,30
110,12,678,30
248,12,678,30
525,12,678,30
714,13,678,30
84,14,678,30
484,19,678,30
660,20,678,30
390,21,678,30
792,24,678,30
213,0,679,30
251,0,679,30
345,0,679,30
389,0,679,30
446,0,679,30
886,0,679,30
109,1,679,30
185,1,679,30
286,1,679,30
293,1,679,30
392,1,679,30
488,1,679,30
521,1,679,30
56,2,679,30
397,2,679,30
556,2,679,30
587,2,679,30
881,2,679,30
908,2,679,30
992,2,679,30
151,3,679,30
299,3,679,30
524,3,679,30
909,3,679,30
942,3,679,30
995,3,679,30
64,4,679,30
139,4,679,30
187,4,679,30
316,4,679,30
523,4,679,30
548,4,679,30
713,4,679,30
869,4,679,30
265,5,679,30
659,5,679,30
753,5,679,30
115,6,679,30
247,6,679,30
415,6,679,30
898,6,679,30
364,7,679,30
34,8,679,30
895,8,679,30
483,9,679,30
695,9,679,30
83,10,679,30
568,11,679,30
872,12,679,30
359,13,679,30
525,14,679,30
552,14,679,30
791,14,679,30
214,15,679,30
309,15,679,30
880,17,679,30
567,28,679,30
136,29,679,30
108,0,680,30
186,0,680,30
213,0,680,30
344,0,680,30
391,0,680,30
445,0,680,30
567,0,680,30
880,0,680,30
138,1,680,30
315,1,680,30
487,1,680,30
524,1,680,30
658,1,680,30
908,1,680,30
941,1,680,30
184,2,680,30
396,2,680,30
522,2,680,30
555,2,680,30
879,2,680,30
907,2,680,30
991,2,680,30
114,3,680,30
150,3,680,30
250,3,680,30
712,3,680,30
897,3,680,30
298,4,680,30
358,4,680,30
482,4,680,30
523,4,680,30
871,4,680,30
55,5,680,30
135,5,680,30
212,5,680,30
246,6,680,30
414,6,680,30
994,6,680,30
285,7,680,30
520,7,680,30
694,7,680,30
885,7,680,30
790,8,680,30
894,8,680,30
63,9,680,30
868,10,680,30
586,11,680,30
82,12,680,30
264,12,680,30
292,14,680,30
308,14,680,30
388,14,680,30
363,17,680,30
752,17,680,30
566,18,680,30
33,20,680,30
547,20,680,30
249,0,681,30
343,0,681,30
395,0,681,30
185,1,681,30
297,1,681,30
307,1,681,30
444,1,681,30
486,1,681,30
521,1,681,30
657,1,681,30
867,1,681,30
907,1,681,30
212,2,681,30
550,2,681,30
554,2,681,30
789,2,681,30
879,2,681,30
993,2,681,30
211,3,681,30
314,3,681,30
362,3,681,30
585,3,681,30
990,3,681,30
107,4,681,30
134,4,681,30
291,4,681,30
519,4,681,30
546,4,681,30
884,4,681,30
896,4,681,30
245,5,681,30
751,5,681,30
137,6,681,30
523,6,681,30
870,6,681,30
62,7,681,30
357,7,681,30
522,7,681,30
565,7,681,30
878,7,681,30
940,7,681,30
566,8,681,30
32,9,681,30
113,10,681,30
390,10,681,30
906,10,681,30
81,12,681,30
263,12,681,30
387,12,681,30
693,13,681,30
413,14,681,30
481,14,681,30
183,15,681,30
284,16,681,30
893,17,681,30
711,20,681,30
54,22,681,30
182,0,682,30
262,0,682,30
545,0,682,30
866,0,682,30
989,0,682,30
518,1,682,30
521,1,682,30
553,1,682,30
710,1,682,30
906,1,682,30
248,2,682,30
386,2,682,30
522,2,682,30
549,2,682,30
883,2,682,30
892,2,682,30
992,2,682,30
80,3,682,30
211,3,682,30
342,3,682,30
361,3,682,30
485,3,682,30
692,3,682,30
750,3,682,30
895,3,682,30
53,4,682,30
106,4,682,30
112,4,682,30
296,4,682,30
313,4,682,30
356,4,682,30
412,4,682,30
656,4,682,30
133,5,682,30
480,5,682,30
31,6,682,30
61,6,682,30
210,7,682,30
306,7,682,30
520,7,682,30
878,7,682,30
905,7,682,30
939,7,682,30
148,8,682,30
290,8,682,30
394,8,682,30
788,8,682,30
877,8,682,30
389,9,682,30
869,10,682,30
443,11,682,30
584,11,682,30
136,14,682,30
184,16,682,30
283,16,682,30
565,17,682,30
244,21,682,30
564,28,682,30
105,0,683,30
360,0,683,30
393,0,683,30
655,0,683,30
709,0,683,30
904,0,683,30
52,1,683,30
60,1,683,30
181,1,683,30
209,1,683,30
517,1,683,30
544,1,683,30
882,1,683,30
261,2,683,30
289,2,683,30
520,2,683,30
894,2,683,30
991,2,683,30
891,3,683,30
79,4,683,30
305,4,683,30
355,4,683,30
484,4,683,30
521,4,683,30
691,4,683,30
749,4,683,30
135,5,683,30
312,5,683,30
341,5,683,30
385,5,683,30
479,5,683,30
132,6,683,30
247,6,683,30
564,6,683,30
877,6,683,30
30,7,683,30
442,7,683,30
787,7,683,30
876,7,683,30
905,7,683,30
282,8,683,30
411,8,683,30
938,8,683,30
868,10,683,30
519,11,683,30
865,11,683,30
388,13,683,30
548,13,683,30
243,14,683,30
552,14,683,30
295,15,683,30
183,16,683,30
111,17,683,30
583,17,683,30
147,19,683,30
563,21,683,30
988,24,683,30
210,27,683,30
359,0,684,30
890,0,684,30
903,0,684,30
937,0,684,30
51,1,684,30
208,1,684,30
209,1,684,30
281,1,684,30
441,1,684,30
516,1,684,30
543,1,684,30
786,1,684,30
864,1,684,30
29,2,684,30
59,2,684,30
146,2,684,30
180,2,684,30
708,2,684,30
748,2,684,30
904,2,684,30
78,3,684,30
410,3,684,30
867,3,684,30
990,3,684,30
134,4,684,30
384,4,684,30
519,4,684,30
311,5,684,30
478,5,684,30
246,6,684,30
340,6,684,30
876,6,684,30
483,7,684,30
520,7,684,30
260,8,684,30
582,8,684,30
690,8,684,30
110,9,684,30
288,9,684,30
654,9,684,30
392,10,684,30
563,10,684,30
881,10,684,30
518,11,684,30
294,12,684,30
354,12,684,30
987,13,684,30
551,15,684,30
104,17,684,30
893,17,684,30
387,18,684,30
182,20,684,30
304,20,684,30
562,20,684,30
875,23,684,30
131,25,684,30
547,26,684,30
353,0,685,30
383,0,685,30
391,0,685,30
542,0,685,30
550,0,685,30
889,0,685,30
892,0,685,30
902,0,685,30
936,0,685,30
989,0,685,30
181,1,685,30
208,1,685,30
303,1,685,30
440,1,685,30
785,1,685,30
133,2,685,30
259,2,685,30
280,2,685,30
145,3,685,30
179,3,685,30
863,3,685,30
358,4,685,30
477,4,685,30
482,4,685,30
517,4,685,30
747,4,685,30
245,5,685,30
409,5,685,30
707,5,685,30
880,5,685,30
903,5,685,30
58,6,685,30
130,6,685,30
310,6,685,30
515,6,685,30
875,6,685,30
562,7,685,30
986,7,685,30
581,8,685,30
689,8,685,30
874,8,685,30
287,9,685,30
339,9,685,30
653,9,685,30
103,10,685,30
109,10,685,30
866,10,685,30
518,11,685,30
546,11,685,30
561,11,685,30
28,12,685,30
50,12,685,30
386,13,685,30
519,14,685,30
77,19,685,30
241,21,685,30
207,25,685,30
309,0,686,30
545,0,686,30
549,0,686,30
706,0,686,30
784,0,686,30
888,0,686,30
935,0,686,30
286,1,686,30
302,1,686,30
439,1,686,30
514,1,686,30
561,1,686,30
901,1,686,30
57,2,686,30
76,2,686,30
129,2,686,30
244,2,686,30
258,2,686,30
357,2,686,30
382,2,686,30
879,2,686,30
144,3,686,30
408,3,686,30
580,3,686,30
891,3,686,30
985,3,686,30
206,4,686,30
476,4,686,30
688,4,686,30
862,4,686,30
385,5,686,30
874,5,686,30
132,6,686,30
481,6,686,30
207,7,686,30
292,7,686,30
180,8,686,30
746,8,686,30
902,8,686,30
102,9,686,30
279,9,686,30
338,9,686,30
541,9,686,30
652,9,686,30
873,9,686,30
390,10,686,30
27,11,686,30
49,12,686,30
240,12,686,30
560,12,686,30
352,13,686,30
516,15,686,30
865,17,686,30
517,20,686,30
518,20,686,30
108,23,686,30
988,24,686,30
178,26,686,30
56,0,687,30
887,0,687,30
890,0,687,30
26,1,687,30
257,1,687,30
544,1,687,30
861,1,687,30
901,1,687,30
48,2,687,30
128,2,687,30
206,2,687,30
291,2,687,30
351,2,687,30
356,2,687,30
381,2,687,30
407,2,687,30
745,2,687,30
873,2,687,30
934,2,687,30
179,3,687,30
687,3,687,30
984,3,687,30
143,4,687,30
438,4,687,30
475,4,687,30
517,4,687,30
987,4,687,30
205,5,687,30
480,5,687,30
864,5,687,30
107,6,687,30
389,6,687,30
579,6,687,30
651,6,687,30
705,6,687,30
783,6,687,30
285,7,687,30
878,7,687,30
900,8,687,30
337,9,687,30
75,10,687,30
243,10,687,30
301,10,687,30
384,10,687,30
515,10,687,30
559,11,687,30
101,12,687,30
516,12,687,30
560,12,687,30
872,12,687,30
308,14,687,30
513,14,687,30
131,15,687,30
278,17,687,30
540,18,687,30
177,19,687,30
239,20,687,30
548,20,687,30
380,0,688,30
886,0,688,30
889,0,688,30
25,1,688,30
127,1,688,30
142,1,688,30
307,1,688,30
406,1,688,30
543,1,688,30
558,1,688,30
744,1,688,30
899,1,688,30
47,2,688,30
350,2,688,30
383,2,688,30
515,2,688,30
578,2,688,30
650,2,688,30
863,2,688,30
983,2,688,30
55,3,688,30
242,3,688,30
256,3,688,30
284,3,688,30
336,3,688,30
437,4,688,30
106,5,688,30
204,5,688,30
205,5,688,30
290,5,688,30
355,5,688,30
474,5,688,30
479,5,688,30
516,5,688,30
933,5,688,30
277,6,688,30
704,6,688,30
782,6,688,30
877,6,688,30
986,7,688,30
514,8,688,30
871,8,688,30
300,9,688,30
74,10,688,30
176,10,688,30
547,10,688,30
860,10,688,30
178,11,688,30
512,11,688,30
559,11,688,30
238,12,688,30
686,12,688,30
388,13,688,30
872,13,688,30
539,14,688,30
24,0,689,30
129,0,689,30
379,0,689,30
473,0,689,30
542,0,689,30
888,0,689,30
982,0,689,30
105,1,689,30
203,1,689,30
538,1,689,30
685,1,689,30
899,1,689,30
289,2,689,30
382,2,689,30
885,2,689,30
46,3,689,30
241,3,689,30
255,3,689,30
141,4,689,30
204,4,689,30
276,4,689,30
436,4,689,30
546,4,689,30
478,5,689,30
515,6,689,30
558,6,689,30
649,6,689,30
703,6,689,30
781,6,689,30
876,6,689,30
898,6,689,30
237,7,689,30
306,7,689,30
54,8,689,30
349,8,689,30
405,8,689,30
513,8,689,30
514,8,689,30
743,8,689,30
871,8,689,30
862,9,689,30
511,10,689,30
557,10,689,30
577,10,689,30
859,11,689,30
99,12,689,30
283,12,689,30
299,12,689,30
354,12,689,30
387,12,689,30
870,12,689,30
932,12,689,30
73,14,689,30
126,15,689,30
335,16,689,30
985,18,689,30
177,19,689,30
23,0,690,30
236,0,690,30
472,0,690,30
684,0,690,30
742,0,690,30
887,0,690,30
981,0,690,30
72,1,690,30
254,1,690,30
305,1,690,30
378,1,690,30
537,1,690,30
576,1,690,30
648,1,690,30
858,1,690,30
870,1,690,30
45,2,690,30
128,2,690,30
203,2,690,30
240,2,690,30
381,2,690,30
386,2,690,30
556,2,690,30
104,3,690,30
514,3,690,30
875,3,690,30
897,3,690,30
931,3,690,30
53,4,690,30
176,4,690,30
275,4,690,30
334,4,690,30
477,4,690,30
780,4,690,30
98,5,690,30
702,5,690,30
288,6,690,30
348,6,690,30
404,6,690,30
557,6,690,30
282,8,690,30
513,8,690,30
541,8,690,30
202,9,690,30
435,9,690,30
512,9,690,30
545,10,690,30
869,10,690,30
898,10,690,30
140,11,690,30
298,11,690,30
353,11,690,30
510,11,690,30
125,14,690,30
884,15,690,30
984,15,690,30
174,17,690,30
861,23,690,30
71,0,691,30
97,0,691,30
471,0,691,30
683,0,691,30
886,0,691,30
980,0,691,30
52,1,691,30
253,1,691,30
403,1,691,30
536,1,691,30
544,1,691,30
555,1,691,30
647,1,691,30
874,1,691,30
202,2,691,30
235,2,691,30
377,2,691,30
434,2,691,30
556,2,691,30
857,2,691,30
883,2,691,30
983,2,691,30
513,3,691,30
741,3,691,30
860,3,691,30
897,3,691,30
139,4,691,30
175,4,691,30
239,4,691,30
281,4,691,30
476,4,691,30
540,4,691,30
869,4,691,30
380,5,691,30
385,5,691,30
575,5,691,30
511,6,691,30
779,6,691,30
127,7,691,30
297,7,691,30
287,8,691,30
333,8,691,30
509,8,691,30
512,9,691,30
352,10,691,30
868,10,691,30
304,11,691,30
930,11,691,30
44,12,691,30
274,12,691,30
124,14,691,30
347,15,691,30
896,15,691,30
173,17,691,30
22,19,691,30
103,20,691,30
201,20,691,30
701,24,691,30
43,0,692,30
346,0,692,30
376,0,692,30
433,0,692,30
475,0,692,30
740,0,692,30
979,0,692,30
21,1,692,30
51,1,692,30
174,1,692,30
273,1,692,30
402,1,692,30
510,1,692,30
543,1,692,30
646,1,692,30
867,1,692,30
873,1,692,30
882,1,692,30
332,2,692,30
351,2,692,30
554,2,692,30
555,2,692,30
982,2,692,30
280,3,692,30
303,3,692,30
384,3,692,30
511,3,692,30
856,3,692,30
895,3,692,30
238,4,692,30
682,4,692,30
138,5,692,30
172,5,692,30
234,5,692,30
70,6,692,30
379,7,692,30
574,7,692,30
102,8,692,30
700,9,692,30
535,10,692,30
126,11,692,30
286,11,692,30
512,11,692,30
200,12,692,30
508,12,692,30
201,13,692,30
470,13,692,30
896,13,692,30
539,14,692,30
859,15,692,30
778,16,692,30
885,19,692,30
96,20,692,30
868,20,692,30
296,21,692,30
252,24,692,30
123,25,692,30
929,25,692,30
345,0,693,30
383,0,693,30
507,0,693,30
509,0,693,30
645,0,693,30
866,0,693,30
173,1,693,30
251,1,693,30
279,1,693,30
378,1,693,30
432,1,693,30
510,1,693,30
538,1,693,30
573,1,693,30
122,2,693,30
171,2,693,30
233,2,693,30
350,2,693,30
375,2,693,30
554,2,693,30
928,2,693,30
199,3,693,30
401,3,693,30
474,3,693,30
699,3,693,30
739,3,693,30
855,3,693,30
867,3,693,30
42,4,693,30
50,4,693,30
137,4,693,30
237,4,693,30
681,4,693,30
272,5,693,30
295,5,693,30
20,6,693,30
331,6,693,30
469,6,693,30
511,6,693,30
285,7,693,30
553,7,693,30
69,8,693,30
95,8,693,30
981,8,693,30
978,9,693,30
881,10,693,30
125,11,693,30
200,12,693,30
872,13,693,30
894,13,693,30
101,17,693,30
534,17,693,30
777,17,693,30
895,18,693,30
542,19,693,30
302,20,693,30
858,21,693,30
344,0,694,30
473,0,694,30
509,0,694,30
854,0,694,30
866,0,694,30
894,0,694,30
172,1,694,30
294,1,694,30
537,1,694,30
41,2,694,30
232,2,694,30
377,2,694,30
382,2,694,30
883,2,694,30
100,3,694,30
198,3,694,30
199,3,694,30
284,3,694,30
572,3,694,30
374,4,694,30
400,4,694,30
698,4,694,30
94,5,694,30
330,5,694,30
508,5,694,30
680,5,694,30
980,5,694,30
271,6,694,30
124,7,694,30
553,7,694,30
857,7,694,30
68,8,694,30
236,8,694,30
431,8,694,30
871,8,694,30
19,9,694,30
49,10,694,30
510,11,694,30
865,11,694,30
927,11,694,30
541,12,694,30
121,13,694,30
301,13,694,30
349,14,694,30
552,14,694,30
250,15,694,30
468,15,694,30
533,15,694,30
278,17,694,30
644,17,694,30
893,17,694,30
170,18,694,30
136,21,694,30
880,21,694,30
506,22,694,30
776,22,694,30
99,0,695,30
343,0,695,30
376,0,695,30
472,0,695,30
505,0,695,30
507,0,695,30
571,0,695,30
643,0,695,30
892,0,695,30
926,0,695,30
293,1,695,30
373,1,695,30
536,1,695,30
856,1,695,30
864,1,695,30
870,1,695,30
882,1,695,30
979,1,695,30
40,2,695,30
48,2,695,30
198,2,695,30
231,2,695,30
235,2,695,30
381,2,695,30
18,3,695,30
169,3,695,30
551,3,695,30
879,3,695,30
123,4,695,30
976,4,695,30
135,5,695,30
277,5,695,30
508,5,695,30
679,5,695,30
270,6,695,30
467,6,695,30
775,7,695,30
120,8,695,30
430,8,695,30
853,8,695,30
249,9,695,30
737,9,695,30
171,10,695,30
197,10,695,30
697,11,695,30
865,11,695,30
300,12,695,30
348,12,695,30
93,15,695,30
509,15,695,30
67,17,695,30
893,17,695,30
540,19,695,30
532,20,695,30
283,24,695,30
168,0,696,30
269,0,696,30
380,0,696,30
398,0,696,30
471,0,696,30
855,1,696,30
864,1,696,30
47,2,696,30
66,2,696,30
92,2,696,30
122,2,696,30
230,2,696,30
248,2,696,30
328,2,696,30
375,2,696,30
570,2,696,30
881,2,696,30
892,2,696,30
98,3,696,30
299,3,696,30
550,3,696,30
551,3,696,30
863,3,696,30
134,5,696,30
234,5,696,30
372,5,696,30
925,5,696,30
975,5,696,30
507,6,696,30
531,6,696,30
119,7,696,30
196,7,696,30
539,7,696,30
17,9,696,30
642,9,696,30
678,9,696,30
696,9,696,30
736,9,696,30
878,9,696,30
197,10,696,30
869,10,696,30
504,11,696,30
39,13,696,30
774,13,696,30
535,14,696,30
276,16,696,30
342,16,696,30
429,16,696,30
282,17,696,30
347,17,696,30
506,17,696,30
852,17,696,30
292,19,696,30
978,19,696,30
466,21,696,30
508,21,696,30
891,24,696,30
170,27,696,30
97,0,697,30
196,0,697,30
268,0,697,30
298,0,697,30
346,0,697,30
379,0,697,30
465,0,697,30
550,0,697,30
677,0,697,30
851,0,697,30
880,0,697,30
977,0,697,30
118,1,697,30
121,1,697,30
195,1,697,30
281,1,697,30
470,1,697,30
773,1,697,30
133,2,697,30
167,2,697,30
291,2,697,30
371,2,697,30
397,2,697,30
505,2,697,30
534,2,697,30
854,2,697,30
46,3,697,30
169,3,697,30
503,3,697,30
530,3,697,30
569,3,697,30
863,3,697,30
891,3,697,30
16,4,697,30
38,4,697,30
538,4,697,30
641,4,697,30
428,5,697,30
506,6,697,30
877,6,697,30
229,7,697,30
247,7,697,30
507,7,697,30
341,8,697,30
735,8,697,30
91,9,697,30
327,9,697,30
695,9,697,30
862,9,697,30
549,10,697,30
868,10,697,30
974,10,697,30
275,12,697,30
890,15,697,30
924,15,697,30
233,19,697,30
374,24,697,30
65,29,697,30
117,0,698,30
345,0,698,30
370,0,698,30
549,0,698,30
973,0,698,30
168,1,698,30
194,1,698,30
195,1,698,30
297,1,698,30
373,1,698,30
378,1,698,30
640,1,698,30
772,1,698,30
853,1,698,30
861,1,698,30
867,1,698,30
889,1,698,30
396,2,698,30
132,3,698,30
232,3,698,30
267,3,698,30
274,3,698,30
280,3,698,30
427,3,698,30
502,3,698,30
37,4,698,30
64,4,698,30
504,4,698,30
548,4,698,30
976,4,698,30
90,5,698,30
166,5,698,30
228,5,698,30
290,5,698,30
879,5,698,30
45,6,698,30
120,6,698,30
326,6,698,30
694,6,698,30
850,6,698,30
876,6,698,30
15,7,698,30
529,8,698,30
464,10,698,30
862,10,698,30
96,11,698,30
340,11,698,30
533,11,698,30
676,11,698,30
537,12,698,30
568,12,698,30
506,16,698,30
734,16,698,30
890,17,698,30
923,17,698,30
505,20,698,30
469,21,698,30
193,0,699,30
344,0,699,30
194,1,699,30
245,1,699,30
273,1,699,30
279,1,699,30
369,1,699,30
771,1,699,30
849,1,699,30
861,1,699,30
63,2,699,30
116,2,699,30
167,2,699,30
325,2,699,30
377,2,699,30
468,2,699,30
89,3,699,30
131,3,699,30
528,3,699,30
860,3,699,30
36,4,699,30
44,4,699,30
296,4,699,30
501,4,699,30
733,4,699,30
231,5,699,30
372,5,699,30
975,5,699,30
693,6,699,30
875,6,699,30
503,7,699,30
504,7,699,30
548,7,699,30
95,8,699,30
532,8,699,30
119,9,699,30
165,9,699,30
339,9,699,30
463,9,699,30
878,9,699,30
888,9,699,30
395,10,699,30
547,10,699,30
866,10,699,30
266,11,699,30
505,11,699,30
639,12,699,30
14,13,699,30
922,14,699,30
289,15,699,30
972,16,699,30
852,17,699,30
675,18,699,30
889,18,699,30
426,19,699,30
536,20,699,30
227,23,699,30
43,0,700,30
88,0,700,30
164,0,700,30
193,0,700,30
343,0,700,30
376,0,700,30
638,0,700,30
921,0,700,30
118,1,700,30
244,1,700,30
504,1,700,30
527,1,700,30
732,1,700,30
94,2,700,30
295,2,700,30
371,2,700,30
467,2,700,30
226,3,700,30
394,3,700,30
503,3,700,30
692,3,700,30
770,3,700,30
860,3,700,30
166,5,700,30
265,5,700,30
272,5,700,30
888,5,700,30
230,6,700,30
288,6,700,30
62,7,700,30
462,7,700,30
502,7,700,30
674,7,700,30
874,7,700,30
115,9,700,30
338,9,700,30
848,9,700,30
877,9,700,30
531,10,700,30
547,10,700,30
500,11,700,30
859,11,700,30
865,11,700,30
971,12,700,30
278,13,700,30
368,13,700,30
546,13,700,30
566,14,700,30
425,16,700,30
535,16,700,30
130,17,700,30
324,19,700,30
13,20,700,30
851,21,700,30
887,22,700,30
35,25,700,30
117,0,701,30
191,0,701,30
367,0,701,30
370,0,701,30
545,0,701,30
859,0,701,30
973,0,701,30
87,1,701,30
503,1,701,30
530,1,701,30
534,1,701,30
731,1,701,30
858,1,701,30
864,1,701,30
886,1,701,30
920,1,701,30
970,1,701,30
294,2,701,30
323,2,701,30
375,2,701,30
873,2,701,30
114,3,701,30
271,3,701,30
342,3,701,30
393,3,701,30
502,3,701,30
769,3,701,30
42,4,701,30
461,4,701,30
501,4,701,30
637,4,701,30
691,4,701,30
850,4,701,30
277,5,701,30
61,6,701,30
93,6,701,30
229,6,701,30
165,7,701,30
163,8,701,30
287,8,701,30
424,8,701,30
337,9,701,30
847,9,701,30
12,10,701,30
243,10,701,30
499,10,701,30
673,10,701,30
192,11,701,30
526,11,701,30
34,12,701,30
264,12,701,30
466,12,701,30
565,12,701,30
546,13,701,30
225,14,701,30
129,15,701,30
887,21,701,30
876,23,701,30
86,0,702,30
164,0,702,30
191,0,702,30
276,0,702,30
336,0,702,30
460,0,702,30
465,0,702,30
545,0,702,30
730,0,702,30
11,1,702,30
286,1,702,30
369,1,702,30
392,1,702,30
502,1,702,30
533,1,702,30
544,1,702,30
636,1,702,30
849,1,702,30
858,1,702,30
92,2,702,30
116,2,702,30
768,2,702,30
857,2,702,30
863,2,702,30
228,3,702,30
423,3,702,30
341,4,702,30
498,4,702,30
501,4,702,30
162,5,702,30
224,5,702,30
242,5,702,30
60,6,702,30
564,6,702,30
969,6,702,30
41,7,702,30
872,7,702,30
529,8,702,30
690,8,702,30
972,8,702,30
322,9,702,30
128,10,702,30
293,10,702,30
366,10,702,30
672,10,702,30
885,10,702,30
875,11,702,30
919,11,702,30
190,12,702,30
263,12,702,30
500,12,702,30
525,14,702,30
270,17,702,30
846,17,702,30
886,17,702,30
33,19,702,30
374,26,702,30
113,27,702,30
40,0,703,30
85,0,703,30
161,0,703,30
189,0,703,30
391,0,703,30
459,0,703,30
127,1,703,30
365,1,703,30
501,1,703,30
524,1,703,30
532,1,703,30
543,1,703,30
544,1,703,30
635,1,703,30
729,1,703,30
767,1,703,30
856,1,703,30
874,1,703,30
112,2,703,30
262,2,703,30
321,2,703,30
464,2,703,30
857,2,703,30
497,3,703,30
528,3,703,30
563,3,703,30
10,4,703,30
275,4,703,30
862,4,703,30
871,4,703,30
918,4,703,30
190,5,703,30
269,5,703,30
373,5,703,30
340,6,703,30
91,7,703,30
115,7,703,30
223,7,703,30
285,7,703,30
422,7,703,30
848,7,703,30
885,7,703,30
59,8,703,30
163,8,703,30
689,8,703,30
968,8,703,30
32,9,703,30
292,9,703,30
335,10,703,30
884,10,703,30
500,11,703,30
671,11,703,30
971,12,703,30
499,15,703,30
368,16,703,30
227,23,703,30
31,0,704,30
84,0,704,30
160,0,704,30
188,0,704,30
111,1,704,30
500,1,704,30
543,1,704,30
844,1,704,30
855,1,704,30
856,1,704,30
861,1,704,30
873,1,704,30
970,1,704,30
240,2,704,30
261,2,704,30
291,2,704,30
320,2,704,30
670,2,704,30
9,3,704,30
114,3,704,30
226,3,704,30
562,3,704,30
766,3,704,30
967,3,704,30
90,4,704,30
334,4,704,30
498,4,704,30
884,4,704,30
189,5,704,30
372,5,704,30
527,5,704,30
688,5,704,30
883,5,704,30
58,6,704,30
268,6,704,30
274,6,704,30
523,6,704,30
870,6,704,30
917,6,704,30
162,7,704,30
728,7,704,30
847,7,704,30
284,8,704,30
364,9,704,30
390,10,704,30
421,10,704,30
499,10,704,30
531,10,704,30
126,11,704,30
496,11,704,30
222,12,704,30
339,12,704,30
463,14,704,30
39,15,704,30
542,18,704,30
458,19,704,30
367,22,704,30
634,24,704,30
530,0,705,30
765,0,705,30
159,1,705,30
187,1,705,30
273,1,705,30
499,1,705,30
561,1,705,30
855,1,705,30
57,2,705,30
522,2,705,30
843,2,705,30
883,2,705,30
916,2,705,30
966,2,705,30
89,3,705,30
161,3,705,30
221,3,705,30
267,3,705,30
420,3,705,30
860,3,705,30
38,4,705,30
366,4,705,30
498,4,705,30
882,4,705,30
8,5,705,30
113,5,705,30
125,5,705,30
83,6,705,30
371,6,705,30
457,6,705,30
495,6,705,30
333,7,705,30
462,7,705,30
872,7,705,30
30,8,705,30
225,8,705,30
239,8,705,30
669,8,705,30
389,9,705,30
869,10,705,30
290,11,705,30
110,12,705,30
260,12,705,30
283,12,705,30
497,12,705,30
541,12,705,30
633,12,705,30
846,13,705,30
542,15,705,30
854,16,705,30
969,17,705,30
727,19,705,30
338,21,705,30
687,22,705,30
188,24,705,30
526,25,705,30
319,26,705,30
363,26,705,30
29,0,706,30
112,0,706,30
289,0,706,30
318,0,706,30
370,0,706,30
456,0,706,30
764,0,706,30
859,0,706,30
965,0,706,30
109,1,706,30
187,1,706,30
496,1,706,30
853,1,706,30
915,1,706,30
56,2,706,30
332,2,706,30
498,2,706,30
842,2,706,30
854,2,706,30
881,2,706,30
220,3,706,30
224,3,706,30
497,3,706,30
521,3,706,30
726,3,706,30
882,3,706,30
7,4,706,30
37,4,706,30
461,4,706,30
540,4,706,30
871,4,706,30
259,5,706,30
272,5,706,30
158,7,706,30
632,7,706,30
282,8,706,30
362,8,706,30
419,8,706,30
88,9,706,30
160,9,706,30
541,9,706,30
668,10,706,30
686,10,706,30
868,10,706,30
238,12,706,30
337,12,706,30
529,12,706,30
560,12,706,30
494,13,706,30
845,13,706,30
124,14,706,30
186,14,706,30
388,14,706,30
266,16,706,30
968,17,706,30
82,20,706,30
525,25,706,30
108,0,707,30
336,0,707,30
455,0,707,30
540,0,707,30
763,0,707,30
880,0,707,30
87,1,707,30
157,1,707,30
159,1,707,30
185,1,707,30
844,1,707,30
853,1,707,30
858,1,707,30
964,1,707,30
81,2,707,30
497,2,707,30
914,2,707,30
223,3,707,30
495,3,707,30
524,3,707,30
528,3,707,30
867,3,707,30
870,3,707,30
967,3,707,30
36,4,707,30
186,4,707,30
219,4,707,30
460,4,707,30
111,5,707,30
258,5,707,30
361,5,707,30
725,5,707,30
331,6,707,30
841,6,707,30
281,8,707,30
364,8,707,30
493,8,707,30
520,8,707,30
271,9,707,30
685,9,707,30
55,10,707,30
667,10,707,30
881,10,707,30
6,11,707,30
317,11,707,30
28,12,707,30
237,12,707,30
265,13,707,30
559,13,707,30
418,15,707,30
852,16,707,30
288,17,707,30
631,17,707,30
496,19,707,30
123,23,707,30
539,24,707,30
387,26,707,30
369,27,707,30
5,0,708,30
86,0,708,30
236,0,708,30
360,0,708,30
496,0,708,30
539,0,708,30
684,0,708,30
851,0,708,30
866,0,708,30
913,0,708,30
156,1,708,30
218,1,708,30
527,1,708,30
558,1,708,30
287,2,708,30
459,2,708,30
495,2,708,30
724,2,708,30
840,2,708,30
843,2,708,30
966,2,708,30
80,3,708,30
762,3,708,30
879,3,708,30
316,4,708,30
523,4,708,30
538,4,708,30
880,4,708,30
963,4,708,30
122,6,708,30
257,6,708,30
454,6,708,30
857,7,708,30
35,8,708,30
54,8,708,30
158,8,708,30
368,8,708,30
519,8,708,30
184,9,708,30
280,9,708,30
492,10,708,30
852,10,708,30
869,10,708,30
27,11,708,30
222,11,708,30
264,12,708,30
270,12,708,30
417,12,708,30
666,12,708,30
185,14,708,30
386,14,708,30
335,16,708,30
107,19,708,30
330,21,708,30
363,24,708,30
630,29,708,30
85,0,709,30
155,0,709,30
334,0,709,30
359,0,709,30
493,0,709,30
538,0,709,30
557,0,709,30
629,0,709,30
683,0,709,30
109,1,709,30
157,1,709,30
458,1,709,30
851,1,709,30
416,2,709,30
494,2,709,30
495,2,709,30
723,2,709,30
842,2,709,30
879,2,709,30
221,3,709,30
362,3,709,30
526,3,709,30
856,3,709,30
4,4,709,30
121,4,709,30
850,4,709,30
878,4,709,30
217,5,709,30
235,5,709,30
269,5,709,30
279,5,709,30
315,5,709,30
385,5,709,30
367,6,709,30
962,7,709,30
34,8,709,30
53,8,709,30
79,8,709,30
183,8,709,30
256,8,709,30
518,8,709,30
522,8,709,30
184,9,709,30
453,9,709,30
839,9,709,30
106,10,709,30
286,10,709,30
761,10,709,30
868,10,709,30
263,12,709,30
537,12,709,30
665,12,709,30
912,15,709,30
865,17,709,30
26,18,709,30
491,19,709,30
329,20,709,30
3,0,710,30
52,0,710,30
84,0,710,30
262,0,710,30
628,0,710,30
760,0,710,30
911,0,710,30
108,1,710,30
154,1,710,30
156,1,710,30
216,1,710,30
220,1,710,30
452,1,710,30
521,1,710,30
537,1,710,30
849,1,710,30
255,2,710,30
314,2,710,30
328,2,710,30
415,2,710,30
493,2,710,30
494,2,710,30
556,2,710,30
722,2,710,30
78,3,710,30
105,3,710,30
234,3,710,30
361,3,710,30
384,3,710,30
855,3,710,30
867,3,710,30
25,4,710,30
536,4,710,30
358,5,710,30
492,5,710,30
120,6,710,30
183,6,710,30
268,6,710,30
841,6,710,30
850,6,710,30
285,7,710,30
333,7,710,30
878,7,710,30
961,7,710,30
664,8,710,30
278,10,710,30
366,10,710,30
838,11,710,30
457,12,710,30
525,12,710,30
864,12,710,30
877,17,710,30
33,18,710,30
964,19,710,30
490,24,710,30
182,27,710,30
51,0,711,30
155,0,711,30
219,0,711,30
254,0,711,30
284,0,711,30
456,0,711,30
493,0,711,30
627,0,711,30
759,0,711,30
840,0,711,30
153,1,711,30
181,1,711,30
524,1,711,30
536,1,711,30
119,2,711,30
215,2,711,30
261,2,711,30
332,2,711,30
489,2,711,30
555,2,711,30
721,2,711,30
854,2,711,30
863,2,711,30
104,3,711,30
383,3,711,30
516,3,711,30
313,4,711,30
277,5,711,30
360,5,711,30
491,5,711,30
492,5,711,30
837,5,711,30
910,5,711,30
267,6,711,30
414,6,711,30
663,6,711,30
107,7,711,30
182,7,711,30
848,7,711,30
876,7,711,30
32,9,711,30
327,9,711,30
357,9,711,30
877,9,711,30
960,9,711,30
24,10,711,30
83,10,711,30
849,10,711,30
866,10,711,30
451,11,711,30
520,16,711,30
681,16,711,30
77,19,711,30
535,19,711,30
233,20,711,30
365,25,711,30
963,25,711,30
2,29,711,30
50,0,712,30
152,0,712,30
276,0,712,30
326,0,712,30
450,0,712,30
455,0,712,30
680,0,712,30
118,1,712,30
488,1,712,30
534,1,712,30
853,1,712,30
76,2,712,30
554,2,712,30
232,3,712,30
758,3,712,30
875,3,712,30
1,4,712,30
181,4,712,30
260,4,712,30
382,4,712,30
515,4,712,30
519,4,712,30
523,4,712,30
839,4,712,30
862,4,712,30
82,5,712,30
312,5,712,30
491,5,712,30
535,5,712,30
23,6,712,30
214,6,712,30
359,6,712,30
720,6,712,30
490,7,712,30
836,7,712,30
847,7,712,30
876,7,712,30
154,8,712,30
31,9,712,30
180,9,712,30
364,9,712,30
662,9,712,30
848,9,712,30
959,9,712,30
106,10,712,30
492,10,712,30
865,11,712,30
253,13,712,30
413,14,712,30
909,15,712,30
356,16,712,30
103,17,712,30
218,17,712,30
266,17,712,30
331,17,712,30
626,19,712,30
283,21,712,30
962,21,712,30
117,0,713,30
213,0,713,30
625,0,713,30
679,0,713,30
0,1,713,30
105,1,713,30
487,1,713,30
514,1,713,30
518,1,713,30
533,1,713,30
553,1,713,30
757,1,713,30
864,1,713,30
874,1,713,30
908,1,713,30
180,2,713,30
252,2,713,30
275,2,713,30
330,2,713,30
449,2,713,30
522,2,713,30
719,2,713,30
179,3,713,30
489,3,713,30
875,3,713,30
958,3,713,30
151,4,713,30
265,4,713,30
412,4,713,30
838,4,713,30
311,5,713,30
358,5,713,30
231,6,713,30
381,6,713,30
490,7,713,30
30,8,713,30
355,8,713,30
102,9,713,30
153,9,713,30
259,9,713,30
325,9,713,30
847,9,713,30
22,10,713,30
49,10,713,30
835,11,713,30
81,12,713,30
454,12,713,30
846,12,713,30
961,12,713,30
661,13,713,30
217,16,713,30
75,17,713,30
282,17,713,30
363,17,713,30
534,17,713,30
491,19,713,30
852,19,713,30
861,23,713,30
74,0,714,30
80,0,714,30
150,0,714,30
251,0,714,30
21,1,714,30
281,1,714,30
486,1,714,30
490,1,714,30
517,1,714,30
521,1,714,30
532,1,714,30
718,1,714,30
834,1,714,30
873,1,714,30
874,1,714,30
907,1,714,30
29,2,714,30
212,2,714,30
216,2,714,30
357,2,714,30
851,2,714,30
48,3,714,30
179,3,714,30
362,3,714,30
513,3,714,30
624,3,714,30
756,3,714,30
860,3,714,30
863,3,714,30
104,5,714,30
152,5,714,30
837,5,714,30
230,6,714,30
489,7,714,30
678,7,714,30
274,8,714,30
488,8,714,30
453,9,714,30
533,9,714,30
960,9,714,30
258,10,714,30
660,10,714,30
101,12,714,30
310,12,714,30
411,12,714,30
552,14,714,30
354,16,714,30
264,17,714,30
846,19,714,30
329,20,714,30
957,21,714,30
380,23,714,30
448,27,714,30
845,28,714,30
149,0,715,30
215,0,715,30
309,0,715,30
323,0,715,30
410,0,715,30
833,0,715,30
100,1,715,30
257,1,715,30
488,1,715,30
516,1,715,30
844,1,715,30
873,1,715,30
906,1,715,30
273,2,715,30
280,2,715,30
328,2,715,30
356,2,715,30
489,2,715,30
532,2,715,30
211,3,715,30
361,3,715,30
485,3,715,30
551,3,715,30
677,3,715,30
755,3,715,30
79,4,715,30
862,4,715,30
959,4,715,30
73,5,715,30
103,5,715,30
47,6,715,30
115,6,715,30
229,6,715,30
623,6,715,30
177,7,715,30
379,7,715,30
512,7,715,30
520,7,715,30
836,7,715,30
850,7,715,30
859,7,715,30
872,7,715,30
20,10,715,30
151,10,715,30
531,10,715,30
178,11,715,30
250,15,715,30
659,15,715,30
263,16,715,30
717,16,715,30
28,17,715,30
353,20,715,30
487,20,715,30
99,0,716,30
262,0,716,30
272,0,716,30
530,0,716,30
658,0,716,30
832,0,716,30
214,1,716,30
279,1,716,30
378,1,716,30
487,1,716,30
488,1,716,30
861,1,716,30
27,2,716,30
78,2,716,30
176,2,716,30
531,2,716,30
550,2,716,30
754,2,716,30
843,2,716,30
46,3,716,30
228,3,716,30
511,3,716,30
676,3,716,30
835,3,716,30
849,3,716,30
958,3,716,30
210,4,716,30
484,4,716,30
515,4,716,30
102,5,716,30
360,5,716,30
409,5,716,30
519,5,716,30
148,6,716,30
622,6,716,30
871,7,716,30
256,8,716,30
249,9,716,30
150,10,716,30
322,10,716,30
446,10,716,30
355,13,716,30
872,13,716,30
114,14,716,30
327,14,716,30
352,15,716,30
451,15,716,30
486,18,716,30
177,20,716,30
72,21,716,30
308,22,716,30
955,23,716,30
905,27,716,30
844,29,716,30
209,0,717,30
530,0,717,30
831,0,717,30
904,0,717,30
307,1,717,30
450,1,717,30
486,1,717,30
487,1,717,30
510,1,717,30
514,1,717,30
518,1,717,30
657,1,717,30
715,1,717,30
870,1,717,30
45,2,717,30
227,2,717,30
255,2,717,30
261,2,717,30
321,2,717,30
351,2,717,30
549,2,717,30
842,2,717,30
857,2,717,30
485,3,717,30
834,3,717,30
860,3,717,30
176,4,717,30
871,4,717,30
954,4,717,30
101,5,717,30
213,5,717,30
326,6,717,30
445,6,717,30
621,6,717,30
753,6,717,30
149,7,717,30
483,7,717,30
848,7,717,30
98,8,717,30
271,9,717,30
18,10,717,30
377,10,717,30
408,10,717,30
529,10,717,30
359,11,717,30
278,13,717,30
354,13,717,30
26,16,717,30
113,16,717,30
675,18,717,30
77,19,717,30
843,21,717,30
957,21,717,30
175,24,717,30
71,25,717,30
248,28,717,30
247,0,718,30
376,0,718,30
482,0,718,30
509,0,718,30
903,0,718,30
100,1,718,30
208,1,718,30
254,1,718,30
486,1,718,30
517,1,718,30
830,1,718,30
856,1,718,30
70,2,718,30
320,2,718,30
325,2,718,30
350,2,718,30
407,2,718,30
956,2,718,30
226,3,718,30
485,3,718,30
513,3,718,30
528,3,718,30
870,3,718,30
175,4,718,30
260,4,718,30
270,4,718,30
444,4,718,30
548,4,718,30
869,4,718,30
44,5,718,30
212,5,718,30
277,5,718,30
449,5,718,30
953,5,718,30
25,6,718,30
148,6,718,30
306,6,718,30
841,6,718,30
674,7,718,30
847,7,718,30
112,8,718,30
146,8,718,30
358,8,718,30
529,8,718,30
656,8,718,30
859,8,718,30
17,10,718,30
353,11,718,30
484,11,718,30
620,11,718,30
752,11,718,30
174,13,718,30
714,15,718,30
842,17,718,30
833,20,718,30
24,0,719,30
43,0,719,30
99,0,719,30
246,0,719,30
269,0,719,30
276,0,719,30
406,0,719,30
481,0,719,30
655,0,719,30
713,0,719,30
751,0,719,30
840,0,719,30
902,0,719,30
145,1,719,30
174,1,719,30
253,1,719,30
516,1,719,30
527,1,719,30
829,1,719,30
855,1,719,30
858,1,719,30
259,2,719,30
357,2,719,30
673,2,719,30
211,3,719,30
319,3,719,30
349,3,719,30
485,3,719,30
952,3,719,30
375,4,719,30
443,4,719,30
484,4,719,30
869,4,719,30
508,5,719,30
528,5,719,30
841,6,719,30
16,7,719,30
96,7,719,30
111,7,719,30
207,7,719,30
69,8,719,30
225,8,719,30
305,9,719,30
483,9,719,30
512,9,719,30
832,9,719,30
352,13,719,30
846,13,719,30
619,16,719,30
173,17,719,30
147,19,719,30
324,19,719,30
868,20,719,30
75,21,719,30
448,24,719,30
547,26,719,30
23,0,720,30
74,0,720,30
172,0,720,30
268,0,720,30
318,0,720,30
323,0,720,30
507,0,720,30
672,0,720,30
750,0,720,30
840,0,720,30
951,0,720,30
144,1,720,30
173,1,720,30
527,1,720,30
618,1,720,30
901,1,720,30
252,2,720,30
258,2,720,30
356,2,720,30
515,2,720,30
857,2,720,30
954,2,720,30
348,3,720,30
511,3,720,30
712,3,720,30
839,3,720,30
854,3,720,30
867,3,720,30
210,4,720,30
275,4,720,30
351,4,720,30
374,4,720,30
482,4,720,30
245,5,720,30
95,6,720,30
15,7,720,30
206,7,720,30
483,7,720,30
42,8,720,30
68,8,720,30
146,8,720,30
224,8,720,30
405,8,720,30
304,9,720,30
654,9,720,30
526,10,720,30
868,10,720,30
484,11,720,30
831,11,720,30
110,12,720,30
546,13,720,30
845,13,720,30
480,15,720,30
828,18,720,30
98,21,720,30
447,22,720,30
94,0,721,30
97,0,721,30
251,0,721,30
479,0,721,30
482,0,721,30
545,0,721,30
866,0,721,30
109,1,721,30
172,1,721,30
257,1,721,30
303,1,721,30
373,1,721,30
441,1,721,30
510,1,721,30
844,1,721,30
853,1,721,30
856,1,721,30
867,1,721,30
171,2,721,30
244,2,721,30
950,2,721,30
14,3,721,30
145,3,721,30
267,3,721,30
274,3,721,30
347,3,721,30
526,3,721,30
838,3,721,30
839,3,721,30
143,4,721,30
350,4,721,30
749,4,721,30
41,5,721,30
73,5,721,30
205,5,721,30
317,5,721,30
355,5,721,30
900,5,721,30
953,5,721,30
404,6,721,30
481,6,721,30
506,6,721,30
483,8,721,30
514,8,721,30
223,9,721,30
322,9,721,30
653,9,721,30
22,10,721,30
671,11,721,30
209,14,721,30
446,14,721,30
525,14,721,30
827,15,721,30
830,18,721,30
617,19,721,30
711,20,721,30
40,0,722,30
108,0,722,30
316,0,722,30
478,0,722,30
481,0,722,30
866,0,722,30
21,1,722,30
302,1,722,30
440,1,722,30
524,1,722,30
710,1,722,30
855,1,722,30
171,2,722,30
144,3,722,30
250,3,722,30
256,3,722,30
273,3,722,30
349,3,722,30
838,3,722,30
952,3,722,30
142,4,722,30
170,4,722,30
204,4,722,30
482,4,722,30
544,4,722,30
748,4,722,30
480,5,722,30
93,6,722,30
96,7,722,30
372,7,722,30
652,7,722,30
13,8,722,30
513,8,722,30
222,9,722,30
837,10,722,30
266,11,722,30
865,11,722,30
403,12,722,30
505,12,722,30
354,13,722,30
670,13,722,30
243,14,722,30
445,14,722,30
616,14,722,30
826,14,722,30
829,14,722,30
208,15,722,30
509,15,722,30
899,15,722,30
321,16,722,30
852,16,722,30
72,18,722,30
949,18,722,30
346,21,722,30
525,24,722,30
843,29,722,30
221,0,723,30
249,0,723,30
272,0,723,30
479,0,723,30
709,0,723,30
851,0,723,30
854,0,723,30
439,1,723,30
615,1,723,30
864,1,723,30
203,2,723,30
301,2,723,30
371,2,723,30
828,2,723,30
12,3,723,30
169,3,723,30
242,3,723,30
255,3,723,30
320,3,723,30
348,3,723,30
141,4,723,30
143,4,723,30
170,4,723,30
265,4,723,30
345,4,723,30
477,4,723,30
504,4,723,30
747,4,723,30
20,5,723,30
92,5,723,30
315,5,723,30
480,5,723,30
837,5,723,30
107,6,723,30
481,6,723,30
523,6,723,30
651,6,723,30
951,6,723,30
95,7,723,30
836,7,723,30
543,8,723,30
402,9,723,30
207,10,723,30
898,10,723,30
512,11,723,30
865,11,723,30
353,13,723,30
39,15,723,30
71,16,723,30
524,16,723,30
669,17,723,30
444,20,723,30
825,20,723,30
508,21,723,30
842,25,723,30
91,0,724,30
168,0,724,30
254,0,724,30
370,0,724,30
478,0,724,30
542,0,724,30
11,1,724,30
142,1,724,30
220,1,724,30
614,1,724,30
853,1,724,30
864,1,724,30
38,2,724,30
94,2,724,30
202,2,724,30
248,2,724,30
503,2,724,30
650,2,724,30
708,2,724,30
863,2,724,30
950,2,724,30
169,3,724,30
241,3,724,30
319,3,724,30
347,3,724,30
438,3,724,30
476,3,724,30
824,3,724,30
835,3,724,30
947,3,724,30
206,4,724,30
479,5,724,30
850,5,724,30
70,6,724,30
106,6,724,30
314,6,724,30
507,6,724,30
841,6,724,30
344,7,724,30
668,7,724,30
746,7,724,30
836,7,724,30
522,8,724,30
64,9,724,30
271,9,724,30
352,10,724,30
511,10,724,30
140,13,724,30
19,15,724,30
443,15,724,30
523,18,724,30
827,18,724,30
300,19,724,30
401,22,724,30
897,24,724,30
480,28,724,30
90,0,725,30
105,0,725,30
168,0,725,30
247,0,725,30
346,0,725,30
475,0,725,30
745,0,725,30
826,0,725,30
840,0,725,30
369,1,725,30
510,1,725,30
521,1,725,30
707,1,725,30
834,1,725,30
849,1,725,30
37,2,725,30
63,2,725,30
167,2,725,30
240,2,725,30
502,2,725,30
522,2,725,30
946,2,725,30
18,3,725,30
93,3,725,30
437,3,725,30
835,3,725,30
863,3,725,30
139,4,725,30
141,4,725,30
219,4,725,30
351,4,725,30
400,4,725,30
477,4,725,30
478,5,725,30
667,5,725,30
313,6,725,30
506,6,725,30
69,8,725,30
318,8,725,30
343,8,725,30
541,8,725,30
253,10,725,30
479,10,725,30
823,10,725,30
949,11,725,30
270,12,725,30
862,12,725,30
649,13,725,30
201,15,725,30
263,16,725,30
852,17,725,30
299,19,725,30
442,19,725,30
613,19,725,30
10,21,725,30
205,27,725,30
896,27,725,30
140,0,726,30
204,0,726,30
246,0,726,30
262,0,726,30
345,0,726,30
509,0,726,30
540,0,726,30
822,0,726,30
833,0,726,30
218,1,726,30
521,1,726,30
706,1,726,30
834,1,726,30
861,1,726,30
252,2,726,30
505,2,726,30
520,2,726,30
666,2,726,30
851,2,726,30
9,3,726,30
89,3,726,30
104,3,726,30
474,3,726,30
476,3,726,30
744,3,726,30
839,3,726,30
945,3,726,30
36,4,726,30
166,4,726,30
167,4,726,30
350,4,726,30
862,4,726,30
138,5,726,30
269,5,726,30
312,5,726,30
477,5,726,30
648,5,726,30
92,6,726,30
62,7,726,30
68,8,726,30
436,8,726,30
441,9,726,30
501,9,726,30
848,9,726,30
17,10,726,30
478,10,726,30
825,10,726,30
895,10,726,30
948,11,726,30
200,12,726,30
399,12,726,30
612,12,726,30
342,16,726,30
368,16,726,30
239,18,726,30
298,18,726,30
317,25,726,30
139,0,727,30
316,0,727,30
344,0,727,30
398,0,727,30
539,0,727,30
832,0,727,30
833,0,727,30
251,1,727,30
504,1,727,30
705,1,727,30
824,1,727,30
261,2,727,30
297,2,727,30
520,2,727,30
894,2,727,30
476,3,727,30
743,3,727,30
838,3,727,30
137,4,727,30
166,4,727,30
349,4,727,30
473,4,727,30
475,4,727,30
519,4,727,30
850,4,727,30
8,5,727,30
16,5,727,30
88,5,727,30
311,5,727,30
508,5,727,30
647,5,727,30
61,6,727,30
217,6,727,30
268,6,727,30
91,7,727,30
165,7,727,30
203,8,727,30
341,8,727,30
847,9,727,30
860,10,727,30
500,11,727,30
947,11,727,30
611,12,727,30
238,13,727,30
245,13,727,30
435,13,727,30
199,16,727,30
665,16,727,30
67,18,727,30
367,18,727,30
821,18,727,30
944,18,727,30
477,20,727,30
861,23,727,30
35,25,727,30
138,0,728,30
164,0,728,30
343,0,728,30
475,0,728,30
507,0,728,30
538,0,728,30
820,0,728,30
831,0,728,30
832,0,728,30
946,0,728,30
60,1,728,30
87,1,728,30
90,1,728,30
216,1,728,30
315,1,728,30
434,1,728,30
472,1,728,30
503,1,728,30
518,1,728,30
198,2,728,30
244,2,728,30
267,3,728,30
474,3,728,30
476,3,728,30
860,3,728,30
296,4,728,30
646,4,728,30
250,5,728,30
7,6,728,30
310,6,728,30
340,6,728,30
348,6,728,30
704,6,728,30
742,6,728,30
15,7,728,30
136,7,728,30
849,7,728,30
260,8,728,30
519,8,728,30
823,8,728,30
943,8,728,30
202,9,728,30
366,10,728,30
499,10,728,30
859,11,728,30
34,12,728,30
165,12,728,30
610,12,728,30
102,13,728,30
397,16,728,30
837,17,728,30
846,17,728,30
893,17,728,30
439,18,728,30
237,19,728,30
664,19,728,30
66,20,728,30
236,0,729,30
249,0,729,30
309,0,729,30
473,0,729,30
475,0,729,30
502,0,729,30
819,0,729,30
831,0,729,30
859,0,729,30
945,0,729,30
89,1,729,30
517,1,729,30
518,1,729,30
537,1,729,30
830,1,729,30
858,1,729,30
59,2,729,30
101,2,729,30
215,2,729,30
259,2,729,30
314,2,729,30
498,2,729,30
892,2,729,30
163,3,729,30
438,3,729,30
471,3,729,30
474,3,729,30
703,3,729,30
741,3,729,30
137,4,729,30
822,4,729,30
135,5,729,30
295,5,729,30
396,5,729,30
645,5,729,30
663,6,729,30
848,7,729,30
65,8,729,30
243,10,729,30
942,10,729,30
6,11,729,30
339,11,729,30
609,11,729,30
836,11,729,30
33,13,729,30
14,14,729,30
86,14,729,30
197,14,729,30
164,15,729,30
201,15,729,30
347,15,729,30
266,16,729,30
433,16,729,30
506,16,729,30
342,24,729,30
365,25,729,30
845,28,729,30
5,0,730,30
88,0,730,30
346,0,730,30
472,0,730,30
473,0,730,30
740,0,730,30
829,0,730,30
214,1,730,30
470,1,730,30
501,1,730,30
516,1,730,30
517,1,730,30
536,1,730,30
830,1,730,30
844,1,730,30
941,1,730,30
235,2,730,30
248,2,730,30
258,2,730,30
497,2,730,30
505,2,730,30
100,3,730,30
163,3,730,30
437,3,730,30
474,3,730,30
58,4,730,30
134,4,730,30
313,4,730,30
341,4,730,30
395,4,730,30
242,5,730,30
644,5,730,30
702,5,730,30
944,5,730,30
64,6,730,30
85,6,730,30
162,7,730,30
196,7,730,30
265,7,730,30
338,7,730,30
364,7,730,30
608,7,730,30
847,7,730,30
857,7,730,30
891,7,730,30
662,9,730,30
294,11,730,30
835,11,730,30
200,12,730,30
32,13,730,30
432,13,730,30
136,14,730,30
308,14,730,30
821,18,730,30
818,27,730,30
13,29,730,30
31,0,731,30
161,0,731,30
213,0,731,30
247,0,731,30
345,0,731,30
431,0,731,30
471,0,731,30
472,0,731,30
473,0,731,30
496,0,731,30
820,0,731,30
87,1,731,30
195,1,731,30
257,1,731,30
307,1,731,30
500,1,731,30
504,1,731,30
516,1,731,30
661,1,731,30
817,1,731,30
829,1,731,30
834,1,731,30
63,2,731,30
515,2,731,30
828,2,731,30
12,3,731,30
234,3,731,30
57,4,731,30
133,5,731,30
162,5,731,30
312,5,731,30
856,5,731,30
643,6,731,30
940,7,731,30
337,8,731,30
701,8,731,30
943,8,731,30
394,9,731,30
4,10,731,30
241,11,731,30
293,11,731,30
340,11,731,30
739,11,731,30
264,12,731,30
846,12,731,30
135,13,731,30
535,14,731,30
99,15,731,30
436,15,731,30
890,15,731,30
607,16,731,30
363,17,731,30
857,17,731,30
469,19,731,30
843,21,731,30
199,26,731,30
84,28,731,30
3,0,732,30
56,0,732,30
62,0,732,30
86,0,732,30
160,0,732,30
246,0,732,30
344,0,732,30
471,0,732,30
472,0,732,30
819,0,732,30
194,1,732,30
470,1,732,30
499,1,732,30
503,1,732,30
514,1,732,30
816,1,732,30
856,1,732,30
889,1,732,30
198,2,732,30
212,2,732,30
240,2,732,30
11,3,732,30
98,3,732,30
132,3,732,30
336,3,732,30
362,3,732,30
233,4,732,30
161,5,732,30
311,5,732,30
828,5,732,30
845,5,732,30
83,6,732,30
134,6,732,30
292,7,732,30
306,7,732,30
468,7,732,30
939,7,732,30
30,8,732,30
256,8,732,30
495,8,732,30
606,8,732,30
393,9,732,30
827,9,732,30
942,10,732,30
339,11,732,30
430,11,732,30
263,12,732,30
642,12,732,30
435,13,732,30
738,13,732,30
534,14,732,30
660,15,732,30
842,17,732,30
515,18,732,30
833,20,732,30
855,20,732,30
700,23,732,30
10,0,733,30
85,0,733,30
343,0,733,30
471,0,733,30
498,0,733,30
502,0,733,30
815,0,733,30
826,0,733,30
854,0,733,30
245,1,733,30
305,1,733,30
514,1,733,30
832,1,733,30
844,1,733,30
855,1,733,30
941,1,733,30
29,2,733,30
159,2,733,30
193,2,733,30
255,2,733,30
262,2,733,30
291,2,733,30
392,2,733,30
605,2,733,30
641,2,733,30
938,2,733,30
55,3,733,30
97,3,733,30
131,3,733,30
211,3,733,30
361,3,733,30
434,3,733,30
470,3,733,30
513,3,733,30
818,4,733,30
160,5,733,30
338,5,733,30
659,5,733,30
133,6,733,30
310,6,733,30
467,6,733,30
469,6,733,30
239,8,733,30
335,8,733,30
61,9,733,30
533,9,733,30
197,13,733,30
888,13,733,30
737,14,733,30
2,16,733,30
429,16,733,30
699,16,733,30
827,16,733,30
494,17,733,30
841,20,733,30
82,24,733,30
232,26,733,30
84,0,734,30
196,0,734,30
937,0,734,30
60,1,734,30
244,1,734,30
470,1,734,30
501,1,734,30
658,1,734,30
814,1,734,30
817,1,734,30
853,1,734,30
261,2,734,30
468,2,734,30
497,2,734,30
854,2,734,30
9,3,734,30
132,3,734,30
342,3,734,30
391,3,734,30
513,3,734,30
1,4,734,30
192,4,734,30
210,4,734,30
231,5,734,30
360,5,734,30
428,5,734,30
831,5,734,30
840,5,734,30
130,6,734,30
290,6,734,30
96,7,734,30
334,7,734,30
940,7,734,30
81,8,734,30
158,8,734,30
159,8,734,30
337,8,734,30
469,8,734,30
843,8,734,30
512,9,734,30
493,10,734,30
238,12,734,30
433,12,734,30
466,12,734,30
309,13,734,30
825,13,734,30
736,14,734,30
826,14,734,30
698,16,734,30
640,18,734,30
604,20,734,30
28,23,734,30
254,23,734,30
532,24,734,30
304,25,734,30
887,25,734,30
54,28,734,30
80,0,735,30
289,0,735,30
336,0,735,30
496,0,735,30
697,0,735,30
936,0,735,30
0,1,735,30
195,1,735,30
209,1,735,30
432,1,735,30
465,1,735,30
500,1,735,30
657,1,735,30
813,1,735,30
816,1,735,30
830,1,735,30
59,2,735,30
467,2,735,30
53,3,735,30
131,3,735,30
427,3,735,30
511,3,735,30
639,3,735,30
468,4,735,30
839,4,735,30
191,5,735,30
95,6,735,30
230,6,735,30
158,7,735,30
237,7,735,30
333,7,735,30
512,7,735,30
939,7,735,30
260,8,735,30
303,8,735,30
83,10,735,30
157,10,735,30
243,10,735,30
492,10,735,30
852,10,735,30
853,10,735,30
359,11,735,30
129,12,735,30
253,13,735,30
825,13,735,30
886,13,735,30
308,14,735,30
531,14,735,30
390,15,735,30
603,15,735,30
8,17,735,30
842,17,735,30
341,19,735,30
735,19,735,30
824,19,735,30
236,0,736,30
530,0,736,30
812,0,736,30
815,0,736,30
824,0,736,30
829,0,736,30
851,0,736,30
935,0,736,30
26,1,736,30
52,1,736,30
58,1,736,30
157,1,736,30
194,1,736,30
208,1,736,30
499,1,736,30
510,1,736,30
602,1,736,30
252,2,736,30
259,2,736,30
332,2,736,30
464,2,736,30
468,2,736,30
656,2,736,30
885,2,736,30
242,3,736,30
495,3,736,30
511,3,736,30
696,3,736,30
79,4,736,30
307,4,736,30
838,4,736,30
94,5,736,30
190,5,736,30
938,5,736,30
229,6,736,30
340,6,736,30
389,6,736,30
841,6,736,30
156,8,736,30
335,8,736,30
128,10,736,30
852,10,736,30
638,11,736,30
288,13,736,30
426,14,736,30
358,15,736,30
431,15,736,30
823,15,736,30
734,16,736,30
130,17,736,30
82,20,736,30
466,21,736,30
491,23,736,30
302,24,736,30
7,25,736,30
129,0,737,30
155,0,737,30
189,0,737,30
193,0,737,30
251,0,737,30
498,0,737,30
509,0,737,30
822,0,737,30
840,0,737,30
25,1,737,30
51,1,737,30
156,1,737,30
465,1,737,30
811,1,737,30
814,1,737,30
851,1,737,30
937,1,737,30
57,2,737,30
81,2,737,30
258,2,737,30
467,2,737,30
601,2,737,30
637,2,737,30
78,3,737,30
93,3,737,30
241,3,737,30
510,3,737,30
934,3,737,30
127,4,737,30
334,4,737,30
850,4,737,30
884,4,737,30
235,5,737,30
655,5,737,30
828,5,737,30
331,6,737,30
207,7,737,30
306,7,737,30
529,8,737,30
430,9,737,30
463,9,737,30
695,9,737,30
733,9,737,30
823,10,737,30
837,10,737,30
339,11,737,30
228,12,737,30
466,12,737,30
301,13,737,30
388,13,737,30
490,13,737,30
425,14,737,30
6,17,737,30
494,17,737,30
287,18,737,30
357,22,737,30
5,0,738,30
24,0,738,30
56,0,738,30
188,0,738,30
493,0,738,30
509,0,738,30
154,1,738,30
257,1,738,30
305,1,738,30
462,1,738,30
636,1,738,30
732,1,738,30
813,1,738,30
849,1,738,30
92,2,738,30
128,2,738,30
227,2,738,30
240,2,738,30
464,2,738,30
489,2,738,30
600,2,738,30
883,2,738,30
80,3,738,30
234,3,738,30
839,3,738,30
206,4,738,30
356,4,738,30
810,4,738,30
822,4,738,30
250,5,738,30
338,5,738,30
850,5,738,30
933,5,738,30
126,6,738,30
465,6,738,30
528,7,738,30
694,7,738,30
821,7,738,30
333,8,738,30
300,9,738,30
827,9,738,30
936,9,738,30
286,10,738,30
497,10,738,30
50,11,738,30
192,11,738,30
429,12,738,30
508,12,738,30
155,13,738,30
424,14,738,30
654,16,738,30
387,18,738,30
466,18,738,30
330,21,738,30
836,21,738,30
77,23,738,30
23,0,739,30
249,0,739,30
507,0,739,30
812,0,739,30
127,1,739,30
153,1,739,30
465,1,739,30
488,1,739,30
496,1,739,30
635,1,739,30
731,1,739,30
882,1,739,30
76,2,739,30
233,2,739,30
332,2,739,30
386,2,739,30
599,2,739,30
55,3,739,30
226,3,739,30
256,3,739,30
299,3,739,30
423,3,739,30
653,3,739,30
838,3,739,30
4,4,739,30
79,4,739,30
239,4,739,30
355,4,739,30
125,5,739,30
205,5,739,30
508,5,739,30
428,7,739,30
527,7,739,30
848,7,739,30
337,8,739,30
820,8,739,30
463,9,739,30
835,9,739,30
285,10,739,30
464,10,739,30
849,10,739,30
187,11,739,30
49,12,739,30
932,12,739,30
492,14,739,30
154,15,739,30
91,17,739,30
191,19,739,30
809,19,739,30
821,19,739,30
304,20,739,30
329,20,739,30
461,27,739,30
693,28,739,30
826,28,739,30
935,28,739,30
3,0,740,30
152,0,740,30
186,0,740,30
204,0,740,30
336,0,740,30
730,0,740,30
808,0,740,30
820,0,740,30
303,1,740,30
462,1,740,30
487,1,740,30
819,1,740,30
834,1,740,30
232,2,740,30
248,2,740,30
255,2,740,30
328,2,740,30
464,2,740,30
495,2,740,30
598,2,740,30
881,2,740,30
934,2,740,30
78,3,740,30
284,3,740,30
526,3,740,30
692,3,740,30
811,3,740,30
931,3,740,30
90,4,740,30
238,4,740,30
298,4,740,30
422,4,740,30
427,4,740,30
331,6,740,30
507,6,740,30
124,7,740,30
491,7,740,30
847,7,740,30
54,8,740,30
225,8,740,30
463,8,740,30
153,9,740,30
75,10,740,30
460,10,740,30
837,10,740,30
385,11,740,30
634,11,740,30
22,12,740,30
354,12,740,30
848,13,740,30
126,15,740,30
48,19,740,30
825,19,740,30
506,22,740,30
190,26,740,30
652,28,740,30
189,0,741,30
353,0,741,30
819,0,741,30
824,0,741,30
880,0,741,30
930,0,741,30
21,1,741,30
125,1,741,30
185,1,741,30
297,1,741,30
302,1,741,30
421,1,741,30
462,1,741,30
486,1,741,30
490,1,741,30
729,1,741,30
203,2,741,30
224,2,741,30
231,2,741,30
330,2,741,30
459,2,741,30
494,2,741,30
53,3,741,30
89,3,741,30
810,3,741,30
77,4,741,30
151,4,741,30
237,4,741,30
327,4,741,30
461,4,741,30
818,4,741,30
47,6,741,30
247,6,741,30
506,6,741,30
597,6,741,30
651,6,741,30
691,6,741,30
384,7,741,30
335,8,741,30
463,8,741,30
833,8,741,30
152,9,741,30
74,10,741,30
807,10,741,30
505,12,741,30
633,12,741,30
846,12,741,30
847,12,741,30
2,14,741,30
426,14,741,30
525,14,741,30
283,16,741,30
123,18,741,30
933,18,741,30
254,23,741,30
836,26,741,30
52,0,742,30
88,0,742,30
188,0,742,30
230,0,742,30
236,0,742,30
326,0,742,30
334,0,742,30
460,0,742,30
458,1,742,30
462,1,742,30
76,2,742,30
184,2,742,30
202,2,742,30
383,2,742,30
493,2,742,30
505,2,742,30
650,2,742,30
817,2,742,30
46,3,742,30
151,3,742,30
223,3,742,30
489,3,742,30
524,3,742,30
879,3,742,30
20,4,742,30
296,4,742,30
504,4,742,30
929,4,742,30
420,5,742,30
246,6,742,30
596,6,742,30
124,7,742,30
301,7,742,30
485,7,742,30
728,7,742,30
282,8,742,30
461,8,742,30
632,8,742,30
1,9,742,30
835,9,742,30
122,10,742,30
823,10,742,30
690,12,742,30
846,12,742,30
253,13,742,30
845,13,742,30
425,14,742,30
818,14,742,30
352,15,742,30
806,15,742,30
832,17,742,30
932,19,742,30
329,20,742,30
150,21,742,30
73,24,742,30
809,24,742,30
51,0,743,30
150,0,743,30
459,0,743,30
460,0,743,30
595,0,743,30
0,1,743,30
72,1,743,30
187,1,743,30
488,1,743,30
504,1,743,30
817,1,743,30
235,2,743,30
252,2,743,30
325,2,743,30
382,2,743,30
503,2,743,30
928,2,743,30
931,3,743,30
281,4,743,30
351,4,743,30
484,4,743,30
822,4,743,30
834,4,743,30
419,5,743,30
845,5,743,30
45,6,743,30
183,6,743,30
149,7,743,30
229,7,743,30
333,7,743,30
461,8,743,30
523,8,743,30
808,8,743,30
19,9,743,30
631,9,743,30
878,9,743,30
492,10,743,30
844,10,743,30
300,12,743,30
245,13,743,30
457,13,743,30
424,14,743,30
201,15,743,30
295,15,743,30
689,16,743,30
816,17,743,30
831,17,743,30
328,19,743,30
727,19,743,30
805,19,743,30
649,21,743,30
87,23,743,30
121,23,743,30
123,23,743,30
75,24,743,30
18,0,744,30
50,0,744,30
149,0,744,30
182,0,744,30
221,0,744,30
456,0,744,30
459,0,744,30
833,0,744,30
71,1,744,30
251,1,744,30
458,1,744,30
487,1,744,30
503,1,744,30
648,1,744,30
807,1,744,30
816,1,744,30
830,1,744,30
332,2,744,30
381,2,744,30
502,2,744,30
522,2,744,30
86,3,744,30
244,3,744,30
280,3,744,30
423,3,744,30
148,4,744,30
350,4,744,30
594,4,744,30
688,4,744,30
44,5,744,30
228,5,744,30
234,5,744,30
418,5,744,30
74,6,744,30
122,6,744,30
460,7,744,30
491,7,744,30
815,7,744,30
821,7,744,30
930,7,744,30
483,8,744,30
327,9,744,30
877,9,744,30
843,10,744,30
844,10,744,30
294,11,744,30
200,12,744,30
299,12,744,30
120,14,744,30
726,17,744,30
186,19,744,30
324,19,744,30
804,19,744,30
630,20,744,30
17,0,745,30
43,0,745,30
326,0,745,30
380,0,745,30
422,0,745,30
455,0,745,30
482,0,745,30
647,0,745,30
815,0,745,30
820,0,745,30
832,0,745,30
181,1,745,30
220,1,745,30
486,1,745,30
502,1,745,30
814,1,745,30
829,1,745,30
227,2,745,30
459,2,745,30
843,2,745,30
85,3,745,30
250,3,745,30
349,3,745,30
687,3,745,30
233,4,745,30
593,4,745,30
929,4,745,30
73,5,745,30
417,5,745,30
185,6,745,30
279,6,745,30
490,7,745,30
725,7,745,30
876,7,745,30
70,8,745,30
148,8,745,30
119,9,745,30
458,9,745,30
803,9,745,30
49,10,745,30
243,10,745,30
457,10,745,30
293,11,745,30
298,11,745,30
331,11,745,30
501,11,745,30
121,12,745,30
323,12,745,30
629,15,745,30
806,15,745,30
199,16,745,30
521,16,745,30
842,23,745,30
219,0,746,30
379,0,746,30
481,0,746,30
819,0,746,30
831,0,746,30
42,1,746,30
322,1,746,30
421,1,746,30
458,1,746,30
501,1,746,30
646,1,746,30
813,1,746,30
48,2,746,30
146,2,746,30
180,2,746,30
198,2,746,30
456,2,746,30
628,2,746,30
724,2,746,30
805,2,746,30
814,2,746,30
842,2,746,30
84,3,746,30
226,3,746,30
232,3,746,30
242,3,746,30
348,3,746,30
485,3,746,30
875,3,746,30
249,5,746,30
330,5,746,30
454,5,746,30
592,5,746,30
686,5,746,30
72,6,746,30
120,6,746,30
457,6,746,30
278,7,746,30
297,7,746,30
489,7,746,30
928,7,746,30
69,8,746,30
118,9,746,30
325,9,746,30
925,9,746,30
802,10,746,30
500,11,746,30
416,12,746,30
16,14,746,30
184,15,746,30
520,16,746,30
292,17,746,30
828,18,746,30
147,19,746,30
841,24,746,30
117,0,747,30
225,0,747,30
456,0,747,30
645,0,747,30
145,1,747,30
378,1,747,30
500,1,747,30
685,1,747,30
874,1,747,30
41,2,747,30
47,2,747,30
119,2,747,30
146,2,747,30
321,2,747,30
420,2,747,30
455,2,747,30
591,2,747,30
723,2,747,30
840,2,747,30
241,3,747,30
347,3,747,30
627,3,747,30
179,4,747,30
218,4,747,30
296,4,747,30
415,4,747,30
488,4,747,30
812,4,747,30
813,4,747,30
818,4,747,30
924,4,747,30
453,5,747,30
830,5,747,30
183,6,747,30
231,6,747,30
519,6,747,30
71,7,747,30
68,8,747,30
827,9,747,30
83,10,747,30
457,10,747,30
499,11,747,30
927,11,747,30
277,12,747,30
480,12,747,30
197,13,747,30
484,14,747,30
841,14,747,30
801,17,747,30
291,18,747,30
324,19,747,30
804,19,747,30
15,24,747,30
329,26,747,30
182,0,748,30
230,0,748,30
323,0,748,30
455,0,748,30
456,0,748,30
498,0,748,30
812,0,748,30
826,0,748,30
840,0,748,30
923,0,748,30
118,1,748,30
144,1,748,30
145,1,748,30
452,1,748,30
499,1,748,30
518,1,748,30
873,1,748,30
40,2,748,30
70,2,748,30
116,2,748,30
224,2,748,30
240,2,748,30
295,2,748,30
320,2,748,30
722,2,748,30
800,2,748,30
811,2,748,30
817,2,748,30
14,3,748,30
414,3,748,30
803,3,748,30
839,3,748,30
46,4,748,30
276,4,748,30
82,5,748,30
217,5,748,30
328,5,748,30
419,5,748,30
290,6,748,30
590,6,748,30
626,6,748,30
247,7,748,30
377,7,748,30
454,7,748,30
479,7,748,30
196,8,748,30
483,8,748,30
926,11,748,30
346,12,748,30
829,15,748,30
178,16,748,30
644,17,748,30
684,17,748,30
67,20,748,30
487,24,748,30
117,0,749,30
376,0,749,30
455,0,749,30
498,0,749,30
589,0,749,30
643,0,749,30
13,1,749,30
144,1,749,30
181,1,749,30
294,1,749,30
322,1,749,30
517,1,749,30
811,1,749,30
66,2,749,30
81,2,749,30
216,2,749,30
289,2,749,30
497,2,749,30
683,2,749,30
721,2,749,30
828,2,749,30
319,3,749,30
802,3,749,30
810,3,749,30
838,3,749,30
839,3,749,30
143,4,749,30
275,4,749,30
482,4,749,30
922,4,749,30
177,5,749,30
418,5,749,30
925,5,749,30
45,6,749,30
229,6,749,30
115,7,749,30
223,7,749,30
454,7,749,30
872,7,749,30
69,8,749,30
345,8,749,30
453,8,749,30
478,8,749,30
327,9,749,30
799,9,749,30
816,9,749,30
39,13,749,30
825,13,749,30
486,14,749,30
451,15,749,30
246,16,749,30
413,18,749,30
625,24,749,30
80,0,750,30
215,0,750,30
318,0,750,30
450,0,750,30
496,0,750,30
588,0,750,30
801,0,750,30
142,1,750,30
293,1,750,30
344,1,750,30
452,1,750,30
516,1,750,30
921,1,750,30
176,2,750,30
624,2,750,30
12,3,750,30
114,3,750,30
228,3,750,30
326,3,750,30
682,3,750,30
810,3,750,30
838,3,750,30
38,4,750,30
44,4,750,30
143,4,750,30
375,4,750,30
412,4,750,30
477,4,750,30
871,4,750,30
417,5,750,30
454,5,750,30
288,6,750,30
481,6,750,30
720,7,750,30
65,8,750,30
68,8,750,30
180,8,750,30
194,8,750,30
274,8,750,30
798,8,750,30
222,9,750,30
453,9,750,30
485,9,750,30
497,9,750,30
642,14,750,30
245,16,750,30
827,16,750,30
238,17,750,30
837,17,750,30
815,18,750,30
809,24,750,30
824,27,750,30
321,28,750,30
193,0,751,30
496,0,751,30
826,0,751,30
923,0,751,30
67,1,751,30
142,1,751,30
214,1,751,30
452,1,751,30
800,1,751,30
814,1,751,30
920,1,751,30
449,2,751,30
587,2,751,30
641,2,751,30
797,2,751,30
11,3,751,30
37,3,751,30
221,3,751,30
320,3,751,30
719,3,751,30
870,3,751,30
64,4,751,30
141,4,751,30
175,4,751,30
343,4,751,30
374,4,751,30
476,4,751,30
681,4,751,30
808,4,751,30
113,5,751,30
317,5,751,30
453,5,751,30
480,5,751,30
325,6,751,30
515,6,751,30
623,6,751,30
237,7,751,30
292,7,751,30
79,8,751,30
115,8,751,30
495,8,751,30
227,10,751,30
837,10,751,30
836,11,751,30
43,13,751,30
484,14,751,30
823,14,751,30
244,15,751,30
451,17,751,30
287,20,751,30
179,21,751,30
809,24,751,30
416,26,751,30
411,29,751,30
10,0,752,30
112,0,752,30
140,0,752,30
316,0,752,30
450,0,752,30
586,0,752,30
680,0,752,30
822,0,752,30
42,1,752,30
66,1,752,30
286,1,752,30
373,1,752,30
448,1,752,30
622,1,752,30
640,1,752,30
718,1,752,30
807,1,752,30
813,1,752,30
291,2,752,30
495,2,752,30
825,2,752,30
78,3,752,30
220,3,752,30
226,3,752,30
319,3,752,30
410,3,752,30
835,3,752,30
36,4,752,30
141,4,752,30
174,4,752,30
192,4,752,30
415,4,752,30
475,4,752,30
808,4,752,30
479,5,752,30
836,7,752,30
272,8,752,30
452,8,752,30
514,8,752,30
178,9,752,30
483,9,752,30
796,9,752,30
799,9,752,30
243,10,752,30
919,11,752,30
922,11,752,30
63,12,752,30
114,12,752,30
213,14,752,30
451,17,752,30
324,19,752,30
494,21,752,30
342,24,752,30
62,0,753,30
139,0,753,30
140,0,753,30
191,0,753,30
450,0,753,30
482,0,753,30
679,0,753,30
921,0,753,30
111,1,753,30
315,1,753,30
447,1,753,30
795,1,753,30
824,1,753,30
834,1,753,30
41,2,753,30
173,2,753,30
449,2,753,30
494,2,753,30
9,3,753,30
242,3,753,30
271,3,753,30
372,3,753,30
639,3,753,30
807,3,753,30
835,3,753,30
219,4,753,30
177,5,753,30
235,5,753,30
290,5,753,30
318,5,753,30
474,5,753,30
478,5,753,30
798,5,753,30
113,6,753,30
212,6,753,30
414,6,753,30
621,6,753,30
513,7,753,30
821,7,753,30
918,7,753,30
65,8,753,30
341,8,753,30
493,8,753,30
812,8,753,30
35,10,753,30
323,10,753,30
585,10,753,30
451,11,753,30
717,11,753,30
225,14,753,30
806,17,753,30
409,21,753,30
868,22,753,30
77,23,753,30
112,0,754,30
138,0,754,30
139,0,754,30
284,0,754,30
289,0,754,30
446,0,754,30
481,0,754,30
638,0,754,30
820,0,754,30
917,0,754,30
450,1,754,30
797,1,754,30
867,1,754,30
920,1,754,30
40,2,754,30
224,2,754,30
371,2,754,30
493,2,754,30
805,2,754,30
811,2,754,30
211,3,754,30
241,3,754,30
314,3,754,30
834,3,754,30
218,4,754,30
270,4,754,30
473,4,754,30
794,4,754,30
172,5,754,30
190,5,754,30
234,5,754,30
317,5,754,30
477,5,754,30
492,5,754,30
716,5,754,30
64,6,754,30
76,6,754,30
8,7,754,30
512,7,754,30
678,7,754,30
823,8,754,30
61,9,754,30
110,9,754,30
408,9,754,30
322,10,754,30
584,11,754,30
620,11,754,30
176,12,754,30
413,14,754,30
448,14,754,30
449,15,754,30
806,15,754,30
833,20,754,30
340,21,754,30
34,22,754,30
7,0,755,30
138,0,755,30
370,0,755,30
445,0,755,30
819,0,755,30
822,0,755,30
833,0,755,30
866,0,755,30
60,1,755,30
111,1,755,30
448,1,755,30
677,1,755,30
63,2,755,30
109,2,755,30
171,2,755,30
321,2,755,30
407,2,755,30
637,2,755,30
805,2,755,30
810,3,755,30
233,4,755,30
240,4,755,30
313,4,755,30
316,4,755,30
189,5,755,30
217,5,755,30
412,5,755,30
491,5,755,30
492,5,755,30
619,5,755,30
715,5,755,30
796,5,755,30
39,6,755,30
33,7,755,30
210,7,755,30
583,7,755,30
449,8,755,30
476,8,755,30
137,9,755,30
223,9,755,30
339,9,755,30
793,9,755,30
832,9,755,30
75,10,755,30
472,10,755,30
288,11,755,30
804,11,755,30
919,11,755,30
283,12,755,30
480,12,755,30
511,13,755,30
175,16,755,30
916,18,755,30
447,22,755,30
269,25,755,30
62,0,756,30
108,0,756,30
446,0,756,30
475,0,756,30
832,0,756,30
315,1,756,30
369,1,756,30
406,1,756,30
447,1,756,30
618,1,756,30
676,1,756,30
59,2,756,30
216,2,756,30
287,2,756,30
320,2,756,30
636,2,756,30
232,3,756,30
803,3,756,30
831,3,756,30
137,4,756,30
239,4,756,30
818,4,756,30
918,4,756,30
312,5,756,30
491,5,756,30
582,5,756,30
714,5,756,30
174,7,756,30
448,7,756,30
479,7,756,30
490,7,756,30
338,8,756,30
411,8,756,30
170,9,756,30
222,9,756,30
444,9,756,30
795,9,756,30
74,10,756,30
471,10,756,30
792,11,756,30
804,11,756,30
915,11,756,30
32,12,756,30
110,12,756,30
282,12,756,30
38,14,756,30
209,17,756,30
268,17,756,30
865,17,756,30
510,18,756,30
6,24,756,30
188,27,756,30
821,29,756,30
31,0,757,30
410,0,757,30
445,0,757,30
509,0,757,30
713,0,757,30
808,0,757,30
820,0,757,30
831,0,757,30
109,1,757,30
187,1,757,30
281,1,757,30
830,1,757,30
864,1,757,30
173,2,757,30
215,2,757,30
314,2,757,30
635,2,757,30
37,3,757,30
169,3,757,30
474,3,757,30
489,3,757,30
802,3,757,30
803,3,757,30
107,4,757,30
221,4,757,30
238,4,757,30
617,4,757,30
794,4,757,30
73,5,757,30
135,5,757,30
231,5,757,30
267,5,757,30
311,5,757,30
581,5,757,30
58,6,757,30
61,6,757,30
917,6,757,30
490,7,757,30
337,8,757,30
405,8,757,30
478,8,757,30
286,10,757,30
446,10,757,30
791,11,757,30
368,13,757,30
470,13,757,30
5,14,757,30
136,14,757,30
443,15,757,30
817,16,757,30
208,17,757,30
319,19,757,30
675,19,757,30
914,26,757,30
168,0,758,30
172,0,758,30
336,0,758,30
367,0,758,30
446,0,758,30
473,0,758,30
801,0,758,30
819,0,758,30
829,0,758,30
60,1,758,30
108,1,758,30
807,1,758,30
830,1,758,30
489,2,758,30
793,2,758,30
280,3,758,30
712,3,758,30
802,3,758,30
913,3,758,30
106,4,758,30
134,4,758,30
220,4,758,30
237,4,758,30
313,4,758,30
488,4,758,30
790,4,758,30
4,5,758,30
30,5,758,30
404,5,758,30
409,5,758,30
863,5,758,30
230,6,758,30
310,6,758,30
469,6,758,30
580,6,758,30
816,6,758,30
207,7,758,30
186,8,758,30
318,8,758,30
674,9,758,30
285,10,758,30
445,10,758,30
266,11,758,30
616,11,758,30
57,12,758,30
508,12,758,30
135,13,758,30
214,16,758,30
36,18,758,30
916,18,758,30
442,19,758,30
477,20,758,30
72,21,758,30
634,24,758,30
444,26,758,30
219,0,759,30
236,0,759,30
284,0,759,30
445,0,759,30
472,0,759,30
801,0,759,30
815,0,759,30
829,0,759,30
3,1,759,30
105,1,759,30
403,1,759,30
615,1,759,30
800,1,759,30
915,1,759,30
29,2,759,30
59,2,759,30
167,2,759,30
171,2,759,30
206,2,759,30
789,2,759,30
792,2,759,30
408,3,759,30
107,4,759,30
366,4,759,30
444,4,759,30
818,4,759,30
862,4,759,30
133,5,759,30
279,5,759,30
134,6,759,30
229,6,759,30
488,6,759,30
507,6,759,30
579,6,759,30
673,6,759,30
265,7,759,30
309,7,759,30
468,7,759,30
476,7,759,30
35,8,759,30
56,8,759,30
335,8,759,30
912,10,759,30
185,11,759,30
317,11,759,30
633,12,759,30
441,14,759,30
312,15,759,30
213,17,759,30
806,17,759,30
828,18,759,30
71,19,759,30
487,20,759,30
443,26,759,30
711,29,759,30
334,0,760,30
440,0,760,30
471,0,760,30
672,0,760,30
911,0,760,30
58,1,760,30
402,1,760,30
444,1,760,30
614,1,760,30
710,1,760,30
817,1,760,30
70,2,760,30
104,2,760,30
133,2,760,30
184,2,760,30
578,2,760,30
800,2,760,30
814,2,760,30
828,2,760,30
132,3,760,30
228,3,760,30
106,4,760,30
170,4,760,30
218,4,760,30
443,4,760,30
805,4,760,30
205,5,760,30
475,5,760,30
212,6,760,30
365,6,760,30
467,6,760,30
506,6,760,30
442,7,760,30
486,7,760,30
34,8,760,30
311,8,760,30
316,8,760,30
632,8,760,30
788,8,760,30
791,9,760,30
827,9,760,30
55,10,760,30
278,10,760,30
28,12,760,30
264,12,760,30
283,12,760,30
2,14,760,30
235,15,760,30
308,18,760,30
407,20,760,30
487,20,760,30
799,20,760,30
914,24,760,30
166,25,760,30
861,25,760,30
105,0,761,30
132,0,761,30
406,0,761,30
439,0,761,30
709,0,761,30
913,0,761,30
307,1,761,30
315,1,761,30
441,1,761,30
816,1,761,30
826,1,761,30
443,2,761,30
505,2,761,30
613,2,761,30
131,3,761,30
169,3,761,30
234,3,761,30
401,3,761,30
474,3,761,30
860,3,761,30
1,4,761,30
103,5,761,30
204,5,761,30
217,5,761,30
798,5,761,30
183,6,761,30
277,6,761,30
165,7,761,30
364,7,761,30
485,7,761,30
486,7,761,30
787,7,761,30
54,8,761,30
69,8,761,30
333,8,761,30
310,9,761,30
631,9,761,30
799,9,761,30
813,9,761,30
827,9,761,30
577,10,761,30
671,11,761,30
227,12,761,30
263,12,761,30
282,12,761,30
57,13,761,30
470,14,761,30
790,15,761,30
910,16,761,30
211,17,761,30
804,19,761,30
33,20,761,30
27,21,761,30
442,22,761,30
466,22,761,30
56,0,762,30
168,0,762,30
182,0,762,30
262,0,762,30
276,0,762,30
473,0,762,30
798,0,762,30
203,1,762,30
440,1,762,30
504,1,762,30
786,1,762,30
797,1,762,30
826,1,762,30
104,2,762,30
314,2,762,30
332,2,762,30
670,2,762,30
825,2,762,30
909,2,762,30
438,3,762,30
803,3,762,30
210,4,762,30
281,4,762,30
484,4,762,30
102,5,762,30
226,5,762,30
130,6,762,30
164,6,762,30
441,6,762,30
469,6,762,30
812,6,762,30
306,7,762,30
485,7,762,30
815,7,762,30
53,8,762,30
68,8,762,30
216,8,762,30
400,8,762,30
859,8,762,30
708,10,762,30
309,11,762,30
0,12,762,30
32,12,762,30
612,12,762,30
26,13,762,30
131,15,762,30
465,15,762,30
789,15,762,30
233,19,762,30
442,19,762,30
405,20,762,30
630,20,762,30
363,26,762,30
52,0,763,30
101,0,763,30
129,0,763,30
472,0,763,30
911,0,763,30
305,1,763,30
439,1,763,30
503,1,763,30
707,1,763,30
785,1,763,30
811,1,763,30
824,1,763,30
908,1,763,30
167,2,763,30
261,2,763,30
464,2,763,30
825,2,763,30
163,3,763,30
280,3,763,30
362,3,763,30
399,3,763,30
437,3,763,30
802,3,763,30
25,4,763,30
215,4,763,30
275,4,763,30
313,4,763,30
611,4,763,30
629,4,763,30
31,5,763,30
55,5,763,30
103,5,763,30
788,5,763,30
796,5,763,30
797,5,763,30
331,6,763,30
440,6,763,30
814,6,763,30
483,7,763,30
181,8,763,30
225,8,763,30
669,8,763,30
202,9,763,30
404,9,763,30
209,14,763,30
308,14,763,30
441,14,763,30
468,15,763,30
67,16,763,30
130,16,763,30
484,19,763,30
858,21,763,30
575,26,763,30
51,0,764,30
307,0,764,30
398,0,764,30
471,0,764,30
482,0,764,30
706,0,764,30
784,0,764,30
279,1,764,30
403,1,764,30
502,1,764,30
907,1,764,30
66,2,764,30
129,2,764,30
180,2,764,30
330,2,764,30
857,2,764,30
100,3,764,30
274,3,764,30
361,3,764,30
824,3,764,30
166,4,764,30
260,4,764,30
436,4,764,30
801,4,764,30
30,5,764,30
102,5,764,30
162,5,764,30
231,5,764,30
796,5,764,30
810,5,764,30
813,5,764,30
910,5,764,30
214,6,764,30
438,6,764,30
467,6,764,30
483,7,764,30
574,7,764,30
668,7,764,30
224,8,764,30
463,8,764,30
823,8,764,30
304,9,764,30
312,9,764,30
795,9,764,30
24,10,764,30
128,10,764,30
787,10,764,30
610,12,764,30
628,12,764,30
439,14,764,30
54,15,764,30
201,17,764,30
208,17,764,30
440,21,764,30
29,0,765,30
50,0,765,30
101,0,765,30
213,0,765,30
230,0,765,30
306,0,765,30
481,0,765,30
812,0,765,30
273,1,765,30
303,1,765,30
402,1,765,30
470,1,765,30
501,1,765,30
573,1,765,30
705,1,765,30
800,1,765,30
856,1,765,30
906,1,765,30
128,2,765,30
397,2,765,30
609,2,765,30
786,2,765,30
999,2,765,30
53,3,765,30
161,3,765,30
438,3,765,30
627,3,765,30
127,4,765,30
794,4,765,30
259,5,765,30
23,6,765,30
667,6,765,30
165,7,765,30
207,7,765,30
360,7,765,30
99,9,765,30
795,9,765,30
822,9,765,30
278,10,765,30
823,10,765,30
437,11,765,30
466,12,765,30
439,14,765,30
311,15,765,30
223,16,765,30
435,16,765,30
462,16,765,30
783,16,765,30
909,17,765,30
200,18,765,30
809,19,765,30
179,24,765,30
465,0,766,30
808,0,766,30
822,0,766,30
998,0,766,30
52,1,766,30
100,1,766,30
302,1,766,30
500,1,766,30
811,1,766,30
855,1,766,30
908,1,766,30
212,2,766,30
396,2,766,30
666,2,766,30
782,2,766,30
793,2,766,30
98,3,766,30
437,3,766,30
572,3,766,30
127,4,766,30
328,4,766,30
794,4,766,30
160,5,766,30
164,5,766,30
258,5,766,30
480,5,766,30
785,5,766,30
64,6,766,30
126,6,766,30
272,6,766,30
277,6,766,30
359,6,766,30
469,6,766,30
626,6,766,30
206,7,766,30
608,7,766,30
821,7,766,30
905,7,766,30
401,8,766,30
434,8,766,30
436,8,766,30
305,9,766,30
438,9,766,30
799,9,766,30
22,10,766,30
704,10,766,30
222,11,766,30
229,11,766,30
49,12,766,30
481,12,766,30
310,13,766,30
178,16,766,30
28,17,766,30
461,20,766,30
97,0,767,30
221,0,767,30
309,0,767,30
395,0,767,30
460,0,767,30
625,0,767,30
820,0,767,30
904,0,767,30
997,0,767,30
21,1,767,30
51,1,767,30
99,1,767,30
159,1,767,30
499,1,767,30
807,1,767,30
907,1,767,30
27,2,767,30
63,2,767,30
792,2,767,30
854,2,767,30
48,3,767,30
257,3,767,30
271,3,767,30
810,3,767,30
327,4,767,30
400,4,767,30
125,5,767,30
177,5,767,30
205,5,767,30
479,5,767,30
607,5,767,30
798,5,767,30
126,6,767,30
198,6,767,30
437,7,767,30
468,7,767,30
821,7,767,30
163,8,767,30
436,8,767,30
793,8,767,30
304,9,767,30
435,9,767,30
784,9,767,30
665,11,767,30
228,12,767,30
480,12,767,30
358,13,767,30
464,13,767,30
301,14,767,30
433,16,767,30
571,18,767,30
276,19,767,30
204,0,768,30
459,0,768,30
498,0,768,30
819,0,768,30
903,0,768,30
125,1,768,30
303,1,768,30
326,1,768,30
432,1,768,30
906,1,768,30
227,2,768,30
570,2,768,30
797,2,768,30
220,3,768,30
256,3,768,30
624,3,768,30
50,4,768,30
176,4,768,30
210,4,768,30
270,4,768,30
98,5,768,30
478,5,768,30
702,5,768,30
20,6,768,30
47,6,768,30
467,6,768,30
158,7,768,30
162,7,768,30
479,7,768,30
792,7,768,30
394,8,768,30
434,8,768,30
436,8,768,30
820,8,768,30
275,9,768,30
300,9,768,30
357,9,768,30
435,9,768,30
791,9,768,30
853,9,768,30
62,10,768,30
664,11,768,30
996,11,768,30
399,12,768,30
606,12,768,30
463,13,768,30
783,14,768,30
780,15,768,30
26,18,768,30
308,18,768,30
809,19,768,30
197,22,768,30
806,22,768,30
124,27,768,30
196,0,769,30
209,0,769,30
219,0,769,30
307,0,769,30
433,0,769,30
605,0,769,30
902,0,769,30
203,1,769,30
302,1,769,30
462,1,769,30
701,1,769,30
497,2,769,30
782,2,769,30
46,3,769,30
255,3,769,30
274,3,769,30
819,3,769,30
995,3,769,30
175,4,769,30
790,4,769,30
818,4,769,30
269,5,769,30
356,5,769,30
477,5,769,30
796,5,769,30
61,6,769,30
95,6,769,30
226,6,769,30
434,6,769,30
663,6,769,30
808,7,769,30
161,8,769,30
431,8,769,30
19,9,769,30
325,9,769,30
398,9,769,30
623,9,769,30
791,9,769,30
393,10,769,30
478,10,769,30
852,10,769,30
25,11,769,30
157,11,769,30
299,12,769,30
466,12,769,30
435,13,769,30
905,13,769,30
124,15,769,30
779,15,769,30
458,18,769,30
569,19,769,30
97,21,769,30
49,25,769,30
123,25,769,30
225,0,770,30
298,0,770,30
301,0,770,30
306,0,770,30
433,0,770,30
781,0,770,30
851,0,770,30
60,1,770,30
195,1,770,30
254,1,770,30
273,1,770,30
496,1,770,30
604,1,770,30
622,1,770,30
795,1,770,30
807,1,770,30
45,2,770,30
48,2,770,30
94,2,770,30
122,2,770,30
397,2,770,30
434,2,770,30
817,2,770,30
904,2,770,30
476,3,770,30
174,4,770,30
202,4,770,30
461,4,770,30
477,4,770,30
818,4,770,30
355,5,770,30
268,6,770,30
457,6,770,30
465,6,770,30
789,6,770,30
430,7,770,30
18,9,770,30
160,9,770,30
392,10,770,30
96,11,770,30
662,12,770,30
901,13,770,30
156,14,770,30
24,15,770,30
778,16,770,30
208,17,770,30
790,17,770,30
324,19,770,30
568,19,770,30
700,20,770,30
804,21,770,30
123,23,770,30
432,24,770,30
994,25,770,30
300,0,771,30
391,0,771,30
431,0,771,30
433,0,771,30
567,0,771,30
780,0,771,30
194,1,771,30
253,1,771,30
305,1,771,30
661,1,771,30
817,1,771,30
47,2,771,30
59,2,771,30
122,2,771,30
155,2,771,30
224,2,771,30
297,2,771,30
396,2,771,30
464,2,771,30
495,2,771,30
789,2,771,30
267,3,771,30
323,3,771,30
699,3,771,30
173,4,771,30
460,4,771,30
476,4,771,30
777,4,771,30
850,4,771,30
903,4,771,30
44,5,771,30
788,5,771,30
803,5,771,30
900,5,771,30
95,6,771,30
217,6,771,30
272,6,771,30
207,7,771,30
159,8,771,30
456,8,771,30
794,8,771,30
17,9,771,30
816,9,771,30
121,12,771,30
354,12,771,30
429,12,771,30
23,13,771,30
432,13,771,30
201,15,771,30
603,15,771,30
806,15,771,30
993,15,771,30
621,18,771,30
93,23,771,30
475,27,771,30
43,0,772,30
94,0,772,30
193,0,772,30
395,0,772,30
431,0,772,30
58,1,772,30
216,1,772,30
602,1,772,30
620,1,772,30
816,1,772,30
849,1,772,30
899,1,772,30
92,2,772,30
428,2,772,30
459,2,772,30
494,2,772,30
660,2,772,30
805,2,772,30
902,2,772,30
46,3,772,30
271,3,772,30
299,3,772,30
776,3,772,30
16,4,772,30
206,4,772,30
475,4,772,30
788,5,772,30
992,5,772,30
474,6,772,30
779,6,772,30
154,7,772,30
158,7,772,30
223,7,772,30
455,7,772,30
463,8,772,30
793,8,772,30
172,9,772,30
304,9,772,30
322,9,772,30
430,9,772,30
802,10,772,30
266,11,772,30
121,12,772,30
815,12,772,30
353,13,772,30
432,13,772,30
390,15,772,30
120,16,772,30
698,16,772,30
566,17,772,30
787,18,772,30
22,19,772,30
252,24,772,30
91,0,773,30
215,0,773,30
298,0,773,30
697,0,773,30
775,0,773,30
815,0,773,30
21,1,773,30
157,1,773,30
303,1,773,30
786,1,773,30
814,1,773,30
901,1,773,30
45,2,773,30
295,2,773,30
321,2,773,30
493,2,773,30
251,3,773,30
394,3,773,30
474,3,773,30
42,4,773,30
270,4,773,30
473,4,773,30
565,4,773,30
454,5,773,30
619,5,773,30
659,5,773,30
93,6,773,30
430,7,773,30
462,7,773,30
787,7,773,30
792,7,773,30
120,8,773,30
153,9,773,30
171,9,773,30
222,9,773,30
389,9,773,30
458,9,773,30
848,9,773,30
352,10,773,30
778,10,773,30
192,11,773,30
265,11,773,30
427,11,773,30
804,11,773,30
57,12,773,30
119,12,773,30
429,12,773,30
431,12,773,30
601,12,773,30
991,15,773,30
199,16,773,30
898,16,773,30
15,23,773,30
205,27,773,30
90,0,774,30
204,0,774,30
221,0,774,30
118,1,774,30
156,1,774,30
214,1,774,30
297,1,774,30
302,1,774,30
618,1,774,30
658,1,774,30
785,1,774,30
786,1,774,30
800,1,774,30
813,1,774,30
41,2,774,30
92,2,774,30
119,2,774,30
294,2,774,30
320,2,774,30
472,2,774,30
814,2,774,30
250,3,774,30
393,3,774,30
696,3,774,30
990,3,774,30
44,4,774,30
351,4,774,30
473,4,774,30
492,4,774,30
20,5,774,30
191,5,774,30
453,5,774,30
777,5,774,30
803,5,774,30
900,5,774,30
457,6,774,30
152,7,774,30
170,7,774,30
198,7,774,30
428,7,774,30
430,7,774,30
269,9,774,30
791,9,774,30
847,9,774,30
897,9,774,30
56,12,774,30
264,12,774,30
429,12,774,30
14,13,774,30
564,13,774,30
600,13,774,30
774,13,774,30
388,14,774,30
461,17,774,30
426,23,774,30
40,0,775,30
91,0,775,30
301,0,775,30
456,0,775,30
989,0,775,30
117,1,775,30
392,1,775,30
472,1,775,30
657,1,775,30
773,1,775,30
785,1,775,30
55,3,775,30
89,3,775,30
151,3,775,30
169,3,775,30
220,3,775,30
427,3,775,30
471,3,775,30
776,3,775,30
296,4,775,30
350,4,775,30
599,4,775,30
617,4,775,30
190,5,775,30
460,6,775,30
899,6,775,30
428,7,775,30
812,7,775,30
13,8,775,30
155,8,775,30
203,8,775,30
813,8,775,30
896,8,775,30
118,9,775,30
268,9,775,30
319,9,775,30
695,9,775,30
784,9,775,30
563,10,775,30
491,11,775,30
263,12,775,30
387,12,775,30
802,12,775,30
197,14,775,30
213,14,775,30
790,14,775,30
43,15,775,30
425,16,775,30
846,17,775,30
19,18,775,30
249,18,775,30
293,20,775,30
429,22,775,30
799,22,775,30
452,23,775,30
90,0,776,30
117,0,776,30
168,0,776,30
189,0,776,30
219,0,776,30
300,0,776,30
318,0,776,30
455,0,776,30
694,0,776,30
784,0,776,30
801,0,776,30
42,1,776,30
154,1,776,30
391,1,776,30
470,1,776,30
772,1,776,30
988,1,776,30
212,2,776,30
386,2,776,30
150,3,776,30
427,3,776,30
775,3,776,30
349,4,776,30
598,4,776,30
656,4,776,30
18,5,776,30
267,5,776,30
295,5,776,30
798,5,776,30
845,5,776,30
39,6,776,30
783,6,776,30
812,6,776,30
898,6,776,30
292,7,776,30
428,7,776,30
54,8,776,30
424,8,776,30
895,8,776,30
88,9,776,30
451,11,776,30
616,11,776,30
196,12,776,30
811,12,776,30
562,13,776,30
789,15,776,30
12,17,776,30
426,19,776,30
471,19,776,30
116,20,776,30
202,24,776,30
490,24,776,30
248,28,776,30
262,29,776,30
188,0,777,30
450,0,777,30
693,0,777,30
894,0,777,30
87,1,777,30
153,1,777,30
195,1,777,30
218,1,777,30
294,1,777,30
458,1,777,30
561,1,777,30
655,1,777,30
771,1,777,30
800,1,777,30
811,1,777,30
38,2,777,30
41,2,777,30
116,2,777,30
167,2,777,30
489,2,777,30
797,2,777,30
53,3,777,30
89,3,777,30
211,3,777,30
299,3,777,30
423,3,777,30
788,5,777,30
115,6,777,30
247,6,777,30
454,6,777,30
469,6,777,30
782,6,777,30
783,6,777,30
897,6,777,30
149,7,777,30
844,7,777,30
11,8,777,30
348,8,777,30
810,8,777,30
987,8,777,30
427,10,777,30
317,11,777,30
597,11,777,30
261,13,777,30
470,13,777,30
385,14,777,30
266,15,777,30
390,15,777,30
426,15,777,30
774,16,777,30
291,18,777,30
425,20,777,30
17,22,777,30
615,22,777,30
201,28,777,30
37,0,778,30
52,0,778,30
86,0,778,30
88,0,778,30
422,0,778,30
194,1,778,30
293,1,778,30
40,2,778,30
449,2,778,30
468,2,778,30
692,3,778,30
770,3,778,30
10,4,778,30
148,4,778,30
187,4,778,30
298,4,778,30
316,4,778,30
16,5,778,30
217,5,778,30
265,5,778,30
290,5,778,30
596,5,778,30
796,5,778,30
115,6,778,30
246,6,778,30
457,6,778,30
488,6,778,30
781,6,778,30
782,6,778,30
114,7,778,30
210,7,778,30
384,7,778,30
389,7,778,30
166,8,778,30
453,8,778,30
843,8,778,30
896,8,778,30
614,9,778,30
773,9,778,30
810,9,778,30
469,10,778,30
787,10,778,30
152,11,778,30
260,12,778,30
560,12,778,30
986,12,778,30
426,14,778,30
347,15,778,30
893,17,778,30
424,18,778,30
809,19,778,30
799,20,778,30
425,24,778,30
51,0,779,30
85,0,779,30
186,0,779,30
209,0,779,30
346,0,779,30
781,0,779,30
808,0,779,30
892,0,779,30
245,1,779,30
289,1,779,30
297,1,779,30
691,1,779,30
769,1,779,30
780,1,779,30
795,1,779,30
193,2,779,30
383,2,779,30
456,2,779,30
467,2,779,30
468,2,779,30
613,2,779,30
786,2,779,30
9,3,779,30
199,3,779,30
423,3,779,30
487,3,779,30
653,3,779,30
113,5,779,30
259,5,779,30
36,6,779,30
15,7,779,30
165,7,779,30
292,7,779,30
424,8,779,30
452,8,779,30
595,8,779,30
798,8,779,30
895,8,779,30
87,12,779,30
114,12,779,30
264,12,779,30
39,13,779,30
216,13,779,30
315,13,779,30
772,13,779,30
388,14,779,30
425,14,779,30
448,14,779,30
151,16,779,30
985,16,779,30
559,17,779,30
147,19,779,30
421,23,779,30
50,0,780,30
84,0,780,30
86,0,780,30
164,0,780,30
345,0,780,30
780,0,780,30
808,0,780,30
185,1,780,30
244,1,780,30
558,1,780,30
690,1,780,30
797,1,780,30
984,1,780,30
112,2,780,30
198,2,780,30
291,2,780,30
314,2,780,30
382,2,780,30
455,2,780,30
467,2,780,30
894,2,780,30
420,3,780,30
768,3,780,30
771,3,780,30
785,3,780,30
215,4,780,30
296,4,780,30
422,4,780,30
794,4,780,30
113,5,780,30
258,5,780,30
146,6,780,30
423,6,780,30
779,6,780,30
807,6,780,30
8,7,780,30
486,7,780,30
35,8,780,30
424,8,780,30
14,9,780,30
288,9,780,30
451,11,780,30
594,11,780,30
263,12,780,30
466,12,780,30
150,16,780,30
192,19,780,30
208,19,780,30
387,20,780,30
841,20,780,30
447,24,780,30
891,24,780,30
652,25,780,30
38,27,780,30
37,0,781,30
85,0,781,30
191,0,781,30
344,0,781,30
422,0,781,30
890,0,781,30
13,1,781,30
111,1,781,30
214,1,781,30
421,1,781,30
450,1,781,30
767,1,781,30
807,1,781,30
983,1,781,30
184,2,781,30
262,2,781,30
295,2,781,30
381,2,781,30
386,2,781,30
423,2,781,30
793,2,781,30
485,3,781,30
770,3,781,30
784,3,781,30
7,4,781,30
112,4,781,30
287,5,781,30
454,5,781,30
83,6,781,30
257,6,781,30
290,6,781,30
465,6,781,30
593,6,781,30
651,6,781,30
149,7,781,30
313,7,781,30
840,7,781,30
34,8,781,30
163,8,781,30
419,8,781,30
689,8,781,30
796,9,781,30
207,10,781,30
557,10,781,30
145,11,781,30
49,12,781,30
197,13,781,30
446,13,781,30
611,13,781,30
806,15,781,30
779,17,781,30
466,18,781,30
243,20,781,30
893,22,781,30
778,25,781,30
84,0,782,30
343,0,782,30
592,0,782,30
889,0,782,30
892,0,782,30
111,1,782,30
289,1,782,30
294,1,782,30
610,1,782,30
769,1,782,30
48,2,782,30
261,2,782,30
420,2,782,30
445,2,782,30
449,2,782,30
464,2,782,30
792,2,782,30
982,2,782,30
12,3,782,30
242,3,782,30
766,3,782,30
839,3,782,30
148,4,782,30
206,4,782,30
688,4,782,30
805,4,782,30
82,5,782,30
190,5,782,30
213,5,782,30
312,5,782,30
380,5,782,30
385,5,782,30
453,5,782,30
421,6,782,30
33,7,782,30
144,7,782,30
196,7,782,30
422,7,782,30
556,7,782,30
256,8,782,30
110,9,782,30
795,9,782,30
286,11,782,30
36,12,782,30
650,12,782,30
484,14,782,30
183,15,782,30
418,15,782,30
465,15,782,30
783,16,782,30
777,17,782,30
806,17,782,30
162,19,782,30
778,25,782,30
6,27,782,30
5,0,783,30
161,0,783,30
182,0,783,30
189,0,783,30
417,0,783,30
888,0,783,30
11,1,783,30
109,1,783,30
195,1,783,30
293,1,783,30
421,1,783,30
452,1,783,30
555,1,783,30
609,1,783,30
47,2,783,30
81,2,783,30
444,2,783,30
591,2,783,30
768,2,783,30
782,2,783,30
805,2,783,30
241,3,783,30
420,3,783,30
765,3,783,30
776,3,783,30
838,3,783,30
143,4,783,30
260,4,783,30
777,4,783,30
212,5,783,30
311,5,783,30
419,5,783,30
255,6,783,30
379,7,783,30
448,7,783,30
483,7,783,30
981,7,783,30
687,8,783,30
32,9,783,30
464,10,783,30
35,11,783,30
384,12,783,30
288,13,783,30
804,13,783,30
791,15,783,30
794,15,783,30
463,20,783,30
649,20,783,30
110,23,783,30
342,24,783,30
891,24,783,30
205,27,783,30
147,28,783,30
31,0,784,30
160,0,784,30
188,0,784,30
254,0,784,30
284,0,784,30
341,0,784,30
383,0,784,30
482,0,784,30
781,0,784,30
887,0,784,30
108,1,784,30
181,1,784,30
194,1,784,30
648,1,784,30
767,1,784,30
109,2,784,30
287,2,784,30
420,2,784,30
443,2,784,30
793,2,784,30
80,3,784,30
775,3,784,30
803,3,784,30
10,4,784,30
142,4,784,30
204,4,784,30
240,4,784,30
4,5,784,30
46,5,784,30
82,5,784,30
259,5,784,30
418,5,784,30
837,5,784,30
980,5,784,30
378,6,784,30
890,6,784,30
416,7,784,30
608,7,784,30
146,8,784,30
419,8,784,30
776,8,784,30
554,9,784,30
451,11,784,30
310,12,784,30
686,12,784,30
463,14,784,30
790,15,784,30
34,17,784,30
590,17,784,30
292,18,784,30
764,18,784,30
211,20,784,30
462,22,784,30
447,24,784,30
419,0,785,30
446,0,785,30
481,0,785,30
775,0,785,30
780,0,785,30
886,0,785,30
3,1,785,30
145,1,785,30
187,1,785,30
203,1,785,30
253,1,785,30
286,1,785,30
553,1,785,30
647,1,785,30
685,1,785,30
763,1,785,30
979,1,785,30
45,2,785,30
81,2,785,30
180,2,785,30
193,2,785,30
291,2,785,30
377,2,785,30
789,2,785,30
792,2,785,30
450,3,785,30
766,3,785,30
802,3,785,30
889,3,785,30
141,4,785,30
239,4,785,30
461,4,785,30
30,5,785,30
258,5,785,30
417,5,785,30
607,5,785,30
803,5,785,30
107,6,785,30
340,6,785,30
108,7,785,30
210,7,785,30
836,7,785,30
159,8,785,30
589,8,785,30
79,9,785,30
382,10,785,30
415,10,785,30
33,13,785,30
774,13,785,30
9,14,785,30
283,16,785,30
462,19,785,30
309,21,785,30
442,21,785,30
418,22,785,30
140,0,786,30
186,0,786,30
376,0,786,30
417,0,786,30
445,0,786,30
684,0,786,30
765,0,786,30
801,0,786,30
144,1,786,30
209,1,786,30
588,1,786,30
646,1,786,30
78,2,786,30
252,2,786,30
416,2,786,30
449,2,786,30
44,4,786,30
107,4,786,30
192,4,786,30
202,4,786,30
238,4,786,30
460,4,786,30
773,4,786,30
106,5,786,30
290,5,786,30
480,5,786,30
257,6,786,30
285,7,786,30
885,7,786,30
158,8,786,30
461,8,786,30
606,8,786,30
762,8,786,30
32,9,786,30
80,9,786,30
835,9,786,30
888,9,786,30
414,10,786,30
788,10,786,30
802,10,786,30
978,10,786,30
339,11,786,30
8,12,786,30
381,13,786,30
552,14,786,30
791,14,786,30
29,16,786,30
774,16,786,30
2,17,786,30
308,19,786,30
282,20,786,30
179,21,786,30
418,21,786,30
441,24,786,30
779,24,786,30
43,0,787,30
139,0,787,30
307,0,787,30
440,0,787,30
460,0,787,30
645,0,787,30
683,0,787,30
764,0,787,30
157,1,787,30
208,1,787,30
251,1,787,30
281,1,787,30
444,1,787,30
800,1,787,30
834,1,787,30
375,2,787,30
415,2,787,30
761,2,787,30
105,3,787,30
551,3,787,30
977,3,787,30
1,4,787,30
77,4,787,30
106,4,787,30
237,4,787,30
605,4,787,30
773,4,787,30
790,4,787,30
884,4,787,30
191,5,787,30
338,5,787,30
459,5,787,30
479,5,787,30
772,5,787,30
31,6,787,30
448,7,787,30
787,7,787,30
143,8,787,30
79,9,787,30
587,9,787,30
185,11,787,30
256,11,787,30
417,11,787,30
28,12,787,30
416,12,787,30
201,13,787,30
289,15,787,30
178,16,787,30
778,16,787,30
413,18,787,30
801,20,787,30
284,21,787,30
887,22,787,30
380,23,787,30
7,24,787,30
138,0,788,30
306,0,788,30
439,0,788,30
459,0,788,30
763,0,788,30
42,1,788,30
156,1,788,30
236,1,788,30
886,1,788,30
27,2,788,30
76,2,788,30
78,2,788,30
280,2,788,30
416,2,788,30
443,2,788,30
550,2,788,30
789,2,788,30
104,3,788,30
250,3,788,30
414,3,788,30
682,3,788,30
760,3,788,30
412,4,788,30
415,4,788,30
786,4,788,30
0,5,788,30
177,5,788,30
190,5,788,30
478,5,788,30
883,5,788,30
976,5,788,30
255,6,788,30
800,6,788,30
379,7,788,30
30,8,788,30
833,8,788,30
458,9,788,30
799,9,788,30
142,10,788,30
6,11,788,30
337,11,788,30
586,11,788,30
288,13,788,30
644,13,788,30
772,13,788,30
105,16,788,30
200,18,788,30
771,18,788,30
184,19,788,30
283,21,788,30
447,22,788,30
374,24,788,30
604,29,788,30
155,0,789,30
249,0,789,30
446,0,789,30
26,1,789,30
254,1,789,30
279,1,789,30
373,1,789,30
378,1,789,30
458,1,789,30
882,1,789,30
29,2,789,30
41,2,789,30
235,2,789,30
287,2,789,30
415,2,789,30
549,2,789,30
885,2,789,30
199,3,789,30
438,3,789,30
585,3,789,30
776,3,789,30
5,4,789,30
137,4,789,30
681,4,789,30
104,5,789,30
189,5,789,30
477,5,789,30
788,5,789,30
798,5,789,30
975,5,789,30
183,6,789,30
414,6,789,30
457,6,789,30
762,6,789,30
206,9,789,30
643,9,789,30
799,9,789,30
75,10,789,30
336,10,789,30
759,10,789,30
141,11,789,30
176,12,789,30
411,12,789,30
832,13,789,30
305,14,789,30
413,14,789,30
785,14,789,30
103,15,789,30
282,17,789,30
77,19,789,30
442,22,789,30
771,23,789,30
770,26,789,30
603,28,789,30
40,0,790,30
140,0,790,30
445,0,790,30
584,0,790,30
775,0,790,30
798,0,790,30
25,1,790,30
74,1,790,30
154,1,790,30
253,1,790,30
281,1,790,30
198,2,790,30
456,2,790,30
761,2,790,30
881,2,790,30
234,3,790,30
372,3,790,30
437,3,790,30
476,3,790,30
831,3,790,30
4,4,790,30
548,4,790,30
884,4,790,30
103,5,790,30
412,5,790,30
680,5,790,30
797,5,790,30
76,6,790,30
414,6,790,30
441,6,790,30
457,6,790,30
787,6,790,30
188,7,790,30
278,7,790,30
377,7,790,30
102,8,790,30
175,9,790,30
642,9,790,30
974,9,790,30
335,10,790,30
769,11,790,30
28,12,790,30
410,12,790,30
784,12,790,30
413,14,790,30
304,15,790,30
182,17,790,30
286,18,790,30
758,18,790,30
770,26,790,30
602,27,790,30
248,28,790,30
3,0,791,30
24,0,791,30
101,0,791,30
139,0,791,30
204,0,791,30
334,0,791,30
376,0,791,30
440,0,791,30
475,0,791,30
583,0,791,30
880,0,791,30
973,0,791,30
153,1,791,30
174,1,791,30
181,1,791,30
187,1,791,30
757,1,791,30
769,1,791,30
797,1,791,30
830,1,791,30
27,2,791,30
233,2,791,30
252,2,791,30
280,2,791,30
444,2,791,30
455,2,791,30
456,2,791,30
641,2,791,30
883,2,791,30
371,3,791,30
760,3,791,30
412,4,791,30
436,4,791,30
786,4,791,30
102,5,791,30
277,5,791,30
409,5,791,30
679,5,791,30
796,5,791,30
247,6,791,30
783,6,791,30
303,8,791,30
411,8,791,30
197,10,791,30
547,10,791,30
601,12,791,30
768,12,791,30
413,14,791,30
774,15,791,30
39,16,791,30
75,20,791,30
73,24,791,30
285,25,791,30
23,0,792,30
74,0,792,30
138,0,792,30
152,0,792,30
196,0,792,30
251,0,792,30
439,0,792,30
756,0,792,30
829,0,792,30
26,1,792,30
72,1,792,30
100,1,792,30
173,1,792,30
370,1,792,30
767,1,792,30
795,1,792,30
38,2,792,30
203,2,792,30
232,2,792,30
443,2,792,30
455,2,792,30
759,2,792,30
768,2,792,30
879,2,792,30
474,3,792,30
785,3,792,30
882,3,792,30
186,4,792,30
546,4,792,30
773,4,792,30
101,5,792,30
582,5,792,30
134,6,792,30
246,6,792,30
782,6,792,30
375,7,792,30
408,7,792,30
454,7,792,30
333,8,792,30
410,8,792,30
972,8,792,30
678,9,792,30
640,10,792,30
279,11,792,30
284,12,792,30
411,12,792,30
412,12,792,30
2,16,792,30
180,16,792,30
435,16,792,30
276,19,792,30
302,20,792,30
796,21,792,30
37,0,793,30
71,0,793,30
301,0,793,30
473,0,793,30
545,0,793,30
677,0,793,30
784,0,793,30
25,1,793,30
99,1,793,30
172,1,793,30
185,1,793,30
245,1,793,30
369,1,793,30
202,2,793,30
231,2,793,30
275,2,793,30
407,2,793,30
434,2,793,30
828,2,793,30
881,2,793,30
179,3,793,30
250,3,793,30
410,3,793,30
438,3,793,30
639,3,793,30
758,3,793,30
1,4,793,30
599,4,793,30
755,4,793,30
878,4,793,30
332,5,793,30
454,5,793,30
581,5,793,30
772,5,793,30
133,6,793,30
137,6,793,30
781,6,793,30
100,7,793,30
442,7,793,30
767,7,793,30
453,8,793,30
971,11,793,30
22,12,793,30
283,12,793,30
409,12,793,30
411,12,793,30
795,12,793,30
766,14,793,30
151,16,793,30
278,17,793,30
374,28,793,30
24,0,794,30
132,0,794,30
150,0,794,30
249,0,794,30
300,0,794,30
373,0,794,30
433,0,794,30
472,0,794,30
580,0,794,30
880,0,794,30
0,1,794,30
244,1,794,30
452,1,794,30
757,1,794,30
21,2,794,30
230,2,794,30
406,2,794,30
754,2,794,30
171,3,794,30
408,3,794,30
410,3,794,30
437,3,794,30
676,3,794,30
780,3,794,30
598,4,794,30
794,4,794,30
277,5,794,30
453,5,794,30
544,5,794,30
36,6,794,30
72,6,794,30
409,6,794,30
441,6,794,30
783,6,794,30
136,7,794,30
970,7,794,30
98,8,794,30
194,8,794,30
184,9,794,30
877,9,794,30
766,10,794,30
331,11,794,30
282,12,794,30
201,13,794,30
368,13,794,30
638,14,794,30
99,15,794,30
274,17,794,30
70,18,794,30
178,18,794,30
827,18,794,30
771,22,794,30
765,25,794,30
23,0,795,30
71,0,795,30
149,0,795,30
193,0,795,30
276,0,795,30
367,0,795,30
471,0,795,30
756,0,795,30
765,0,795,30
826,0,795,30
273,1,795,30
248,2,795,30
330,2,795,30
407,2,795,30
637,2,795,30
879,2,795,30
131,3,795,30
372,3,795,30
408,3,795,30
170,4,795,30
20,5,795,30
98,5,795,30
135,5,795,30
753,5,795,30
229,6,795,30
281,6,795,30
409,6,795,30
440,6,795,30
597,6,795,30
779,6,795,30
782,6,795,30
969,6,795,30
177,7,795,30
876,7,795,30
183,8,795,30
452,8,795,30
793,8,795,30
451,11,795,30
579,11,795,30
792,11,795,30
299,12,795,30
432,13,795,30
543,15,795,30
69,17,795,30
675,18,795,30
764,18,795,30
243,20,795,30
436,20,795,30
97,21,795,30
200,21,795,30
35,25,795,30
405,25,795,30
182,0,796,30
272,0,796,30
298,0,796,30
406,0,796,30
764,0,796,30
470,1,796,30
636,1,796,30
769,1,796,30
407,2,796,30
578,2,796,30
825,2,796,30
169,3,796,30
242,3,796,30
280,3,796,30
371,3,796,30
450,3,796,30
755,3,796,30
228,4,796,30
134,5,796,30
431,5,796,30
247,6,796,30
404,6,796,30
596,6,796,30
781,6,796,30
408,7,796,30
674,7,796,30
792,7,796,30
878,7,796,30
435,9,796,30
22,10,796,30
778,10,796,30
148,11,796,30
451,11,796,30
752,11,796,30
763,11,796,30
791,11,796,30
875,11,796,30
34,12,796,30
176,12,796,30
70,13,796,30
439,14,796,30
542,15,796,30
130,16,796,30
199,16,796,30
968,17,796,30
19,18,796,30
275,18,796,30
366,18,796,30
329,20,796,30
97,21,796,30
192,23,796,30
68,27,796,30
18,0,797,30
191,0,797,30
370,0,797,30
450,0,797,30
595,0,797,30
751,0,797,30
763,0,797,30
824,0,797,30
168,1,797,30
279,1,797,30
403,1,797,30
635,1,797,30
874,1,797,30
129,2,797,30
198,2,797,30
406,2,797,30
434,2,797,30
449,2,797,30
754,2,797,30
780,2,797,30
241,3,797,30
274,3,797,30
438,3,797,30
762,3,797,30
967,3,797,30
790,4,797,30
133,5,797,30
328,5,797,30
430,5,797,30
777,5,797,30
95,6,797,30
246,6,797,30
271,6,797,30
365,6,797,30
673,6,797,30
877,6,797,30
33,7,797,30
768,7,797,30
181,8,797,30
405,8,797,30
469,8,797,30
69,9,797,30
175,9,797,30
96,11,797,30
541,11,797,30
791,11,797,30
67,16,797,30
147,19,797,30
577,19,797,30
297,20,797,30
227,22,797,30
21,24,797,30
407,29,797,30
17,0,798,30
94,0,798,30
540,0,798,30
750,0,798,30
273,1,798,30
402,1,798,30
448,1,798,30
576,1,798,30
873,1,798,30
128,2,798,30
167,2,798,30
180,2,798,30
449,2,798,30
468,2,798,30
966,2,798,30
406,3,798,30
437,3,798,30
672,3,798,30
762,3,798,30
240,4,798,30
296,4,798,30
594,4,798,30
20,5,798,30
226,5,798,30
404,5,798,30
95,6,798,30
132,6,798,30
146,6,798,30
270,6,798,30
753,6,798,30
789,6,798,30
876,6,798,30
66,7,798,30
369,7,798,30
767,7,798,30
364,8,798,30
776,8,798,30
790,8,798,30
823,8,798,30
32,9,798,30
174,9,798,30
761,10,798,30
245,11,798,30
68,12,798,30
429,12,798,30
433,12,798,30
197,13,798,30
278,13,798,30
327,14,798,30
190,17,798,30
634,20,798,30
405,25,798,30
31,0,799,30
94,0,799,30
196,0,799,30
225,0,799,30
269,0,799,30
272,0,799,30
326,0,799,30
539,0,799,30
965,0,799,30
67,1,799,30
127,1,799,30
432,1,799,30
447,1,799,30
173,2,799,30
295,2,799,30
467,2,799,30
789,2,799,30
93,3,799,30
145,3,799,30
401,3,799,30
760,3,799,30
875,3,799,30
166,4,799,30
179,4,799,30
239,4,799,30
593,4,799,30
749,4,799,30
277,5,799,30
788,5,799,30
404,6,799,30
775,7,799,30
872,7,799,30
368,8,799,30
436,8,799,30
19,9,799,30
761,10,799,30
428,11,799,30
671,11,799,30
752,11,799,30
403,12,799,30
766,13,799,30
16,14,799,30
448,14,799,30
131,15,799,30
189,15,799,30
244,15,799,30
822,15,799,30
778,16,799,30
405,25,799,30
363,26,799,30
65,29,799,30
172,0,800,30
268,0,800,30
276,0,800,30
446,0,800,30
538,0,800,30
592,0,800,30
748,0,800,30
760,0,800,30
66,1,800,30
427,1,800,30
874,1,800,30
294,2,800,30
325,2,800,30
670,2,800,30
93,3,800,30
144,3,800,30
362,3,800,30
238,4,800,30
751,4,800,30
777,4,800,30
18,5,800,30
224,5,800,30
404,5,800,30
431,5,800,30
788,5,800,30
92,6,800,30
126,6,800,30
271,6,800,30
367,6,800,30
765,6,800,30
787,6,800,30
165,7,800,30
574,7,800,30
821,7,800,30
871,7,800,30
964,7,800,30
30,9,800,30
400,10,800,30
759,10,800,30
64,11,800,30
403,12,800,30
402,13,800,30
774,13,800,30
195,15,800,30
178,16,800,30
466,18,800,30
632,20,800,30
435,21,800,30
15,23,800,30
129,0,801,30
164,0,801,30
445,0,801,30
446,0,801,30
759,0,801,30
820,0,801,30
187,1,801,30
426,1,801,30
434,1,801,30
573,1,801,30
873,1,801,30
29,2,801,30
92,2,801,30
171,2,801,30
591,2,801,30
786,2,801,30
361,3,801,30
399,3,801,30
401,3,801,30
776,3,801,30
870,3,801,30
143,4,801,30
237,4,801,30
366,4,801,30
747,4,801,30
773,4,801,30
242,5,801,30
430,5,801,30
750,5,801,30
125,6,801,30
270,6,801,30
465,6,801,30
65,8,801,30
194,8,801,30
764,8,801,30
14,9,801,30
17,9,801,30
223,9,801,30
275,9,801,30
402,9,801,30
631,9,801,30
293,10,801,30
963,11,801,30
403,12,801,30
537,12,801,30
787,12,801,30
758,14,801,30
669,16,801,30
91,17,801,30
324,19,801,30
177,20,801,30
267,21,801,30
91,0,802,30
193,0,802,30
269,0,802,30
323,0,802,30
360,0,802,30
398,0,802,30
433,0,802,30
445,0,802,30
775,0,802,30
819,0,802,30
142,1,802,30
236,1,802,30
444,1,802,30
757,1,802,30
572,3,802,30
758,3,802,30
16,4,802,30
186,4,802,30
400,4,802,30
536,4,802,30
786,4,802,30
869,4,802,30
90,5,802,30
772,5,802,30
785,5,802,30
274,6,802,30
365,6,802,30
590,6,802,30
124,7,802,30
170,7,802,30
292,7,802,30
746,7,802,30
62,8,802,30
163,8,802,30
962,8,802,30
222,9,802,30
402,9,802,30
128,10,802,30
64,11,802,30
266,11,802,30
763,11,802,30
28,12,802,30
176,12,802,30
872,12,802,30
464,13,802,30
668,13,802,30
401,14,802,30
425,16,802,30
749,16,802,30
241,21,802,30
429,22,802,30
13,25,802,30
630,28,802,30
90,0,803,30
268,0,803,30
359,0,803,30
629,0,803,30
748,0,803,30
756,0,803,30
784,0,803,30
273,1,803,30
432,1,803,30
444,1,803,30
27,2,803,30
235,2,803,30
240,2,803,30
291,2,803,30
397,2,803,30
428,2,803,30
757,2,803,30
12,3,803,30
89,3,803,30
221,3,803,30
401,3,803,30
771,3,803,30
141,4,803,30
589,4,803,30
818,4,803,30
871,4,803,30
162,5,803,30
265,5,803,30
667,5,803,30
745,5,803,30
785,5,803,30
185,6,803,30
192,6,803,30
169,7,803,30
364,8,803,30
424,8,803,30
463,8,803,30
762,8,803,30
175,9,803,30
322,9,803,30
127,10,803,30
443,11,803,30
61,12,803,30
63,12,803,30
961,12,803,30
774,13,803,30
399,15,803,30
868,15,803,30
400,17,803,30
123,18,803,30
535,19,803,30
62,0,804,30
88,0,804,30
161,0,804,30
272,0,804,30
398,0,804,30
628,0,804,30
784,0,804,30
11,1,804,30
168,1,804,30
174,1,804,30
427,1,804,30
588,1,804,30
817,1,804,30
867,1,804,30
870,1,804,30
184,2,804,30
396,2,804,30
423,2,804,30
443,2,804,30
534,2,804,30
960,2,804,30
89,3,804,30
220,3,804,30
399,3,804,30
744,3,804,30
747,3,804,30
755,3,804,30
770,3,804,30
321,4,804,30
358,4,804,30
191,5,804,30
234,5,804,30
290,5,804,30
126,6,804,30
267,6,804,30
756,6,804,30
773,6,804,30
122,7,804,30
442,7,804,30
431,8,804,30
14,9,804,30
462,9,804,30
570,9,804,30
140,11,804,30
264,12,804,30
666,12,804,30
26,13,804,30
783,14,804,30
60,17,804,30
363,17,804,30
400,17,804,30
239,18,804,30
761,19,804,30
10,0,805,30
160,0,805,30
395,0,805,30
627,0,805,30
866,0,805,30
13,1,805,30
125,1,805,30
173,1,805,30
426,1,805,30
441,1,805,30
769,1,805,30
816,1,805,30
233,2,805,30
289,2,805,30
357,2,805,30
397,2,805,30
587,2,805,30
959,2,805,30
139,3,805,30
320,3,805,30
362,3,805,30
399,3,805,30
569,3,805,30
743,3,805,30
760,3,805,30
461,4,805,30
869,4,805,30
190,5,805,30
772,5,805,30
61,6,805,30
783,6,805,30
398,7,805,30
422,7,805,30
746,7,805,30
754,7,805,30
59,8,805,30
430,8,805,30
755,8,805,30
533,9,805,30
88,10,805,30
271,10,805,30
665,10,805,30
25,11,805,30
167,11,805,30
219,11,805,30
782,11,805,30
121,12,805,30
263,12,805,30
238,14,805,30
87,15,805,30
183,15,805,30
266,15,805,30
442,19,805,30
24,0,806,30
172,0,806,30
440,0,806,30
745,0,806,30
781,0,806,30
815,0,806,30
87,1,806,30
138,1,806,30
159,1,806,30
421,1,806,30
742,1,806,30
232,2,806,30
356,2,806,30
396,2,806,30
759,2,806,30
768,2,806,30
782,2,806,30
12,3,806,30
60,3,806,30
86,3,806,30
319,3,806,30
361,3,806,30
394,3,806,30
58,4,806,30
265,4,806,30
270,4,806,30
398,4,806,30
460,4,806,30
189,5,806,30
753,5,806,30
958,5,806,30
166,6,806,30
441,6,806,30
568,6,806,30
626,6,806,30
771,6,806,30
124,7,806,30
182,7,806,30
532,8,806,30
586,8,806,30
288,9,806,30
868,10,806,30
218,14,806,30
262,14,806,30
425,14,806,30
120,16,806,30
754,16,806,30
397,18,806,30
429,22,806,30
865,24,806,30
664,25,806,30
23,0,807,30
86,0,807,30
236,0,807,30
269,0,807,30
318,0,807,30
439,0,807,30
625,0,807,30
780,0,807,30
781,0,807,30
957,0,807,30
11,1,807,30
181,1,807,30
752,1,807,30
767,1,807,30
864,1,807,30
867,1,807,30
59,2,807,30
119,2,807,30
231,2,807,30
397,2,807,30
428,2,807,30
814,2,807,30
85,3,807,30
393,3,807,30
585,3,807,30
741,3,807,30
744,3,807,30
57,4,807,30
137,4,807,30
171,4,807,30
440,4,807,30
770,4,807,30
8,5,807,30
287,5,807,30
396,5,807,30
459,5,807,30
663,5,807,30
753,5,807,30
217,6,807,30
420,6,807,30
360,7,807,30
158,8,807,30
355,8,807,30
758,9,807,30
395,10,807,30
567,10,807,30
165,11,807,30
531,12,807,30
261,13,807,30
264,14,807,30
424,14,807,30
123,18,807,30
188,29,807,30
10,0,808,30
85,0,808,30
164,0,808,30
230,0,808,30
268,0,808,30
419,0,808,30
530,0,808,30
740,0,808,30
780,0,808,30
866,0,808,30
118,1,808,30
157,1,808,30
216,1,808,30
286,1,808,30
392,1,808,30
427,1,808,30
458,1,808,30
751,1,808,30
757,1,808,30
396,2,808,30
423,2,808,30
624,2,808,30
956,2,808,30
84,3,808,30
394,3,808,30
438,3,808,30
743,3,808,30
766,3,808,30
170,4,808,30
187,4,808,30
260,4,808,30
395,4,808,30
317,5,808,30
662,5,808,30
813,5,808,30
7,6,808,30
779,6,808,30
56,8,808,30
180,8,808,30
566,8,808,30
359,9,808,30
769,9,808,30
122,10,808,30
58,11,808,30
584,11,808,30
863,11,808,30
354,12,808,30
752,12,808,30
439,14,808,30
235,19,808,30
136,20,808,30
263,20,808,30
22,22,808,30
84,0,809,30
186,0,809,30
215,0,809,30
262,0,809,30
316,0,809,30
751,0,809,30
765,0,809,30
117,1,809,30
121,1,809,30
156,1,809,30
391,1,809,30
426,1,809,30
661,1,809,30
742,1,809,30
259,2,809,30
768,2,809,30
179,3,809,30
234,3,809,30
393,3,809,30
394,3,809,30
437,3,809,30
438,3,809,30
750,3,809,30
756,3,809,30
358,4,809,30
565,4,809,30
862,4,809,30
55,5,809,30
135,5,809,30
457,6,809,30
955,6,809,30
169,7,809,30
229,7,809,30
285,7,809,30
812,7,809,30
163,8,809,30
422,8,809,30
739,8,809,30
623,9,809,30
83,10,809,30
395,10,809,30
778,10,809,30
779,10,809,30
865,11,809,30
57,12,809,30
267,12,809,30
529,12,809,30
21,14,809,30
6,17,809,30
583,17,809,30
353,20,809,30
418,21,809,30
5,0,810,30
56,0,810,30
155,0,810,30
417,0,810,30
456,0,810,30
750,0,810,30
764,0,810,30
168,1,810,30
185,1,810,30
315,1,810,30
392,1,810,30
421,1,810,30
767,1,810,30
811,1,810,30
861,1,810,30
864,1,810,30
233,2,810,30
258,2,810,30
261,2,810,30
357,2,810,30
660,2,810,30
954,2,810,30
284,3,810,30
393,3,810,30
437,3,810,30
528,3,810,30
755,3,810,30
116,4,810,30
228,4,810,30
436,4,810,30
741,4,810,30
749,4,810,30
777,4,810,30
134,5,810,30
162,5,810,30
582,5,810,30
20,6,810,30
83,6,810,30
120,6,810,30
8,7,810,30
54,8,810,30
394,8,810,30
178,9,810,30
352,10,810,30
390,10,810,30
778,10,810,30
622,11,810,30
738,13,810,30
266,15,810,30
82,20,810,30
214,25,810,30
564,25,810,30
7,0,811,30
161,0,811,30
213,0,811,30
455,0,811,30
748,0,811,30
763,0,811,30
953,0,811,30
154,1,811,30
257,1,811,30
391,1,811,30
119,2,811,30
227,2,811,30
232,2,811,30
351,2,811,30
356,2,811,30
392,2,811,30
420,2,811,30
754,2,811,30
53,3,811,30
55,3,811,30
314,3,811,30
563,3,811,30
810,3,811,30
863,3,811,30
167,4,811,30
265,4,811,30
740,4,811,30
133,5,811,30
177,5,811,30
581,5,811,30
659,5,811,30
777,5,811,30
115,6,811,30
389,6,811,30
4,7,811,30
416,8,811,30
435,9,811,30
621,9,811,30
749,9,811,30
393,10,811,30
766,10,811,30
527,11,811,30
776,11,811,30
82,12,811,30
260,12,811,30
81,13,811,30
184,15,811,30
860,18,811,30
283,19,811,30
19,21,811,30
436,22,811,30
737,26,811,30
80,0,812,30
132,0,812,30
160,0,812,30
580,0,812,30
765,0,812,30
118,1,812,30
153,1,812,30
392,1,812,30
176,2,812,30
212,2,812,30
231,2,812,30
259,2,812,30
350,2,812,30
434,2,812,30
736,2,812,30
52,3,812,30
226,3,812,30
423,3,812,30
526,3,812,30
562,3,812,30
747,3,812,30
762,3,812,30
776,3,812,30
952,3,812,30
166,4,812,30
313,4,812,30
355,4,812,30
739,4,812,30
18,5,812,30
419,5,812,30
454,5,812,30
753,5,812,30
183,6,812,30
391,6,812,30
748,6,812,30
859,7,812,30
54,8,812,30
256,8,812,30
862,9,812,30
415,11,812,30
81,12,812,30
114,12,812,30
388,13,812,30
264,14,812,30
390,15,812,30
435,16,812,30
6,17,812,30
282,17,812,30
658,17,812,30
809,19,812,30
775,20,812,30
620,27,812,30
225,0,813,30
391,0,813,30
764,0,813,30
775,0,813,30
808,0,813,30
117,1,813,30
159,1,813,30
434,1,813,30
561,1,813,30
752,1,813,30
861,1,813,30
230,2,813,30
255,2,813,30
258,2,813,30
735,2,813,30
761,2,813,30
53,3,813,30
80,3,813,30
131,3,813,30
175,4,813,30
281,4,813,30
349,4,813,30
579,4,813,30
113,5,813,30
152,5,813,30
312,5,813,30
418,5,813,30
453,5,813,30
619,5,813,30
5,6,813,30
389,6,813,30
747,6,813,30
165,7,813,30
182,7,813,30
746,8,813,30
79,9,813,30
422,9,813,30
390,10,813,30
433,12,813,30
525,12,813,30
211,13,813,30
738,13,813,30
774,13,813,30
2,14,813,30
51,14,813,30
951,15,813,30
263,16,813,30
354,16,813,30
387,20,813,30
858,22,813,30
17,24,813,30
414,28,813,30
164,0,814,30
389,0,814,30
417,0,814,30
433,0,814,30
745,0,814,30
751,0,814,30
763,0,814,30
52,1,814,30
181,1,814,30
421,1,814,30
432,1,814,30
452,1,814,30
524,1,814,30
773,1,814,30
116,2,814,30
578,2,814,30
857,2,814,30
950,2,814,30
78,3,814,30
151,3,814,30
224,3,814,30
1,4,814,30
112,4,814,30
174,4,814,30
656,4,814,30
737,4,814,30
311,5,814,30
229,6,814,30
158,7,814,30
210,7,814,30
746,7,814,30
860,8,814,30
390,10,814,30
760,10,814,30
50,11,814,30
618,11,814,30
280,12,814,30
348,12,814,30
386,13,814,30
388,13,814,30
774,13,814,30
16,14,814,30
262,14,814,30
413,14,814,30
807,14,814,30
4,15,814,30
257,15,814,30
130,17,814,30
734,18,814,30
353,21,814,30
560,22,814,30
129,0,815,30
150,0,815,30
209,0,815,30
412,0,815,30
431,0,815,30
655,0,815,30
750,0,815,30
859,0,815,30
0,1,815,30
51,1,815,30
157,1,815,30
744,1,815,30
772,1,815,30
856,1,815,30
173,2,815,30
416,2,815,30
420,2,815,30
736,2,815,30
759,2,815,30
78,3,815,30
163,3,815,30
223,3,815,30
228,3,815,30
617,4,815,30
733,4,815,30
773,4,815,30
111,5,815,30
279,5,815,30
745,5,815,30
310,6,815,30
389,6,815,30
762,6,815,30
115,8,815,30
523,8,815,30
49,10,815,30
352,10,815,30
577,10,815,30
256,11,815,30
385,11,815,30
387,12,815,30
253,13,815,30
261,13,815,30
432,13,815,30
347,14,815,30
451,17,815,30
806,17,815,30
949,18,815,30
3,19,815,30
77,19,815,30
388,20,815,30
559,22,815,30
15,24,815,30
180,25,815,30
110,0,816,30
149,0,816,30
346,0,816,30
156,1,816,30
208,1,816,30
558,1,816,30
771,1,816,30
855,1,816,30
48,2,816,30
128,2,816,30
227,2,816,30
255,2,816,30
351,2,816,30
386,2,816,30
415,2,816,30
522,2,816,30
654,2,816,30
735,2,816,30
14,3,816,30
384,3,816,30
450,3,816,30
179,4,816,30
732,4,816,30
805,4,816,30
162,5,816,30
172,5,816,30
252,5,816,30
419,5,816,30
430,5,816,30
76,6,816,30
309,7,816,30
431,8,816,30
222,9,816,30
278,10,816,30
50,11,816,30
616,11,816,30
260,12,816,30
743,13,816,30
772,13,816,30
948,13,816,30
388,14,816,30
758,14,816,30
2,16,816,30
749,16,816,30
387,18,816,30
744,21,816,30
761,21,816,30
77,24,816,30
411,29,816,30
155,0,817,30
254,0,817,30
345,0,817,30
383,0,817,30
557,0,817,30
742,0,817,30
748,0,817,30
760,0,817,30
109,1,817,30
127,1,817,30
521,1,817,30
615,1,817,30
47,2,817,30
76,2,817,30
171,2,817,30
259,2,817,30
350,2,817,30
386,2,817,30
857,2,817,30
410,3,817,30
414,3,817,30
771,3,817,30
148,4,817,30
221,4,817,30
731,4,817,30
113,5,817,30
161,5,817,30
251,5,817,30
277,5,817,30
418,5,817,30
449,5,817,30
757,6,817,30
430,7,817,30
13,8,817,30
743,8,817,30
49,10,817,30
75,10,817,30
207,10,817,30
1,11,817,30
385,11,817,30
429,12,817,30
226,13,817,30
308,14,817,30
770,15,817,30
854,16,817,30
178,18,817,30
387,18,817,30
734,18,817,30
804,19,817,30
575,26,817,30
947,26,817,30
74,0,818,30
108,0,818,30
112,0,818,30
225,0,818,30
276,0,818,30
307,0,818,30
344,0,818,30
417,0,818,30
742,0,818,30
759,0,818,30
220,1,818,30
448,1,818,30
614,1,818,30
853,1,818,30
48,2,818,30
258,2,818,30
382,2,818,30
520,2,818,30
46,3,818,30
349,3,818,30
747,3,818,30
770,3,818,30
803,3,818,30
856,3,818,30
170,4,818,30
574,4,818,30
160,5,818,30
177,5,818,30
250,5,818,30
730,5,818,30
126,6,818,30
756,6,818,30
428,7,818,30
733,7,818,30
741,7,818,30
154,8,818,30
206,9,818,30
769,9,818,30
12,10,818,30
75,10,818,30
0,11,818,30
385,11,818,30
253,13,818,30
386,13,818,30
946,15,818,30
413,18,818,30
147,19,818,30
556,19,818,30
384,21,818,30
409,22,818,30
652,28,818,30
74,0,819,30
219,0,819,30
249,0,819,30
306,0,819,30
343,0,819,30
383,0,819,30
412,0,819,30
740,0,819,30
11,1,819,30
125,1,819,30
159,1,819,30
427,1,819,30
447,1,819,30
555,1,819,30
732,1,819,30
769,1,819,30
47,2,819,30
146,2,819,30
176,2,819,30
381,2,819,30
428,2,819,30
613,2,819,30
729,2,819,30
768,2,819,30
348,3,819,30
384,3,819,30
408,3,819,30
573,3,819,30
741,3,819,30
802,3,819,30
855,3,819,30
519,4,819,30
107,6,819,30
252,6,819,30
651,6,819,30
111,7,819,30
224,7,819,30
416,7,819,30
746,7,819,30
755,8,819,30
45,9,819,30
153,9,819,30
275,9,819,30
758,9,819,30
945,9,819,30
257,13,819,30
73,14,819,30
385,14,819,30
852,16,819,30
169,23,819,30
251,0,820,30
380,0,820,30
446,0,820,30
728,0,820,30
740,0,820,30
801,0,820,30
851,0,820,30
46,1,820,30
72,1,820,30
145,1,820,30
218,1,820,30
426,1,820,30
731,1,820,30
757,1,820,30
767,1,820,30
383,2,820,30
650,2,820,30
745,2,820,30
754,2,820,30
768,2,820,30
854,2,820,30
342,3,820,30
347,3,820,30
384,3,820,30
427,3,820,30
572,3,820,30
739,3,820,30
10,4,820,30
44,4,820,30
305,4,820,30
382,4,820,30
415,4,820,30
73,5,820,30
152,5,820,30
944,5,820,30
106,6,820,30
175,6,820,30
274,6,820,30
158,7,820,30
223,7,820,30
204,8,820,30
518,8,820,30
554,8,820,30
168,11,820,30
110,12,820,30
248,12,820,30
411,12,820,30
256,13,820,30
124,14,820,30
407,16,820,30
105,0,821,30
144,0,821,30
247,0,821,30
341,0,821,30
379,0,821,30
383,0,821,30
406,0,821,30
445,0,821,30
571,0,821,30
730,0,821,30
71,1,821,30
72,1,821,30
109,1,821,30
273,1,821,30
853,1,821,30
382,2,821,30
9,3,821,30
250,3,821,30
410,3,821,30
756,3,821,30
767,3,821,30
123,4,821,30
151,4,821,30
517,4,821,30
611,4,821,30
739,4,821,30
174,5,821,30
217,5,821,30
381,5,821,30
850,5,821,30
45,6,821,30
753,6,821,30
553,7,821,30
203,8,821,30
727,8,821,30
157,10,821,30
414,10,821,30
766,10,821,30
167,11,821,30
222,11,821,30
304,11,821,30
943,11,821,30
649,13,821,30
425,14,821,30
800,14,821,30
43,15,821,30
426,19,821,30
346,21,821,30
744,21,821,30
738,25,821,30
255,28,821,30
246,0,822,30
380,0,822,30
71,1,822,30
108,1,822,30
303,1,822,30
444,1,822,30
610,1,822,30
648,1,822,30
729,1,822,30
70,2,822,30
104,2,822,30
173,2,822,30
381,2,822,30
382,2,822,30
570,2,822,30
516,3,822,30
755,3,822,30
766,3,822,30
143,4,822,30
156,4,822,30
726,4,822,30
737,4,822,30
409,5,822,30
272,6,822,30
340,6,822,30
8,7,822,30
42,7,822,30
849,7,822,30
166,8,822,30
221,8,822,30
345,8,822,30
743,8,822,30
202,9,822,30
249,9,822,30
765,10,822,30
852,10,822,30
752,11,822,30
44,12,822,30
216,13,822,30
738,13,822,30
378,14,822,30
424,14,822,30
425,16,822,30
413,18,822,30
552,20,822,30
799,20,822,30
942,20,822,30
150,21,822,30
254,23,822,30
405,25,822,30
7,0,823,30
172,0,823,30
379,0,823,30
728,0,823,30
798,0,823,30
851,0,823,30
121,1,823,30
302,1,823,30
344,1,823,30
609,1,823,30
647,1,823,30
742,1,823,30
941,1,823,30
70,2,823,30
149,2,823,30
377,2,823,30
381,2,823,30
751,2,823,30
754,2,823,30
41,3,823,30
271,3,823,30
551,3,823,30
765,3,823,30
107,4,823,30
142,4,823,30
443,4,823,30
515,4,823,30
737,4,823,30
380,5,823,30
404,5,823,30
220,6,823,30
423,6,823,30
408,7,823,30
569,7,823,30
848,7,823,30
339,9,823,30
736,9,823,30
253,10,823,30
764,10,823,30
165,11,823,30
245,11,823,30
412,12,823,30
725,12,823,30
215,14,823,30
155,15,823,30
69,17,823,30
424,18,823,30
103,20,823,30
201,20,823,30
43,21,823,30
376,0,824,30
380,0,824,30
422,0,824,30
550,0,824,30
646,1,824,30
797,1,824,30
301,2,824,30
407,2,824,30
423,2,824,30
724,2,824,30
736,2,824,30
763,2,824,30
514,3,824,30
106,4,824,30
141,4,824,30
148,4,824,30
171,4,824,30
343,4,824,30
741,4,824,30
850,4,824,30
164,5,824,30
252,5,824,30
338,5,824,30
753,5,824,30
120,6,824,30
270,6,824,30
378,6,824,30
403,7,824,30
442,7,824,30
847,7,824,30
940,7,824,30
40,8,824,30
102,8,824,30
735,8,824,30
69,9,824,30
247,9,824,30
379,9,824,30
764,10,824,30
6,11,824,30
219,11,824,30
411,12,824,30
568,12,824,30
42,14,824,30
68,15,824,30
154,15,824,30
214,15,824,30
200,18,824,30
727,19,824,30
244,24,824,30
5,0,825,30
101,0,825,30
105,0,825,30
251,0,825,30
379,0,825,30
410,0,825,30
549,0,825,30
740,0,825,30
67,1,825,30
378,1,825,30
421,1,825,30
441,1,825,30
645,1,825,30
723,1,825,30
752,1,825,30
849,1,825,30
375,2,825,30
406,2,825,30
735,2,825,30
763,2,825,30
41,3,825,30
163,3,825,30
342,3,825,30
513,3,825,30
567,3,825,30
762,3,825,30
170,4,825,30
269,5,825,30
607,5,825,30
796,5,825,30
39,6,825,30
119,7,825,30
402,7,825,30
939,7,825,30
246,8,825,30
153,9,825,30
300,9,825,30
337,9,825,30
422,9,825,30
749,9,825,30
243,10,825,30
726,10,825,30
377,11,825,30
68,12,825,30
140,13,825,30
846,13,825,30
218,14,825,30
199,16,825,30
734,18,825,30
147,19,825,30
213,22,825,30
40,0,826,30
152,0,826,30
376,0,826,30
440,0,826,30
748,0,826,30
751,0,826,30
66,1,826,30
67,1,826,30
100,1,826,30
118,1,826,30
245,1,826,30
421,1,826,30
795,1,826,30
146,2,826,30
377,2,826,30
420,2,826,30
722,2,826,30
761,2,826,30
104,3,826,30
250,3,826,30
299,3,826,30
336,3,826,30
762,3,826,30
4,4,826,30
139,4,826,30
733,4,826,30
739,4,826,30
938,4,826,30
162,5,826,30
169,5,826,30
217,5,826,30
409,5,826,30
644,5,826,30
845,5,826,30
725,7,826,30
848,7,826,30
198,8,826,30
341,8,826,30
401,8,826,30
566,8,826,30
268,9,826,30
512,9,826,30
548,9,826,30
212,10,826,30
378,12,826,30
606,12,826,30
405,16,826,30
374,24,826,30
37,0,827,30
99,0,827,30
117,0,827,30
161,0,827,30
168,0,827,30
249,0,827,30
373,0,827,30
419,0,827,30
439,0,827,30
605,0,827,30
643,0,827,30
750,0,827,30
3,1,827,30
66,1,827,30
216,1,827,30
244,1,827,30
732,1,827,30
844,1,827,30
376,2,827,30
377,2,827,30
721,2,827,30
724,2,827,30
151,3,827,30
267,3,827,30
420,3,827,30
511,3,827,30
747,3,827,30
760,3,827,30
298,4,827,30
400,4,827,30
733,4,827,30
794,4,827,30
103,5,827,30
138,5,827,30
404,5,827,30
39,6,827,30
375,6,827,30
565,7,827,30
847,7,827,30
65,8,827,30
761,10,827,30
241,11,827,30
340,11,827,30
197,13,827,30
738,13,827,30
335,16,827,30
937,16,827,30
145,18,827,30
547,20,827,30
150,0,828,30
160,0,828,30
215,0,828,30
376,0,828,30
760,0,828,30
297,1,828,30
403,1,828,30
510,1,828,30
723,1,828,30
731,1,828,30
116,2,828,30
375,2,828,30
407,2,828,30
793,2,828,30
843,2,828,30
98,3,828,30
372,3,828,30
399,3,828,30
38,4,828,30
137,4,828,30
167,4,828,30
732,4,828,30
102,5,828,30
36,6,828,30
64,6,828,30
564,6,828,30
144,7,828,30
196,7,828,30
720,7,828,30
746,7,828,30
65,8,828,30
339,9,828,30
737,9,828,30
749,9,828,30
936,9,828,30
438,10,828,30
546,11,828,30
240,12,828,30
248,12,828,30
334,12,828,30
642,12,828,30
846,12,828,30
604,14,828,30
266,15,828,30
2,16,828,30
419,18,828,30
374,24,828,30
759,25,828,30
210,27,828,30
418,27,828,30
149,0,829,30
209,0,829,30
373,0,829,30
406,0,829,30
509,0,829,30
745,0,829,30
759,0,829,30
402,1,829,30
730,1,829,30
935,1,829,30
101,2,829,30
371,2,829,30
375,2,829,30
641,2,829,30
722,2,829,30
736,2,829,30
792,2,829,30
842,2,829,30
37,3,829,30
97,3,829,30
563,3,829,30
758,3,829,30
166,4,829,30
265,4,829,30
296,4,829,30
374,4,829,30
731,4,829,30
242,5,829,30
545,5,829,30
845,5,829,30
64,6,829,30
247,6,829,30
748,6,829,30
115,7,829,30
333,8,829,30
398,8,829,30
1,9,829,30
63,9,829,30
143,9,829,30
338,9,829,30
417,11,829,30
719,12,829,30
195,15,829,30
418,15,829,30
603,15,829,30
239,18,829,30
136,20,829,30
437,24,829,30
35,25,829,30
214,25,829,30
62,0,830,30
213,0,830,30
370,0,830,30
730,0,830,30
100,1,830,30
142,1,830,30
208,1,830,30
602,1,830,30
718,1,830,30
729,1,830,30
844,1,830,30
295,2,830,30
397,2,830,30
416,2,830,30
721,2,830,30
735,2,830,30
372,3,830,30
562,3,830,30
747,3,830,30
758,3,830,30
36,4,830,30
148,4,830,30
241,4,830,30
374,4,830,30
0,5,830,30
135,5,830,30
373,5,830,30
401,5,830,30
508,5,830,30
544,5,830,30
246,6,830,30
640,6,830,30
114,7,830,30
158,7,830,30
165,7,830,30
194,8,830,30
436,8,830,30
63,9,830,30
337,9,830,30
417,11,830,30
791,11,830,30
34,12,830,30
238,12,830,30
264,12,830,30
841,14,830,30
332,16,830,30
405,16,830,30
744,19,830,30
96,20,830,30
757,22,830,30
164,0,831,30
373,0,831,30
728,0,831,30
756,0,831,30
99,1,831,30
294,1,831,30
369,1,831,30
561,1,831,30
336,2,831,30
371,2,831,30
396,2,831,30
415,2,831,30
416,2,831,30
601,2,831,30
729,2,831,30
840,2,831,30
372,3,831,30
639,3,831,30
193,4,831,30
240,4,831,30
790,4,831,30
113,5,831,30
134,5,831,30
141,5,831,30
245,5,831,30
95,6,831,30
331,6,831,30
543,6,831,30
62,7,831,30
237,7,831,30
507,7,831,30
717,7,831,30
720,7,831,30
746,7,831,30
35,8,831,30
400,8,831,30
743,8,831,30
843,8,831,30
61,9,831,30
404,9,831,30
157,10,831,30
933,10,831,30
207,12,831,30
263,12,831,30
33,13,831,30
757,14,831,30
734,16,831,30
147,19,831,30
435,22,831,30
212,25,831,30
236,0,832,30
370,0,832,30
542,0,832,30
600,0,832,30
716,0,832,30
60,1,832,30
293,1,832,30
403,1,832,30
434,1,832,30
742,1,832,30
94,2,832,30
262,2,832,30
415,2,832,30
719,2,832,30
745,2,832,30
244,3,832,30
371,3,832,30
755,3,832,30
839,3,832,30
112,4,832,30
192,4,832,30
239,4,832,30
395,4,832,30
133,5,832,30
372,5,832,30
156,6,832,30
789,6,832,30
728,7,832,30
733,7,832,30
756,7,832,30
34,8,832,30
163,8,832,30
32,9,832,30
211,9,832,30
414,10,832,30
146,11,832,30
638,11,832,30
140,13,832,30
368,13,832,30
399,15,832,30
206,16,832,30
335,16,832,30
506,16,832,30
330,18,832,30
560,19,832,30
727,19,832,30
932,19,832,30
98,21,832,30
842,26,832,30
97,0,833,30
132,0,833,30
191,0,833,30
334,0,833,30
367,0,833,30
433,0,833,30
505,0,833,30
145,1,833,30
402,1,833,30
718,1,833,30
732,1,833,30
931,1,833,30
59,2,833,30
155,2,833,30
235,2,833,30
261,2,833,30
369,2,833,30
599,2,833,30
414,3,833,30
741,3,833,30
744,3,833,30
838,3,833,30
238,4,833,30
398,4,833,30
637,4,833,30
755,4,833,30
31,5,833,30
111,5,833,30
139,5,833,30
205,5,833,30
788,5,833,30
93,6,833,30
371,7,833,30
754,7,833,30
541,8,833,30
727,8,833,30
292,9,833,30
394,9,833,30
726,10,833,30
559,11,833,30
60,13,833,30
243,14,833,30
413,14,833,30
210,15,833,30
33,18,833,30
162,19,833,30
370,19,833,30
841,20,833,30
715,21,833,30
329,26,833,30
144,0,834,30
161,0,834,30
393,0,834,30
540,0,834,30
930,0,834,30
209,1,834,30
370,1,834,30
504,1,834,30
558,1,834,30
731,1,834,30
59,2,834,30
92,2,834,30
291,2,834,30
328,2,834,30
397,2,834,30
598,2,834,30
234,3,834,30
401,3,834,30
743,3,834,30
204,4,834,30
237,4,834,30
726,4,834,30
30,5,834,30
138,5,834,30
190,5,834,30
837,5,834,30
840,5,834,30
753,6,834,30
96,7,834,30
369,7,834,30
717,7,834,30
725,7,834,30
754,7,834,30
787,7,834,30
154,8,834,30
333,8,834,30
368,8,834,30
32,9,834,30
110,9,834,30
366,10,834,30
412,11,834,30
636,11,834,30
58,15,834,30
740,15,834,30
131,18,834,30
432,27,834,30
714,28,834,30
413,29,834,30
91,0,835,30
160,0,835,30
189,0,835,30
236,0,835,30
431,0,835,30
539,0,835,30
557,0,835,30
713,0,835,30
742,0,835,30
58,1,835,30
109,1,835,30
203,1,835,30
208,1,835,30
369,1,835,30
392,1,835,30
503,1,835,30
730,1,835,30
752,1,835,30
786,1,835,30
29,2,835,30
57,2,835,30
259,2,835,30
332,2,835,30
396,2,835,30
724,2,835,30
999,2,835,30
739,3,835,30
839,3,835,30
137,4,835,30
233,4,835,30
412,4,835,30
929,4,835,30
31,5,835,30
143,5,835,30
716,5,835,30
725,5,835,30
753,5,835,30
367,6,835,30
597,6,835,30
95,7,835,30
368,8,835,30
635,8,835,30
153,9,835,30
327,9,835,30
241,11,835,30
290,11,835,30
411,12,835,30
836,21,835,30
400,24,835,30
365,25,835,30
56,0,836,30
90,0,836,30
94,0,836,30
188,0,836,30
326,0,836,30
367,0,836,30
395,0,836,30
538,0,836,30
108,1,836,30
391,1,836,30
502,1,836,30
715,1,836,30
729,1,836,30
751,1,836,30
752,1,836,30
785,1,836,30
202,2,836,30
235,2,836,30
258,2,836,30
289,2,836,30
556,2,836,30
723,2,836,30
724,2,836,30
232,3,836,30
410,3,836,30
741,3,836,30
838,3,836,30
57,4,836,30
366,4,836,30
30,5,836,30
998,5,836,30
331,6,836,30
596,6,836,30
136,7,836,30
207,7,836,30
430,7,836,30
928,7,836,30
159,8,836,30
364,8,836,30
411,8,836,30
152,9,836,30
712,10,836,30
634,11,836,30
240,12,836,30
129,13,836,30
142,13,836,30
368,13,836,30
738,13,836,30
28,17,836,30
399,20,836,30
835,20,836,30
410,0,837,30
740,0,837,30
751,0,837,30
365,1,837,30
501,1,837,30
537,1,837,30
555,1,837,30
723,1,837,30
834,1,837,30
27,2,837,30
330,2,837,30
722,2,837,30
55,3,837,30
151,3,837,30
234,3,837,30
257,3,837,30
750,3,837,30
784,3,837,30
107,4,837,30
366,4,837,30
398,4,837,30
737,4,837,30
714,5,837,30
89,6,837,30
231,6,837,30
288,6,837,30
325,6,837,30
409,6,837,30
29,7,837,30
158,7,837,30
206,7,837,30
56,8,837,30
595,8,837,30
93,9,837,30
394,9,837,30
728,9,837,30
128,10,837,30
927,13,837,30
997,13,837,30
135,14,837,30
141,15,837,30
201,15,837,30
390,15,837,30
363,17,837,30
367,18,837,30
837,19,837,30
239,20,837,30
429,22,837,30
187,24,837,30
711,25,837,30
88,0,838,30
150,0,838,30
186,0,838,30
393,0,838,30
750,0,838,30
833,0,838,30
26,1,838,30
500,1,838,30
536,1,838,30
92,2,838,30
287,2,838,30
397,2,838,30
554,2,838,30
713,2,838,30
721,2,838,30
722,2,838,30
55,3,838,30
256,3,838,30
739,3,838,30
106,4,838,30
134,4,838,30
366,4,838,30
127,5,838,30
205,5,838,30
409,5,838,30
594,5,838,30
736,5,838,30
230,6,838,30
364,7,838,30
389,7,838,30
428,7,838,30
632,7,838,30
836,7,838,30
926,7,838,30
996,7,838,30
54,8,838,30
408,9,838,30
157,10,838,30
362,10,838,30
28,12,838,30
238,13,838,30
140,14,838,30
783,14,838,30
749,16,838,30
710,18,838,30
233,19,838,30
727,19,838,30
200,21,838,30
365,25,838,30
329,26,838,30
324,29,838,30
105,0,839,30
149,0,839,30
323,0,839,30
748,0,839,30
832,0,839,30
25,1,839,30
87,1,839,30
185,1,839,30
286,1,839,30
365,1,839,30
392,1,839,30
499,1,839,30
553,1,839,30
720,1,839,30
27,2,839,30
255,2,839,30
396,2,839,30
709,2,839,30
721,2,839,30
53,3,839,30
199,3,839,30
232,3,839,30
712,3,839,30
726,3,839,30
427,4,839,30
749,4,839,30
995,4,839,30
204,5,839,30
156,6,839,30
229,6,839,30
91,7,839,30
133,7,839,30
364,7,839,30
54,8,839,30
835,9,839,30
925,9,839,30
535,10,839,30
126,11,839,30
782,11,839,30
738,13,839,30
361,14,839,30
328,15,839,30
237,17,839,30
363,17,839,30
593,17,839,30
407,20,839,30
388,21,839,30
735,23,839,30
631,26,839,30
408,27,839,30
24,0,840,30
52,0,840,30
86,0,840,30
132,0,840,30
360,0,840,30
395,0,840,30
406,0,840,30
748,0,840,30
781,0,840,30
831,0,840,30
26,1,840,30
90,1,840,30
236,1,840,30
254,1,840,30
322,1,840,30
391,1,840,30
534,1,840,30
592,1,840,30
834,1,840,30
155,2,840,30
184,2,840,30
498,2,840,30
708,2,840,30
719,2,840,30
53,3,840,30
104,3,840,30
198,3,840,30
228,3,840,30
747,3,840,30
148,4,840,30
737,4,840,30
924,4,840,30
125,5,840,30
231,5,840,30
725,5,840,30
407,6,840,30
720,6,840,30
138,7,840,30
362,8,840,30
364,9,840,30
426,14,840,30
734,16,840,30
363,17,840,30
387,18,840,30
203,20,840,30
711,20,840,30
994,20,840,30
552,21,840,30
630,26,840,30
327,27,840,30
23,0,841,30
51,0,841,30
52,0,841,30
85,0,841,30
359,0,841,30
406,0,841,30
629,0,841,30
780,0,841,30
833,0,841,30
25,1,841,30
89,1,841,30
253,1,841,30
326,1,841,30
533,1,841,30
710,1,841,30
830,1,841,30
227,2,841,30
235,2,841,30
321,2,841,30
386,2,841,30
497,2,841,30
993,2,841,30
284,3,841,30
362,3,841,30
394,3,841,30
591,3,841,30
719,3,841,30
747,3,841,30
137,4,841,30
733,4,841,30
718,5,841,30
154,6,841,30
230,6,841,30
361,6,841,30
124,7,841,30
746,7,841,30
183,8,841,30
405,8,841,30
202,9,841,30
103,10,841,30
390,10,841,30
197,13,841,30
425,14,841,30
707,14,841,30
736,14,841,30
131,15,841,30
363,17,841,30
923,17,841,30
724,22,841,30
551,26,841,30
24,0,842,30
50,0,842,30
51,0,842,30
84,0,842,30
360,0,842,30
393,0,842,30
496,0,842,30
550,0,842,30
628,0,842,30
706,0,842,30
709,0,842,30
832,0,842,30
532,1,842,30
829,1,842,30
146,2,842,30
320,2,842,30
325,2,842,30
745,2,842,30
992,2,842,30
226,3,842,30
234,3,842,30
361,3,842,30
358,4,842,30
732,4,842,30
88,5,842,30
252,5,842,30
385,5,842,30
404,5,842,30
718,5,842,30
723,5,842,30
229,6,842,30
389,6,842,30
590,6,842,30
136,7,842,30
746,7,842,30
102,8,842,30
405,8,842,30
153,9,842,30
196,9,842,30
362,10,842,30
779,10,842,30
922,11,842,30
201,13,842,30
424,14,842,30
717,14,842,30
283,16,842,30
182,17,842,30
999,17,842,30
22,19,842,30
735,19,842,30
123,23,842,30
23,0,843,30
50,0,843,30
101,0,843,30
129,0,843,30
251,0,843,30
359,0,843,30
549,0,843,30
589,0,843,30
627,0,843,30
831,0,843,30
921,0,843,30
21,1,843,30
744,1,843,30
233,2,843,30
357,2,843,30
423,2,843,30
531,2,843,30
708,2,843,30
745,2,843,30
828,2,843,30
991,2,843,30
228,3,843,30
319,3,843,30
384,4,843,30
731,4,843,30
145,5,843,30
716,5,843,30
998,5,843,30
83,6,843,30
122,6,843,30
495,6,843,30
705,6,843,30
152,7,843,30
360,7,843,30
403,7,843,30
717,7,843,30
181,8,843,30
282,8,843,30
404,8,843,30
49,10,843,30
778,10,843,30
135,13,843,30
388,14,843,30
722,17,843,30
734,18,843,30
324,19,843,30
200,21,843,30
225,21,843,30
87,25,843,30
392,27,843,30
318,0,844,30
360,0,844,30
383,0,844,30
391,0,844,30
588,0,844,30
704,0,844,30
730,0,844,30
121,1,844,30
281,1,844,30
530,1,844,30
715,1,844,30
744,1,844,30
48,2,844,30
224,2,844,30
227,2,844,30
232,2,844,30
323,2,844,30
356,2,844,30
199,3,844,30
990,3,844,30
20,4,844,30
358,4,844,30
548,4,844,30
733,4,844,30
777,4,844,30
997,4,844,30
82,5,844,30
194,5,844,30
250,5,844,30
716,5,844,30
134,6,844,30
626,6,844,30
402,7,844,30
403,7,844,30
100,8,844,30
180,8,844,30
128,9,844,30
359,9,844,30
422,9,844,30
827,9,844,30
86,10,844,30
22,12,844,30
707,14,844,30
830,18,844,30
151,22,844,30
743,23,844,30
721,26,844,30
49,29,844,30
387,29,844,30
494,29,844,30
99,0,845,30
150,0,845,30
193,0,845,30
359,0,845,30
706,0,845,30
826,0,845,30
21,1,845,30
127,1,845,30
322,1,845,30
720,1,845,30
732,1,845,30
742,1,845,30
47,2,845,30
48,2,845,30
231,2,845,30
587,2,845,30
729,2,845,30
198,3,845,30
226,3,845,30
280,3,845,30
401,3,845,30
989,3,845,30
179,4,845,30
382,4,845,30
493,4,845,30
85,5,845,30
249,5,845,30
714,5,845,30
715,5,845,30
133,6,845,30
421,6,845,30
703,6,845,30
829,6,845,30
919,6,845,30
223,7,845,30
357,7,845,30
402,7,845,30
996,7,845,30
143,8,845,30
776,8,845,30
19,9,845,30
625,9,845,30
390,10,845,30
529,10,845,30
547,10,845,30
81,12,845,30
317,12,845,30
355,13,845,30
743,13,845,30
120,14,845,30
358,15,845,30
386,29,845,30
18,0,846,30
149,0,846,30
389,0,846,30
713,0,846,30
46,1,846,30
731,1,846,30
742,1,846,30
47,2,846,30
230,2,846,30
248,2,846,30
420,2,846,30
624,2,846,30
80,3,846,30
719,3,846,30
316,4,846,30
321,4,846,30
358,4,846,30
400,4,846,30
492,4,846,30
741,4,846,30
995,4,846,30
98,5,846,30
381,5,846,30
528,5,846,30
714,5,846,30
132,6,846,30
192,6,846,30
728,7,846,30
918,7,846,30
225,8,846,30
586,8,846,30
119,9,846,30
178,9,846,30
222,9,846,30
20,10,846,30
279,11,846,30
385,11,846,30
546,11,846,30
828,11,846,30
988,11,846,30
142,13,846,30
354,13,846,30
401,13,846,30
825,13,846,30
197,14,846,30
775,15,846,30
84,16,846,30
126,16,846,30
357,18,846,30
702,23,846,30
356,26,846,30
17,0,847,30
97,0,847,30
247,0,847,30
380,0,847,30
545,0,847,30
623,0,847,30
713,0,847,30
46,1,847,30
118,1,847,30
315,1,847,30
718,1,847,30
730,1,847,30
45,2,847,30
224,2,847,30
357,2,847,30
221,3,847,30
384,3,847,30
712,3,847,30
148,4,847,30
356,4,847,30
740,4,847,30
987,4,847,30
419,5,847,30
491,5,847,30
527,5,847,30
191,6,847,30
229,6,847,30
824,6,847,30
994,6,847,30
278,7,847,30
701,7,847,30
704,7,847,30
727,8,847,30
917,8,847,30
827,9,847,30
141,11,847,30
353,11,847,30
196,12,847,30
320,12,847,30
399,12,847,30
741,12,847,30
19,15,847,30
131,15,847,30
774,15,847,30
125,17,847,30
400,17,847,30
585,18,847,30
177,20,847,30
388,20,847,30
79,23,847,30
140,0,848,30
246,0,848,30
379,0,848,30
398,0,848,30
740,0,848,30
117,1,848,30
195,1,848,30
544,1,848,30
622,1,848,30
729,1,848,30
826,1,848,30
78,2,848,30
356,2,848,30
916,2,848,30
220,3,848,30
223,3,848,30
314,3,848,30
383,3,848,30
399,3,848,30
703,3,848,30
712,3,848,30
16,4,848,30
44,4,848,30
228,4,848,30
355,4,848,30
726,4,848,30
739,4,848,30
773,4,848,30
319,5,848,30
418,5,848,30
986,5,848,30
45,6,848,30
130,6,848,30
176,6,848,30
993,6,848,30
124,7,848,30
717,7,848,30
823,8,848,30
526,10,848,30
82,12,848,30
190,12,848,30
277,12,848,30
352,13,848,30
490,13,848,30
700,14,848,30
354,16,848,30
387,18,848,30
584,18,848,30
147,19,848,30
96,20,848,30
711,20,848,30
43,0,849,30
139,0,849,30
276,0,849,30
318,0,849,30
353,0,849,30
398,0,849,30
417,0,849,30
194,1,849,30
245,1,849,30
543,1,849,30
710,1,849,30
81,2,849,30
116,2,849,30
146,2,849,30
227,2,849,30
351,2,849,30
397,2,849,30
489,2,849,30
915,2,849,30
699,3,849,30
44,4,849,30
822,4,849,30
702,5,849,30
716,5,849,30
772,5,849,30
985,5,849,30
992,5,849,30
175,6,849,30
189,6,849,30
382,7,849,30
583,7,849,30
728,7,849,30
95,8,849,30
219,9,849,30
621,9,849,30
222,11,849,30
129,12,849,30
386,13,849,30
378,14,849,30
17,16,849,30
313,17,849,30
123,18,849,30
354,18,849,30
77,19,849,30
739,19,849,30
825,19,849,30
711,20,849,30
15,23,849,30
738,24,849,30
525,25,849,30
43,0,850,30
80,0,850,30
94,0,850,30
138,0,850,30
221,0,850,30
353,0,850,30
542,0,850,30
824,0,850,30
42,1,850,30
218,1,850,30
244,1,850,30
488,1,850,30
524,1,850,30
715,1,850,30
193,2,850,30
350,2,850,30
396,2,850,30
397,2,850,30
724,2,850,30
914,2,850,30
16,4,850,30
275,4,850,30
698,4,850,30
174,5,850,30
317,5,850,30
381,5,850,30
385,5,850,30
122,6,850,30
709,6,850,30
115,7,850,30
416,7,850,30
701,7,850,30
821,7,850,30
582,8,850,30
710,8,850,30
128,9,850,30
737,9,850,30
984,10,850,30
145,11,850,30
76,12,850,30
14,13,850,30
620,13,850,30
312,14,850,30
377,17,850,30
771,17,850,30
354,18,850,30
727,19,850,30
991,23,850,30
226,28,850,30
225,0,851,30
697,0,851,30
13,1,851,30
127,1,851,30
487,1,851,30
723,1,851,30
173,2,851,30
396,2,851,30
93,3,851,30
114,3,851,30
220,3,851,30
913,3,851,30
42,4,851,30
79,4,851,30
121,4,851,30
187,4,851,30
316,4,851,30
349,4,851,30
351,4,851,30
395,4,851,30
415,4,851,30
523,4,851,30
726,4,851,30
41,5,851,30
217,5,851,30
380,5,851,30
714,5,851,30
274,6,851,30
15,7,851,30
619,7,851,30
990,7,851,30
581,8,851,30
820,8,851,30
823,8,851,30
700,9,851,30
736,9,851,30
737,9,851,30
352,10,851,30
384,10,851,30
353,11,851,30
541,11,851,30
144,13,851,30
243,14,851,30
708,14,851,30
709,14,851,30
376,15,851,30
770,17,851,30
75,20,851,30
983,22,851,30
137,26,851,30
192,28,851,30
40,0,852,30
74,0,852,30
395,0,852,30
540,0,852,30
713,0,852,30
982,0,852,30
989,0,852,30
216,1,852,30
273,1,852,30
486,1,852,30
618,1,852,30
707,1,852,30
769,1,852,30
41,2,852,30
92,2,852,30
351,2,852,30
383,2,852,30
522,2,852,30
580,2,852,30
722,2,852,30
736,2,852,30
242,3,852,30
394,3,852,30
414,3,852,30
696,3,852,30
186,4,852,30
350,4,852,30
375,4,852,30
822,4,852,30
912,4,852,30
113,5,852,30
143,5,852,30
315,5,852,30
725,5,852,30
120,6,852,30
224,7,852,30
699,8,852,30
735,8,852,30
191,9,852,30
219,9,852,30
379,9,852,30
708,10,852,30
126,11,852,30
310,12,852,30
136,14,852,30
78,15,852,30
12,17,852,30
172,19,852,30
14,21,852,30
819,21,852,30
352,25,852,30
348,27,852,30
91,0,853,30
393,0,853,30
539,0,853,30
911,0,853,30
981,0,853,30
11,1,853,30
13,1,853,30
142,1,853,30
185,1,853,30
218,1,853,30
706,1,853,30
707,1,853,30
988,1,853,30
40,2,853,30
119,2,853,30
314,2,853,30
350,2,853,30
351,2,853,30
382,2,853,30
721,2,853,30
735,2,853,30
241,3,853,30
349,3,853,30
394,3,853,30
485,3,853,30
112,4,853,30
171,4,853,30
215,4,853,30
374,4,853,30
135,5,853,30
272,5,853,30
617,6,853,30
223,7,853,30
521,7,853,30
821,7,853,30
712,8,853,30
695,9,853,30
309,10,853,30
125,11,853,30
579,11,853,30
190,12,853,30
378,12,853,30
73,14,853,30
347,14,853,30
768,14,853,30
818,14,853,30
698,16,853,30
39,19,853,30
77,19,853,30
413,19,853,30
724,27,853,30
90,0,854,30
189,0,854,30
313,0,854,30
346,0,854,30
538,0,854,30
706,0,854,30
980,0,854,30
118,1,854,30
373,1,854,30
392,1,854,30
705,1,854,30
720,1,854,30
767,1,854,30
38,2,854,30
184,2,854,30
240,2,854,30
350,2,854,30
377,2,854,30
381,2,854,30
578,2,854,30
694,2,854,30
271,3,854,30
348,3,854,30
349,3,854,30
393,3,854,30
910,3,854,30
170,4,854,30
484,4,854,30
733,4,854,30
111,5,854,30
134,5,854,30
217,5,854,30
10,6,854,30
39,6,854,30
520,7,854,30
412,8,854,30
987,8,854,30
222,9,854,30
697,11,854,30
72,12,854,30
76,12,854,30
141,12,854,30
817,13,854,30
124,14,854,30
308,14,854,30
616,14,854,30
723,14,854,30
214,15,854,30
12,17,854,30
820,17,854,30
711,23,854,30
734,25,854,30
71,0,855,30
110,0,855,30
117,0,855,30
140,0,855,30
188,0,855,30
213,0,855,30
307,0,855,30
345,0,855,30
380,0,855,30
704,0,855,30
979,0,855,30
376,1,855,30
391,1,855,30
392,1,855,30
615,1,855,30
705,1,855,30
710,1,855,30
732,1,855,30
819,1,855,30
37,2,855,30
38,2,855,30
909,2,855,30
89,3,855,30
169,3,855,30
221,3,855,30
347,3,855,30
348,3,855,30
372,3,855,30
123,4,855,30
239,4,855,30
349,4,855,30
519,4,855,30
133,5,855,30
270,6,855,30
816,6,855,30
483,7,855,30
733,7,855,30
411,8,855,30
766,10,855,30
537,12,855,30
719,12,855,30
216,13,855,30
312,14,855,30
693,15,855,30
722,17,855,30
11,18,855,30
696,18,855,30
577,19,855,30
9,26,855,30
75,28,855,30
986,29,855,30
74,0,856,30
139,0,856,30
306,0,856,30
344,0,856,30
346,0,856,30
379,0,856,30
391,0,856,30
709,0,856,30
765,0,856,30
168,1,856,30
187,1,856,30
220,1,856,30
576,1,856,30
614,1,856,30
731,1,856,30
37,2,856,30
109,2,856,30
212,2,856,30
375,2,856,30
908,2,856,30
132,3,856,30
347,3,856,30
371,3,856,30
410,3,856,30
703,3,856,30
10,4,856,30
36,4,856,30
215,4,856,30
238,4,856,30
536,4,856,30
88,5,856,30
70,6,856,30
122,6,856,30
348,6,856,30
704,6,856,30
732,7,856,30
815,7,856,30
978,9,856,30
390,10,856,30
518,11,856,30
8,12,856,30
692,15,856,30
718,18,856,30
985,18,856,30
182,20,856,30
721,26,856,30
695,27,856,30
818,29,856,30
108,0,857,30
138,0,857,30
343,0,857,30
345,0,857,30
346,0,857,30
389,0,857,30
694,0,857,30
730,0,857,30
764,0,857,30
977,0,857,30
87,1,857,30
121,1,857,30
181,1,857,30
214,1,857,30
305,1,857,30
370,1,857,30
378,1,857,30
691,1,857,30
720,1,857,30
984,1,857,30
613,2,857,30
708,2,857,30
907,2,857,30
131,3,857,30
211,3,857,30
7,4,857,30
186,4,857,30
237,4,857,30
374,4,857,30
73,5,857,30
167,5,857,30
409,5,857,30
575,5,857,30
702,5,857,30
115,6,857,30
481,6,857,30
703,6,857,30
35,8,857,30
731,8,857,30
69,9,857,30
310,9,857,30
814,10,857,30
219,11,857,30
717,11,857,30
36,12,857,30
9,13,857,30
517,13,857,30
535,14,857,30
347,15,857,30
390,15,857,30
268,17,857,30
817,28,857,30
86,0,858,30
236,0,858,30
344,0,858,30
345,0,858,30
373,0,858,30
693,0,858,30
716,0,858,30
730,0,858,30
763,0,858,30
369,1,858,30
534,1,858,30
690,1,858,30
701,1,858,30
707,1,858,30
729,1,858,30
983,1,858,30
180,2,858,30
377,2,858,30
408,3,858,30
719,3,858,30
137,4,858,30
813,4,858,30
976,4,858,30
8,5,858,30
166,5,858,30
267,5,858,30
480,5,858,30
516,5,858,30
72,6,858,30
185,6,858,30
816,6,858,30
210,7,858,30
309,7,858,30
574,7,858,30
612,7,858,30
34,8,858,30
120,8,858,30
389,9,858,30
906,10,858,30
6,11,858,30
304,11,858,30
346,12,858,30
114,14,858,30
213,14,858,30
218,14,858,30
702,15,858,30
130,16,858,30
342,16,858,30
107,19,858,30
388,20,858,30
35,25,858,30
68,27,858,30
7,0,859,30
71,0,859,30
85,0,859,30
129,0,859,30
341,0,859,30
343,0,859,30
344,0,859,30
376,0,859,30
479,0,859,30
706,0,859,30
728,0,859,30
815,0,859,30
982,0,859,30
67,1,859,30
533,1,859,30
701,1,859,30
715,1,859,30
5,2,859,30
184,2,859,30
212,2,859,30
235,2,859,30
407,2,859,30
372,3,859,30
573,3,859,30
692,3,859,30
762,3,859,30
179,4,859,30
303,4,859,30
812,4,859,30
106,5,859,30
113,5,859,30
217,5,859,30
729,5,859,30
515,6,859,30
33,7,859,30
136,7,859,30
165,7,859,30
718,7,859,30
345,8,859,30
689,8,859,30
975,8,859,30
119,9,859,30
700,9,859,30
266,11,859,30
368,13,859,30
905,13,859,30
209,14,859,30
388,14,859,30
34,17,859,30
387,18,859,30
308,19,859,30
611,19,859,30
84,0,860,30
112,0,860,30
164,0,860,30
307,0,860,30
343,0,860,30
367,0,860,30
406,0,860,30
478,0,860,30
904,0,860,30
981,0,860,30
66,1,860,30
344,1,860,30
514,1,860,30
532,1,860,30
610,1,860,30
691,1,860,30
705,1,860,30
811,1,860,30
814,1,860,30
70,2,860,30
128,2,860,30
216,2,860,30
371,2,860,30
375,2,860,30
386,2,860,30
761,2,860,30
105,3,860,30
211,3,860,30
234,3,860,30
572,3,860,30
4,4,860,30
265,5,860,30
688,5,860,30
714,5,860,30
717,7,860,30
728,7,860,30
699,8,860,30
727,8,860,30
32,9,860,30
118,9,860,30
178,9,860,30
700,9,860,30
974,9,860,30
6,11,860,30
135,14,860,30
183,15,860,30
33,18,860,30
208,19,860,30
340,21,860,30
387,22,860,30
302,24,860,30
3,0,861,30
5,0,861,30
31,0,861,30
117,0,861,30
182,0,861,30
306,0,861,30
341,0,861,30
370,0,861,30
571,0,861,30
704,0,861,30
713,0,861,30
903,0,861,30
973,0,861,30
980,0,861,30
111,1,861,30
609,1,861,30
690,1,861,30
813,1,861,30
215,2,861,30
233,2,861,30
301,2,861,30
386,2,861,30
104,3,861,30
342,3,861,30
513,3,861,30
699,3,861,30
726,3,861,30
760,3,861,30
810,3,861,30
366,4,861,30
374,4,861,30
477,4,861,30
177,5,861,30
385,5,861,30
716,5,861,30
134,6,861,30
343,6,861,30
531,6,861,30
127,7,861,30
207,7,861,30
405,8,861,30
727,8,861,30
32,9,861,30
69,9,861,30
339,9,861,30
687,12,861,30
264,14,861,30
698,16,861,30
163,19,861,30
210,27,861,30
31,0,862,30
110,0,862,30
209,0,862,30
373,0,862,30
697,0,862,30
902,0,862,30
979,0,862,30
365,1,862,30
369,1,862,30
715,1,862,30
232,2,862,30
570,2,862,30
342,3,862,30
476,3,862,30
530,3,862,30
608,3,862,30
712,3,862,30
4,4,862,30
305,4,862,30
698,4,862,30
726,4,862,30
103,5,862,30
338,5,862,30
341,5,862,30
404,5,862,30
725,5,862,30
126,6,862,30
133,6,862,30
214,6,862,30
340,6,862,30
162,7,862,30
206,7,862,30
812,7,862,30
689,8,862,30
30,9,862,30
64,9,862,30
512,9,862,30
176,10,862,30
384,10,862,30
385,11,862,30
68,12,862,30
82,12,862,30
300,12,862,30
686,12,862,30
703,13,862,30
972,15,862,30
263,16,862,30
116,20,862,30
759,23,862,30
181,24,862,30
809,24,862,30
2,26,862,30
3,0,863,30
29,0,863,30
213,0,863,30
341,0,863,30
697,0,863,30
685,1,863,30
901,1,863,30
81,2,863,30
180,2,863,30
231,2,863,30
262,2,863,30
811,2,863,30
132,3,863,30
372,3,863,30
384,3,863,30
569,3,863,30
696,3,863,30
1,4,863,30
475,4,863,30
30,5,863,30
102,5,863,30
205,5,863,30
607,5,863,30
714,5,863,30
725,5,863,30
125,6,863,30
511,6,863,30
403,7,863,30
688,7,863,30
808,7,863,30
115,8,863,30
364,8,863,30
529,8,863,30
63,9,863,30
175,9,863,30
208,9,863,30
337,9,863,30
339,9,863,30
758,9,863,30
109,10,863,30
978,10,863,30
304,11,863,30
971,11,863,30
161,12,863,30
299,12,863,30
368,14,863,30
702,15,863,30
383,18,863,30
711,20,863,30
340,21,863,30
67,23,863,30
62,0,864,30
101,0,864,30
108,0,864,30
230,0,864,30
298,0,864,30
336,0,864,30
367,0,864,30
383,0,864,30
684,0,864,30
713,0,864,30
977,0,864,30
0,1,864,30
174,1,864,30
303,1,864,30
510,1,864,30
701,1,864,30
723,1,864,30
757,1,864,30
970,1,864,30
212,2,864,30
261,2,864,30
724,2,864,30
114,3,864,30
131,3,864,30
179,3,864,30
371,3,864,30
687,3,864,30
204,4,864,30
382,4,864,30
80,5,864,30
338,5,864,30
474,5,864,30
528,5,864,30
900,5,864,30
568,6,864,30
606,6,864,30
696,6,864,30
66,7,864,30
207,7,864,30
402,7,864,30
339,9,864,30
810,9,864,30
695,10,864,30
807,10,864,30
160,11,864,30
340,11,864,30
28,12,864,30
124,14,864,30
29,16,864,30
2,17,864,30
710,21,864,30
363,24,864,30
473,0,865,30
509,0,865,30
683,0,865,30
694,0,865,30
709,0,865,30
100,1,865,30
159,1,865,30
173,1,865,30
302,1,865,30
370,1,865,30
527,1,865,30
605,1,865,30
723,1,865,30
899,1,865,30
206,2,865,30
297,2,865,30
203,3,865,30
211,3,865,30
362,3,865,30
567,3,865,30
756,3,865,30
1,4,865,30
260,4,865,30
976,4,865,30
338,5,865,30
381,5,865,30
686,5,865,30
61,6,865,30
107,6,865,30
130,6,865,30
382,7,865,30
229,8,865,30
337,8,865,30
401,8,865,30
712,8,865,30
339,9,865,30
335,10,865,30
366,10,865,30
695,10,865,30
113,11,865,30
806,15,865,30
178,16,865,30
28,17,865,30
969,17,865,30
809,19,865,30
700,20,865,30
123,23,865,30
722,23,865,30
99,0,866,30
301,0,866,30
336,0,866,30
472,0,866,30
693,0,866,30
694,0,866,30
172,1,866,30
365,1,866,30
369,1,866,30
604,1,866,30
685,1,866,30
27,2,866,30
112,2,866,30
122,2,866,30
129,2,866,30
259,2,866,30
708,2,866,30
722,2,866,30
78,3,866,30
361,3,866,30
682,3,866,30
699,3,866,30
755,3,866,30
202,4,866,30
228,4,866,30
808,4,866,30
0,5,866,30
177,5,866,30
380,5,866,30
381,5,866,30
975,5,866,30
60,6,866,30
106,6,866,30
338,7,866,30
158,8,866,30
337,8,866,30
400,8,866,30
968,8,866,30
526,10,866,30
898,10,866,30
64,11,866,30
334,12,866,30
508,12,866,30
721,12,866,30
805,13,866,30
566,14,866,30
711,20,866,30
296,21,866,30
26,22,866,30
105,0,867,30
204,0,867,30
300,0,867,30
380,0,867,30
471,0,867,30
684,0,867,30
693,0,867,30
26,1,867,30
121,1,867,30
157,1,867,30
209,1,867,30
707,1,867,30
720,1,867,30
807,1,867,30
63,2,867,30
128,2,867,30
176,2,867,30
227,2,867,30
258,2,867,30
295,2,867,30
336,2,867,30
721,2,867,30
974,2,867,30
98,3,867,30
171,3,867,30
897,3,867,30
967,3,867,30
77,4,867,30
681,4,867,30
698,4,867,30
111,5,867,30
360,5,867,30
25,6,867,30
507,6,867,30
364,7,867,30
379,7,867,30
565,7,867,30
754,7,867,30
333,8,867,30
335,8,867,30
368,8,867,30
337,9,867,30
59,11,867,30
804,11,867,30
201,13,867,30
399,15,867,30
692,17,867,30
710,18,867,30
525,25,867,30
603,28,867,30
24,0,868,30
97,0,868,30
110,0,868,30
336,0,868,30
379,0,868,30
680,0,868,30
683,0,868,30
697,0,868,30
706,0,868,30
709,0,868,30
25,1,868,30
156,1,868,30
208,1,868,30
257,1,868,30
378,1,868,30
470,1,868,30
691,1,868,30
104,2,868,30
294,2,868,30
332,2,868,30
719,2,868,30
203,3,868,30
226,3,868,30
524,3,868,30
692,3,868,30
803,3,868,30
973,4,868,30
127,5,868,30
120,6,868,30
175,6,868,30
367,6,868,30
506,6,868,30
720,6,868,30
753,6,868,30
62,7,868,30
398,7,868,30
335,8,868,30
896,8,868,30
170,9,868,30
58,11,868,30
359,11,868,30
200,12,868,30
334,12,868,30
564,12,868,30
76,14,868,30
806,15,868,30
299,19,868,30
363,24,868,30
966,26,868,30
23,0,869,30
24,0,869,30
225,0,869,30
334,0,869,30
505,0,869,30
679,0,869,30
109,1,869,30
690,1,869,30
705,1,869,30
57,2,869,30
119,2,869,30
155,2,869,30
397,2,869,30
805,2,869,30
199,3,869,30
362,3,869,30
696,3,869,30
719,3,869,30
802,3,869,30
895,3,869,30
202,4,869,30
358,4,869,30
523,4,869,30
682,4,869,30
169,5,869,30
563,5,869,30
61,6,869,30
126,6,869,30
469,6,869,30
174,7,869,30
377,7,869,30
256,8,869,30
333,8,869,30
103,10,869,30
207,10,869,30
335,10,869,30
366,10,869,30
96,11,869,30
293,11,869,30
298,11,869,30
752,11,869,30
378,12,869,30
601,12,869,30
708,14,869,30
972,15,869,30
75,17,869,30
331,18,869,30
718,20,869,30
691,29,869,30
965,29,869,30
23,0,870,30
74,0,870,30
334,0,870,30
376,0,870,30
600,0,870,30
704,0,870,30
894,0,870,30
60,1,870,30
108,1,870,30
118,1,870,30
125,1,870,30
297,1,870,30
504,1,870,30
707,1,870,30
718,1,870,30
56,2,870,30
206,2,870,30
330,2,870,30
332,2,870,30
357,2,870,30
396,2,870,30
522,2,870,30
751,2,870,30
198,3,870,30
224,3,870,30
361,3,870,30
681,4,870,30
964,4,870,30
255,6,870,30
173,7,870,30
377,7,870,30
468,7,870,30
562,7,870,30
801,7,870,30
154,8,870,30
690,8,870,30
22,10,870,30
95,10,870,30
695,10,870,30
717,11,870,30
804,11,870,30
971,11,870,30
102,13,870,30
333,13,870,30
201,17,870,30
292,17,870,30
689,18,870,30
168,19,870,30
365,25,870,30
678,26,870,30
94,0,871,30
101,0,871,30
172,0,871,30
360,0,871,30
395,0,871,30
677,0,871,30
694,0,871,30
706,0,871,30
117,1,871,30
376,1,871,30
503,1,871,30
521,1,871,30
800,1,871,30
970,1,871,30
167,2,871,30
356,2,871,30
223,3,871,30
703,3,871,30
599,4,871,30
963,4,871,30
205,5,871,30
332,5,871,30
688,5,871,30
716,5,871,30
803,5,871,30
467,6,871,30
375,7,871,30
717,7,871,30
689,8,871,30
153,9,871,30
333,9,871,30
364,9,871,30
200,12,871,30
21,14,871,30
197,14,871,30
55,15,871,30
291,15,871,30
680,15,871,30
22,19,871,30
59,19,871,30
107,19,871,30
331,19,871,30
329,20,871,30
254,22,871,30
561,22,871,30
893,25,871,30
124,27,871,30
73,29,871,30
296,29,871,30
196,0,872,30
359,0,872,30
502,0,872,30
693,0,872,30
21,1,872,30
100,1,872,30
676,1,872,30
705,1,872,30
715,1,872,30
116,2,872,30
171,2,872,30
328,2,872,30
332,2,872,30
520,2,872,30
93,3,872,30
199,3,872,30
687,3,872,30
166,4,872,30
204,4,872,30
598,4,872,30
679,4,872,30
688,4,872,30
106,5,872,30
330,5,872,30
702,5,872,30
20,6,872,30
58,6,872,30
72,6,872,30
969,6,872,30
375,7,872,30
54,8,872,30
355,8,872,30
152,9,872,30
222,9,872,30
799,9,872,30
253,10,872,30
716,10,872,30
802,10,872,30
290,11,872,30
331,11,872,30
466,12,872,30
295,15,872,30
363,17,872,30
123,18,872,30
394,18,872,30
962,18,872,30
749,19,872,30
560,22,872,30
892,25,872,30
221,0,873,30
289,0,873,30
373,0,873,30
393,0,873,30
99,1,873,30
105,1,873,30
195,1,873,30
203,1,873,30
294,1,873,30
465,1,873,30
501,1,873,30
701,1,873,30
198,2,873,30
252,2,873,30
330,2,873,30
151,3,873,30
362,3,873,30
692,3,873,30
170,4,873,30
327,4,873,30
519,4,873,30
358,5,873,30
686,5,873,30
714,5,873,30
20,6,873,30
92,6,873,30
115,6,873,30
122,6,873,30
798,6,873,30
165,7,873,30
678,7,873,30
801,7,873,30
53,8,873,30
704,10,873,30
715,10,873,30
748,10,873,30
331,11,873,30
354,12,873,30
687,12,873,30
961,12,873,30
57,13,873,30
559,13,873,30
19,15,873,30
968,17,873,30
675,18,873,30
71,19,873,30
329,20,873,30
597,22,873,30
374,24,873,30
18,0,874,30
52,0,874,30
56,0,874,30
373,0,874,30
713,0,874,30
890,0,874,30
121,1,874,30
194,1,874,30
293,1,874,30
392,1,874,30
500,1,874,30
518,1,874,30
677,1,874,30
691,1,874,30
800,1,874,30
70,2,874,30
104,2,874,30
202,2,874,30
328,2,874,30
357,2,874,30
797,2,874,30
960,2,874,30
98,3,874,30
114,3,874,30
150,3,874,30
169,3,874,30
326,3,874,30
361,3,874,30
372,3,874,30
703,3,874,30
967,3,874,30
220,4,874,30
330,5,874,30
164,6,874,30
674,7,874,30
19,9,874,30
558,9,874,30
685,9,874,30
197,10,874,30
464,10,874,30
747,10,874,30
686,12,874,30
700,12,874,30
714,15,874,30
596,16,874,30
288,17,874,30
251,18,874,30
91,21,874,30
329,23,874,30
17,0,875,30
51,0,875,30
168,0,875,30
193,0,875,30
557,0,875,30
595,0,875,30
889,0,875,30
391,1,875,30
499,1,875,30
517,1,875,30
676,1,875,30
685,1,875,30
690,1,875,30
325,2,875,30
356,2,875,30
371,2,875,30
673,2,875,30
713,2,875,30
959,2,875,30
18,3,875,30
97,3,875,30
163,3,875,30
372,3,875,30
699,3,875,30
90,4,875,30
219,4,875,30
327,4,875,30
328,4,875,30
55,5,875,30
113,5,875,30
120,6,875,30
196,7,875,30
360,7,875,30
746,7,875,30
287,8,875,30
463,8,875,30
684,8,875,30
712,8,875,30
69,9,875,30
292,9,875,30
799,9,875,30
149,10,875,30
352,10,875,30
796,10,875,30
201,15,875,30
250,15,875,30
702,15,875,30
103,17,875,30
329,20,875,30
966,22,875,30
50,0,876,30
498,0,876,30
672,0,876,30
684,0,876,30
798,0,876,30
888,0,876,30
195,1,876,30
218,1,876,30
286,1,876,30
462,1,876,30
516,1,876,30
701,1,876,30
795,1,876,30
119,2,876,30
167,2,876,30
351,2,876,30
370,2,876,30
556,2,876,30
683,2,876,30
89,3,876,30
326,3,876,30
371,3,876,30
712,3,876,30
958,3,876,30
112,4,876,30
192,4,876,30
291,4,876,30
327,4,876,30
355,4,876,30
594,4,876,30
745,4,876,30
16,5,876,30
162,5,876,30
148,6,876,30
17,9,876,30
102,9,876,30
249,9,876,30
689,10,876,30
68,12,876,30
359,13,876,30
328,15,876,30
698,16,876,30
200,18,876,30
675,19,876,30
96,20,876,30
711,20,876,30
390,21,876,30
54,22,876,30
324,23,876,30
965,29,876,30
88,0,877,30
161,0,877,30
683,0,877,30
887,0,877,30
111,1,877,30
194,1,877,30
326,1,877,30
710,1,877,30
744,1,877,30
797,1,877,30
101,2,877,30
248,2,877,30
350,2,877,30
369,2,877,30
497,2,877,30
555,2,877,30
53,3,877,30
323,3,877,30
16,4,877,30
461,4,877,30
593,4,877,30
682,4,877,30
688,4,877,30
964,4,877,30
191,5,877,30
290,5,877,30
95,6,877,30
166,6,877,30
217,6,877,30
325,6,877,30
515,6,877,30
15,7,877,30
285,7,877,30
358,7,877,30
674,7,877,30
794,8,877,30
118,9,877,30
354,12,877,30
671,15,877,30
957,16,877,30
67,17,877,30
147,19,877,30
370,19,877,30
711,20,877,30
327,23,877,30
389,23,877,30
49,25,877,30
199,26,877,30
697,27,877,30
117,0,878,30
160,0,878,30
247,0,878,30
284,0,878,30
353,0,878,30
460,0,878,30
496,0,878,30
886,0,878,30
87,1,878,30
100,1,878,30
289,1,878,30
322,1,878,30
514,1,878,30
592,1,878,30
710,1,878,30
66,2,878,30
94,2,878,30
198,2,878,30
325,2,878,30
357,2,878,30
554,2,878,30
670,2,878,30
673,2,878,30
793,2,878,30
52,3,878,30
349,3,878,30
687,3,878,30
699,3,878,30
193,4,878,30
681,4,878,30
682,4,878,30
963,4,878,30
190,5,878,30
796,5,878,30
146,6,878,30
216,6,878,30
696,6,878,30
709,6,878,30
15,7,878,30
165,7,878,30
369,7,878,30
743,8,878,30
110,9,878,30
956,10,878,30
326,11,878,30
368,13,878,30
388,13,878,30
48,19,878,30
14,25,878,30
99,0,879,30
164,0,879,30
189,0,879,30
246,0,879,30
459,0,879,30
672,0,879,30
709,0,879,30
742,0,879,30
109,1,879,30
159,1,879,30
116,2,879,30
323,2,879,30
325,2,879,30
356,2,879,30
495,2,879,30
591,2,879,30
792,2,879,30
885,2,879,30
145,3,879,30
348,3,879,30
513,3,879,30
192,4,879,30
681,4,879,30
698,4,879,30
93,6,879,30
288,6,879,30
367,6,879,30
955,6,879,30
962,7,879,30
368,8,879,30
669,8,879,30
795,9,879,30
86,10,879,30
197,10,879,30
695,10,879,30
283,12,879,30
686,12,879,30
14,13,879,30
352,13,879,30
215,14,879,30
708,14,879,30
680,15,879,30
47,17,879,30
51,18,879,30
321,21,879,30
387,22,879,30
553,22,879,30
324,23,879,30
13,25,879,30
65,29,879,30
108,0,880,30
144,0,880,30
188,0,880,30
680,0,880,30
13,1,880,30
245,1,880,30
322,1,880,30
458,1,880,30
685,1,880,30
707,1,880,30
85,2,880,30
92,2,880,30
287,2,880,30
323,2,880,30
351,2,880,30
386,2,880,30
494,2,880,30
999,2,880,30
46,3,880,30
163,3,880,30
347,3,880,30
741,3,880,30
64,4,880,30
366,4,880,30
679,4,880,30
794,4,880,30
954,4,880,30
98,5,880,30
191,5,880,30
355,5,880,30
697,5,880,30
367,6,880,30
694,6,880,30
158,7,880,30
196,7,880,30
512,7,880,30
668,7,880,30
961,7,880,30
282,8,880,30
791,9,880,30
12,10,880,30
590,10,880,30
884,10,880,30
50,11,880,30
115,14,880,30
214,15,880,30
708,17,880,30
320,18,880,30
324,19,880,30
671,19,880,30
552,20,880,30
213,0,881,30
679,0,881,30
684,0,881,30
953,0,881,30
11,1,881,30
157,1,881,30
244,1,881,30
281,1,881,30
286,1,881,30
365,1,881,30
706,1,881,30
63,2,881,30
321,2,881,30
323,2,881,30
350,2,881,30
493,2,881,30
670,2,881,30
793,2,881,30
883,2,881,30
960,2,881,30
114,3,881,30
696,3,881,30
187,4,881,30
790,4,881,30
143,5,881,30
190,5,881,30
319,5,881,30
385,5,881,30
740,5,881,30
107,6,881,30
457,6,881,30
667,6,881,30
693,6,881,30
998,6,881,30
91,7,881,30
551,8,881,30
589,8,881,30
45,9,881,30
322,9,881,30
162,10,881,30
366,10,881,30
511,11,881,30
49,12,881,30
354,12,881,30
346,15,881,30
84,16,881,30
707,17,881,30
678,19,881,30
12,20,881,30
195,28,881,30
97,29,881,30
161,0,882,30
189,0,882,30
550,0,882,30
677,0,882,30
683,0,882,30
90,1,882,30
156,1,882,30
510,1,882,30
588,1,882,30
705,1,882,30
882,1,882,30
48,2,882,30
212,2,882,30
280,2,882,30
320,2,882,30
321,2,882,30
456,2,882,30
666,2,882,30
789,2,882,30
792,2,882,30
959,2,882,30
384,3,882,30
692,3,882,30
186,4,882,30
706,4,882,30
952,4,882,30
106,5,882,30
113,5,882,30
318,5,882,30
492,5,882,30
10,6,882,30
83,6,882,30
365,6,882,30
997,6,882,30
96,7,882,30
285,7,882,30
364,7,882,30
678,7,882,30
345,8,882,30
695,9,882,30
142,10,882,30
322,10,882,30
669,10,882,30
739,11,882,30
44,12,882,30
353,13,882,30
194,18,882,30
62,19,882,30
11,24,882,30
243,25,882,30
349,25,882,30
43,0,883,30
160,0,883,30
188,0,883,30
193,0,883,30
284,0,883,30
549,0,883,30
694,0,883,30
89,1,883,30
105,1,883,30
185,1,883,30
279,1,883,30
677,1,883,30
691,1,883,30
47,2,883,30
320,2,883,30
455,2,883,30
881,2,883,30
211,3,883,30
242,3,883,30
319,3,883,30
383,3,883,30
682,3,883,30
10,4,883,30
321,4,883,30
951,4,883,30
82,5,883,30
141,5,883,30
317,5,883,30
491,5,883,30
61,6,883,30
112,6,883,30
348,6,883,30
704,6,883,30
95,7,883,30
344,7,883,30
364,7,883,30
668,7,883,30
155,8,883,30
958,8,883,30
791,9,883,30
352,10,883,30
509,10,883,30
676,10,883,30
996,11,883,30
9,13,883,30
738,13,883,30
665,14,883,30
363,17,883,30
788,19,883,30
587,20,883,30
88,0,884,30
140,0,884,30
316,0,884,30
586,0,884,30
693,0,884,30
704,0,884,30
880,0,884,30
60,1,884,30
154,1,884,30
159,1,884,30
187,1,884,30
490,1,884,30
676,1,884,30
690,1,884,30
94,2,884,30
104,2,884,30
351,2,884,30
9,3,884,30
46,3,884,30
241,3,884,30
362,3,884,30
703,3,884,30
995,3,884,30
192,4,884,30
210,4,884,30
548,4,884,30
681,4,884,30
737,4,884,30
950,4,884,30
318,5,884,30
667,5,884,30
343,6,884,30
454,6,884,30
111,7,884,30
278,7,884,30
42,8,884,30
664,8,884,30
790,8,884,30
957,8,884,30
382,10,884,30
8,12,884,30
81,12,884,30
320,12,884,30
184,16,884,30
283,16,884,30
675,16,884,30
347,17,884,30
319,22,884,30
787,23,884,30
508,24,884,30
139,0,885,30
318,0,885,30
346,0,885,30
507,0,885,30
87,1,885,30
153,1,885,30
209,1,885,30
315,1,885,30
786,1,885,30
41,2,885,30
45,2,885,30
59,2,885,30
350,2,885,30
489,2,885,30
789,2,885,30
879,2,885,30
80,3,885,30
93,3,885,30
361,3,885,30
585,3,885,30
186,4,885,30
240,4,885,30
8,5,885,30
191,5,885,30
277,5,885,30
317,5,885,30
381,5,885,30
663,5,885,30
680,5,885,30
736,5,885,30
183,6,885,30
994,6,885,30
674,7,885,30
282,8,885,30
453,8,885,30
956,8,885,30
319,9,885,30
103,10,885,30
362,11,885,30
666,11,885,30
110,12,885,30
949,15,885,30
342,16,885,30
692,17,885,30
703,19,885,30
547,20,885,30
689,20,885,30
702,22,885,30
675,23,885,30
7,24,885,30
7,0,886,30
138,0,886,30
276,0,886,30
316,0,886,30
318,0,886,30
345,0,886,30
58,1,886,30
109,1,886,30
157,1,886,30
208,1,886,30
452,1,886,30
701,1,886,30
785,1,886,30
40,2,886,30
92,2,886,30
86,3,886,30
349,3,886,30
239,4,886,30
281,4,886,30
488,4,886,30
546,4,886,30
688,4,886,30
691,4,886,30
44,5,886,30
190,5,886,30
361,5,886,30
380,5,886,30
662,5,886,30
679,5,886,30
665,6,886,30
673,6,886,30
955,6,886,30
993,6,886,30
152,7,886,30
341,8,886,30
735,8,886,30
788,8,886,30
79,9,886,30
674,9,886,30
317,11,886,30
102,13,886,30
948,13,886,30
185,14,886,30
506,16,886,30
6,17,886,30
182,17,886,30
584,18,886,30
702,18,886,30
878,28,886,30
5,0,887,30
91,0,887,30
189,0,887,30
313,0,887,30
316,0,887,30
344,0,887,30
360,0,887,30
784,0,887,30
108,1,887,30
156,1,887,30
315,1,887,30
672,1,887,30
57,2,887,30
85,2,887,30
101,2,887,30
184,2,887,30
280,2,887,30
673,2,887,30
954,2,887,30
151,3,887,30
348,3,887,30
487,3,887,30
181,4,887,30
238,4,887,30
275,4,887,30
545,5,887,30
340,6,887,30
877,6,887,30
992,6,887,30
137,7,887,30
207,7,887,30
379,7,887,30
678,7,887,30
701,7,887,30
664,8,887,30
787,10,887,30
6,11,887,30
505,12,887,30
690,12,887,30
43,13,887,30
359,13,887,30
583,17,887,30
78,18,887,30
317,18,887,30
734,18,887,30
39,19,887,30
661,19,887,30
700,20,887,30
451,22,887,30
947,26,887,30
5,0,888,30
90,0,888,30
150,0,888,30
155,0,888,30
188,0,888,30
343,0,888,30
359,0,888,30
946,0,888,30
953,0,888,30
279,1,888,30
378,1,888,30
544,1,888,30
672,1,888,30
38,2,888,30
56,2,888,30
180,2,888,30
786,2,888,30
84,3,888,30
100,3,888,30
314,3,888,30
347,3,888,30
42,4,888,30
107,4,888,30
237,4,888,30
504,4,888,30
4,5,888,30
358,5,888,30
663,5,888,30
686,5,888,30
783,6,888,30
876,6,888,30
136,7,888,30
206,7,888,30
316,7,888,30
486,7,888,30
677,7,888,30
183,8,888,30
274,8,888,30
582,8,888,30
699,8,888,30
339,9,888,30
700,9,888,30
733,9,888,30
671,11,888,30
689,11,888,30
315,13,888,30
312,15,888,30
660,15,888,30
450,16,888,30
77,19,888,30
991,23,888,30
3,0,889,30
149,0,889,30
236,0,889,30
945,0,889,30
154,1,889,30
273,1,889,30
543,1,889,30
685,1,889,30
732,1,889,30
37,2,889,30
41,2,889,30
76,2,889,30
357,2,889,30
377,2,889,30
449,2,889,30
503,2,889,30
782,2,889,30
999,2,889,30
89,3,889,30
179,3,889,30
314,3,889,30
342,3,889,30
485,3,889,30
952,3,889,30
106,4,889,30
187,4,889,30
698,4,889,30
205,5,889,30
338,5,889,30
358,5,889,30
659,5,889,30
662,5,889,30
785,5,889,30
83,6,889,30
875,6,889,30
4,7,889,30
313,7,889,30
676,7,889,30
990,7,889,30
581,8,889,30
699,8,889,30
99,9,889,30
135,13,889,30
315,13,889,30
670,13,889,30
55,15,889,30
311,15,889,30
688,16,889,30
182,17,889,30
278,17,889,30
671,17,889,30
346,27,889,30
3,0,890,30
40,0,890,30
105,0,890,30
313,0,890,30
341,0,890,30
542,0,890,30
580,0,890,30
684,0,890,30
784,0,890,30
951,0,890,30
989,0,890,30
153,1,890,30
658,1,890,30
661,1,890,30
731,1,890,30
874,1,890,30
314,2,890,30
356,2,890,30
357,2,890,30
376,2,890,30
502,2,890,30
98,3,890,30
687,3,890,30
134,4,890,30
181,4,890,30
186,4,890,30
204,4,890,30
345,4,890,30
670,4,890,30
272,5,890,30
277,5,890,30
697,5,890,30
944,5,890,30
998,5,890,30
36,6,890,30
148,6,890,30
781,6,890,30
448,7,890,30
54,8,890,30
337,8,890,30
312,9,890,30
75,10,890,30
178,11,890,30
82,12,890,30
310,13,890,30
88,15,890,30
698,16,890,30
669,17,890,30
484,19,890,30
235,21,890,30
675,28,890,30
2,29,890,30
309,0,891,30
313,0,891,30
336,0,891,30
683,0,891,30
87,1,891,30
185,1,891,30
203,1,891,30
344,1,891,30
657,1,891,30
730,1,891,30
780,1,891,30
873,1,891,30
988,1,891,30
81,2,891,30
133,2,891,30
356,2,891,30
375,2,891,30
950,2,891,30
97,3,891,30
234,3,891,30
271,3,891,30
696,3,891,30
276,4,891,30
579,4,891,30
997,4,891,30
152,5,891,30
355,5,891,30
686,5,891,30
697,5,891,30
74,6,891,30
312,6,891,30
340,6,891,30
783,6,891,30
177,7,891,30
483,7,891,30
668,7,891,30
674,7,891,30
35,8,891,30
53,8,891,30
180,8,891,30
311,8,891,30
1,9,891,30
660,10,891,30
669,10,891,30
943,11,891,30
541,12,891,30
104,13,891,30
2,14,891,30
39,16,891,30
501,17,891,30
147,19,891,30
80,0,892,30
86,0,892,30
132,0,892,30
446,0,892,30
540,0,892,30
52,1,892,30
729,1,892,30
38,2,892,30
184,2,892,30
202,2,892,30
275,2,892,30
656,2,892,30
999,2,892,30
151,3,892,30
179,3,892,30
942,3,892,30
176,4,892,30
343,4,892,30
374,4,892,30
578,4,892,30
682,4,892,30
987,4,892,30
0,5,892,30
312,5,892,30
659,5,892,30
696,5,892,30
146,6,892,30
311,6,892,30
667,6,892,30
782,6,892,30
668,7,892,30
996,7,892,30
34,8,892,30
335,8,892,30
1,9,892,30
482,9,892,30
685,9,892,30
673,10,892,30
695,10,892,30
779,10,892,30
96,11,892,30
339,11,892,30
949,11,892,30
310,12,892,30
872,12,892,30
354,13,892,30
73,14,892,30
103,15,892,30
270,17,892,30
500,17,892,30
233,18,892,30
308,19,892,30
355,25,892,30
85,0,893,30
150,0,893,30
307,0,893,30
353,0,893,30
373,0,893,30
445,0,893,30
539,0,893,30
672,0,893,30
781,0,893,30
51,1,893,30
72,1,893,30
145,1,893,30
655,1,893,30
37,2,893,30
694,2,893,30
995,2,893,30
131,3,893,30
274,3,893,30
941,3,893,30
175,4,893,30
334,4,893,30
681,4,893,30
871,4,893,30
311,5,893,30
338,5,893,30
986,5,893,30
998,5,893,30
95,6,893,30
183,6,893,30
310,6,893,30
481,6,893,30
33,7,893,30
309,7,893,30
728,7,893,30
102,8,893,30
684,8,893,30
178,9,893,30
695,9,893,30
232,10,893,30
499,10,893,30
577,10,893,30
667,10,893,30
778,10,893,30
666,11,893,30
948,11,893,30
0,12,893,30
354,12,893,30
201,15,893,30
342,16,893,30
658,21,893,30
79,23,893,30
269,25,893,30
71,0,894,30
84,0,894,30
94,0,894,30
101,0,894,30
149,0,894,30
306,0,894,30
341,0,894,30
498,0,894,30
538,0,894,30
694,0,894,30
780,0,894,30
144,1,894,30
576,1,894,30
78,2,894,30
273,2,894,30
444,2,894,30
657,2,894,30
683,2,894,30
372,3,894,30
870,3,894,30
947,3,894,30
36,4,894,30
174,4,894,30
777,4,894,30
231,5,894,30
480,5,894,30
680,5,894,30
985,5,894,30
310,6,894,30
693,6,894,30
997,6,894,30
940,7,894,30
727,8,894,30
32,9,894,30
309,10,894,30
352,10,894,30
665,10,894,30
50,11,894,30
337,11,894,30
200,12,894,30
666,12,894,30
333,14,894,30
130,16,894,30
268,17,894,30
671,17,894,30
308,18,894,30
177,19,894,30
182,20,894,30
353,20,894,30
994,21,894,30
654,26,894,30
129,0,895,30
230,0,895,30
272,0,895,30
336,0,895,30
575,0,895,30
693,0,895,30
100,1,895,30
181,1,895,30
307,1,895,30
537,1,895,30
984,1,895,30
173,2,895,30
332,2,895,30
351,2,895,30
371,2,895,30
443,2,895,30
656,2,895,30
946,2,895,30
993,2,895,30
199,3,895,30
267,3,895,30
653,3,895,30
692,3,895,30
776,3,895,30
77,4,895,30
143,4,895,30
148,4,895,30
176,4,895,30
670,4,895,30
679,4,895,30
682,4,895,30
869,4,895,30
479,5,895,30
31,6,895,30
83,6,895,30
93,6,895,30
939,7,895,30
664,8,895,30
305,9,895,30
497,9,895,30
726,9,895,30
35,10,895,30
309,10,895,30
352,10,895,30
665,10,895,30
779,10,895,30
49,12,895,30
996,15,895,30
308,19,895,30
70,21,895,30
340,21,895,30
99,0,896,30
172,0,896,30
370,0,896,30
574,0,896,30
775,0,896,30
307,1,896,30
496,1,896,30
536,1,896,30
655,1,896,30
983,1,896,30
48,2,896,30
76,2,896,30
92,2,896,30
180,2,896,30
198,2,896,30
350,2,896,30
351,2,896,30
938,2,896,30
992,2,896,30
995,2,896,30
271,3,896,30
142,4,896,30
175,4,896,30
652,4,896,30
681,4,896,30
691,4,896,30
945,4,896,30
82,5,896,30
478,5,896,30
306,6,896,30
229,7,896,30
442,7,896,30
678,7,896,30
30,8,896,30
663,8,896,30
664,8,896,30
69,9,896,30
304,9,896,30
339,9,896,30
335,10,896,30
778,10,896,30
128,14,896,30
308,14,896,30
868,15,896,30
266,16,896,30
669,16,896,30
147,19,896,30
725,23,896,30
331,26,896,30
34,27,896,30
692,27,896,30
91,0,897,30
127,1,897,30
174,1,897,30
303,1,897,30
305,1,897,30
307,1,897,30
441,1,897,30
677,1,897,30
29,2,897,30
47,2,897,30
81,2,897,30
146,2,897,30
330,2,897,30
350,2,897,30
369,2,897,30
991,2,897,30
179,3,897,30
573,3,897,30
867,3,897,30
141,4,897,30
171,4,897,30
228,4,897,30
265,4,897,30
349,4,897,30
477,4,897,30
777,4,897,30
98,5,897,30
338,5,897,30
535,5,897,30
663,5,897,30
680,5,897,30
944,5,897,30
306,6,897,30
495,6,897,30
33,7,897,30
668,7,897,30
691,7,897,30
982,7,897,30
654,9,897,30
662,9,897,30
334,12,897,30
690,12,897,30
774,13,897,30
68,15,897,30
651,17,897,30
994,20,897,30
75,21,897,30
197,22,897,30
90,0,898,30
140,0,898,30
196,0,898,30
269,0,898,30
866,0,898,30
46,1,898,30
173,1,898,30
302,1,898,30
305,1,898,30
440,1,898,30
534,1,898,30
661,1,898,30
676,1,898,30
227,2,898,30
993,2,898,30
80,3,898,30
349,3,898,30
572,3,898,30
653,3,898,30
723,3,898,30
776,3,898,30
170,4,898,30
476,4,898,30
773,4,898,30
662,5,898,30
679,5,898,30
74,6,898,30
126,6,898,30
306,6,898,30
348,6,898,30
981,7,898,30
333,8,898,30
178,9,898,30
304,9,898,30
337,9,898,30
936,9,898,30
689,10,898,30
145,11,898,30
943,11,898,30
32,12,898,30
368,13,898,30
667,13,898,30
690,13,898,30
264,14,898,30
494,17,898,30
650,18,898,30
990,18,898,30
67,23,898,30
329,23,898,30
28,27,898,30
31,0,899,30
139,0,899,30
268,0,899,30
336,0,899,30
367,0,899,30
571,0,899,30
775,0,899,30
89,1,899,30
172,1,899,30
195,1,899,30
303,1,899,30
305,1,899,30
439,1,899,30
533,1,899,30
935,1,899,30
27,2,899,30
45,2,899,30
328,2,899,30
332,2,899,30
660,2,899,30
678,2,899,30
992,2,899,30
169,3,899,30
226,3,899,30
348,3,899,30
942,3,899,30
475,4,899,30
493,4,899,30
652,4,899,30
688,4,899,30
125,5,899,30
772,5,899,30
980,5,899,30
722,6,899,30
989,6,899,30
66,7,899,30
96,7,899,30
301,7,899,30
79,8,899,30
304,9,899,30
689,10,899,30
666,11,899,30
865,11,899,30
144,13,899,30
649,13,899,30
661,13,899,30
73,14,899,30
347,14,899,30
263,16,899,30
675,16,899,30
177,19,899,30
88,0,900,30
138,0,900,30
225,0,900,30
262,0,900,30
677,0,900,30
26,1,900,30
168,1,900,30
194,1,900,30
302,1,900,30
303,1,900,30
532,1,900,30
941,1,900,30
979,1,900,30
988,1,900,30
171,2,900,30
176,2,900,30
991,2,900,30
347,3,900,30
438,3,900,30
687,3,900,30
771,3,900,30
143,4,900,30
366,4,900,30
492,4,900,30
44,5,900,30
659,5,900,30
688,5,900,30
864,5,900,30
651,6,900,30
665,6,900,30
95,7,900,30
124,7,900,30
674,7,900,30
30,8,900,30
65,8,900,30
570,8,900,30
648,8,900,30
300,9,900,30
304,9,900,30
327,9,900,30
335,10,900,30
72,12,900,30
346,12,900,30
474,12,900,30
721,12,900,30
934,14,900,30
78,15,900,30
331,17,900,30
774,17,900,30
267,21,900,30
660,29,900,30
43,0,901,30
193,0,901,30
301,0,901,30
326,0,901,30
346,0,901,30
473,0,901,30
25,1,901,30
302,1,901,30
365,1,901,30
658,1,901,30
773,1,901,30
29,2,901,30
94,2,901,30
167,2,901,30
224,2,901,30
330,2,901,30
673,2,901,30
437,3,901,30
569,3,901,30
687,3,901,30
770,3,901,30
863,3,901,30
123,4,901,30
142,4,901,30
175,4,901,30
303,4,901,30
334,4,901,30
345,4,901,30
987,4,901,30
686,5,901,30
933,5,901,30
64,6,901,30
676,7,901,30
664,8,901,30
170,9,901,30
990,9,901,30
531,10,901,30
137,11,901,30
491,11,901,30
87,12,901,30
299,12,901,30
650,12,901,30
720,12,901,30
261,13,901,30
647,13,901,30
940,14,901,30
266,15,901,30
978,15,901,30
71,16,901,30
77,19,901,30
659,19,901,30
86,0,902,30
298,0,902,30
300,0,902,30
345,0,902,30
472,0,902,30
658,0,902,30
672,0,902,30
989,0,902,30
42,1,902,30
174,1,902,30
344,1,902,30
490,1,902,30
530,1,902,30
657,1,902,30
685,1,902,30
772,1,902,30
63,2,902,30
76,2,902,30
301,2,902,30
325,2,902,30
719,2,902,30
169,3,902,30
223,3,902,30
769,3,902,30
141,4,902,30
166,4,902,30
192,4,902,30
646,4,902,30
302,5,902,30
663,5,902,30
986,5,902,30
70,6,902,30
122,6,902,30
265,7,902,30
333,8,902,30
93,9,902,30
364,9,902,30
862,9,902,30
686,10,902,30
28,12,902,30
649,13,902,30
939,14,902,30
24,15,902,30
260,15,902,30
675,19,902,30
136,20,902,30
932,21,902,30
977,22,902,30
329,23,902,30
568,29,902,30
85,0,903,30
140,0,903,30
168,0,903,30
344,0,903,30
471,0,903,30
567,0,903,30
684,0,903,30
23,1,903,30
121,1,903,30
173,1,903,30
685,1,903,30
771,1,903,30
861,1,903,30
931,1,903,30
41,2,903,30
92,2,903,30
259,2,903,30
297,2,903,30
301,2,903,30
328,2,903,30
299,3,903,30
768,3,903,30
656,4,903,30
938,4,903,30
191,5,903,30
332,5,903,30
645,5,903,30
662,5,903,30
718,5,903,30
976,5,903,30
985,5,903,30
648,7,903,30
674,7,903,30
62,8,903,30
69,8,903,30
529,8,903,30
165,9,903,30
75,10,903,30
27,11,903,30
671,11,903,30
489,12,903,30
435,13,903,30
264,17,903,30
343,18,903,30
324,19,903,30
135,20,903,30
300,20,903,30
657,20,903,30
988,23,903,30
363,24,903,30
40,0,904,30
74,0,904,30
84,0,904,30
139,0,904,30
164,0,904,30
343,0,904,30
647,0,904,30
655,0,904,30
683,0,904,30
930,0,904,30
937,0,904,30
172,1,904,30
434,1,904,30
661,1,904,30
767,1,904,30
167,2,904,30
258,2,904,30
323,2,904,30
670,2,904,30
673,2,904,30
221,3,904,30
362,3,904,30
528,3,904,30
134,4,904,30
296,4,904,30
298,4,904,30
770,4,904,30
987,4,904,30
190,5,904,30
644,5,904,30
975,5,904,30
61,6,904,30
120,6,904,30
91,7,904,30
68,8,904,30
860,8,904,30
327,9,904,30
488,9,904,30
331,11,904,30
717,11,904,30
22,12,904,30
470,14,904,30
26,16,904,30
342,16,904,30
566,17,904,30
656,18,904,30
984,18,904,30
263,19,904,30
300,19,904,30
299,20,904,30
138,0,905,30
189,0,905,30
326,0,905,30
341,0,905,30
716,0,905,30
936,0,905,30
60,1,905,30
90,1,905,30
220,1,905,30
257,1,905,30
297,1,905,30
527,1,905,30
672,1,905,30
21,2,905,30
119,2,905,30
133,2,905,30
262,2,905,30
295,2,905,30
330,2,905,30
683,2,905,30
983,2,905,30
163,3,905,30
299,3,905,30
361,3,905,30
487,3,905,30
766,3,905,30
171,4,905,30
298,4,905,30
929,4,905,30
166,5,905,30
655,5,905,30
769,5,905,30
986,5,905,30
643,6,905,30
859,7,905,30
669,8,905,30
974,9,905,30
469,10,905,30
660,10,905,30
433,12,905,30
682,12,905,30
565,13,905,30
73,14,905,30
39,15,905,30
654,16,905,30
67,17,905,30
25,18,905,30
322,18,905,30
646,23,905,30
342,24,905,30
24,0,906,30
132,0,906,30
188,0,906,30
341,0,906,30
360,0,906,30
645,0,906,30
935,0,906,30
973,0,906,30
72,1,906,30
89,1,906,30
294,1,906,30
715,1,906,30
858,1,906,30
59,2,906,30
261,2,906,30
297,2,906,30
321,2,906,30
654,2,906,30
768,2,906,30
928,2,906,30
982,2,906,30
256,3,906,30
526,3,906,30
653,3,906,30
682,3,906,30
765,3,906,30
170,4,906,30
219,4,906,30
296,4,906,30
468,4,906,30
985,5,906,30
20,6,906,30
137,6,906,30
340,6,906,30
165,7,906,30
486,7,906,30
668,7,906,30
118,9,906,30
325,9,906,30
642,9,906,30
162,10,906,30
671,11,906,30
564,13,906,30
681,16,906,30
298,18,906,30
66,20,906,30
329,20,906,30
82,24,906,30
432,24,906,30
23,0,907,30
71,0,907,30
88,0,907,30
164,0,907,30
359,0,907,30
58,1,907,30
293,1,907,30
658,1,907,30
295,2,907,30
320,2,907,30
328,2,907,30
934,2,907,30
37,3,907,30
117,3,907,30
161,3,907,30
255,3,907,30
485,3,907,30
187,4,907,30
218,4,907,30
641,4,907,30
652,4,907,30
670,4,907,30
431,5,907,30
644,5,907,30
680,5,907,30
714,5,907,30
340,6,907,30
297,7,907,30
767,7,907,30
857,7,907,30
65,8,907,30
260,8,907,30
981,8,907,30
19,9,907,30
653,9,907,30
563,10,907,30
984,10,907,30
339,11,907,30
525,12,907,30
927,13,907,30
81,14,907,30
764,14,907,30
467,16,907,30
681,16,907,30
972,16,907,30
169,17,907,30
324,19,907,30
131,25,907,30
136,26,907,30
18,0,908,30
168,0,908,30
186,0,908,30
926,0,908,30
87,1,908,30
254,1,908,30
524,1,908,30
640,1,908,30
657,1,908,30
57,2,908,30
70,2,908,30
259,2,908,30
294,2,908,30
323,2,908,30
713,2,908,30
763,2,908,30
983,2,908,30
80,3,908,30
319,3,908,30
856,3,908,30
980,3,908,30
116,4,908,30
327,4,908,30
484,4,908,30
217,5,908,30
338,5,908,30
430,5,908,30
679,5,908,30
36,6,908,30
130,6,908,30
292,7,908,30
358,7,908,30
651,7,908,30
652,7,908,30
933,7,908,30
160,9,908,30
339,9,908,30
643,9,908,30
669,10,908,30
766,10,908,30
666,11,908,30
22,12,908,30
466,12,908,30
562,13,908,30
295,16,908,30
680,16,908,30
64,17,908,30
971,17,908,30
163,21,908,30
135,22,908,30
296,29,908,30
17,0,909,30
56,0,909,30
326,0,909,30
765,0,909,30
982,0,909,30
159,1,909,30
185,1,909,30
216,1,909,30
253,1,909,30
294,1,909,30
322,1,909,30
561,1,909,30
970,1,909,30
21,2,909,30
63,2,909,30
129,2,909,30
258,2,909,30
291,2,909,30
295,2,909,30
357,2,909,30
656,2,909,30
678,2,909,30
712,3,909,30
762,3,909,30
855,3,909,30
134,4,909,30
523,4,909,30
115,6,909,30
318,6,909,30
465,6,909,30
651,6,909,30
665,6,909,30
338,7,909,30
483,7,909,30
668,7,909,30
35,8,909,30
337,8,909,30
79,9,909,30
642,9,909,30
162,10,909,30
167,11,909,30
679,11,909,30
86,13,909,30
293,14,909,30
925,15,909,30
429,16,909,30
639,16,909,30
69,17,909,30
932,19,909,30
979,24,909,30
650,27,909,30
62,0,910,30
161,0,910,30
655,0,910,30
764,0,910,30
981,0,910,30
257,1,910,30
293,1,910,30
931,1,910,30
85,2,910,30
128,2,910,30
133,2,910,30
184,2,910,30
215,2,910,30
252,2,910,30
294,2,910,30
321,2,910,30
336,2,910,30
356,2,910,30
428,2,910,30
650,2,910,30
678,2,910,30
761,2,910,30
854,2,910,30
114,3,910,30
677,3,910,30
16,4,910,30
20,5,910,30
290,5,910,30
325,6,910,30
649,6,910,30
667,6,910,30
969,6,910,30
34,8,910,30
158,8,910,30
166,8,910,30
337,9,910,30
55,10,910,30
522,10,910,30
978,10,910,30
638,11,910,30
664,11,910,30
317,12,910,30
641,12,910,30
924,13,910,30
292,14,910,30
78,15,910,30
560,19,910,30
711,20,910,30
464,24,910,30
482,28,910,30
68,29,910,30
160,0,911,30
251,0,911,30
316,0,911,30
677,0,911,30
760,0,911,30
763,0,911,30
977,0,911,30
980,0,911,30
67,1,911,30
127,1,911,30
289,1,911,30
427,1,911,30
521,1,911,30
648,1,911,30
710,1,911,30
291,2,911,30
320,2,911,30
654,2,911,30
666,2,911,30
132,3,911,30
676,3,911,30
77,4,911,30
113,5,911,30
336,5,911,30
355,5,911,30
183,6,911,30
214,6,911,30
481,6,911,30
649,6,911,30
663,6,911,30
292,7,911,30
930,7,911,30
54,8,911,30
256,8,911,30
335,8,911,30
853,8,911,30
968,8,911,30
19,9,911,30
61,9,911,30
165,9,911,30
463,9,911,30
637,9,911,30
157,10,911,30
293,10,911,30
33,13,911,30
84,14,911,30
559,17,911,30
923,17,911,30
324,19,911,30
15,23,911,30
112,0,912,30
164,0,912,30
213,0,912,30
323,0,912,30
709,0,912,30
759,0,912,30
979,0,912,30
60,1,912,30
66,1,912,30
426,1,912,30
647,1,912,30
648,1,912,30
76,2,912,30
291,2,912,30
14,3,912,30
18,3,912,30
53,3,912,30
131,3,912,30
639,3,912,30
653,3,912,30
290,5,912,30
967,5,912,30
83,6,912,30
156,6,912,30
255,6,912,30
334,7,912,30
676,7,912,30
929,7,912,30
558,8,912,30
32,9,912,30
288,9,912,30
462,9,912,30
665,10,912,30
126,11,912,30
315,11,912,30
636,11,912,30
922,11,912,30
159,12,912,30
354,13,912,30
976,13,912,30
292,14,912,30
250,15,912,30
480,15,912,30
335,16,912,30
852,16,912,30
520,17,912,30
675,18,912,30
762,18,912,30
319,19,912,30
662,22,912,30
182,25,912,30
249,0,913,30
318,0,913,30
334,0,913,30
479,0,913,30
52,1,913,30
125,1,913,30
254,1,913,30
289,1,913,30
646,1,913,30
647,1,913,30
851,1,913,30
212,2,913,30
287,2,913,30
291,2,913,30
928,2,913,30
966,2,913,30
163,3,913,30
635,3,913,30
181,4,913,30
519,4,913,30
31,5,913,30
82,5,913,30
290,5,913,30
130,6,913,30
314,6,913,30
333,7,913,30
674,7,913,30
13,8,913,30
975,8,913,30
17,9,913,30
652,9,913,30
758,9,913,30
322,10,913,30
557,10,913,30
708,10,913,30
978,10,913,30
353,11,913,30
638,11,913,30
761,11,913,30
921,13,913,30
425,14,913,30
461,14,913,30
661,14,913,30
75,17,913,30
111,17,913,30
675,18,913,30
59,19,913,30
155,19,913,30
664,19,913,30
158,24,913,30
65,29,913,30
74,0,914,30
110,0,914,30
129,0,914,30
313,0,914,30
478,0,914,30
965,0,914,30
51,1,914,30
58,1,914,30
154,1,914,30
157,1,914,30
253,1,914,30
286,1,914,30
645,1,914,30
646,1,914,30
757,1,914,30
81,2,914,30
289,2,914,30
637,2,914,30
660,2,914,30
673,2,914,30
974,2,914,30
12,3,914,30
211,3,914,30
64,4,914,30
321,4,914,30
850,4,914,30
16,5,914,30
30,5,914,30
162,5,914,30
290,5,914,30
663,5,914,30
651,6,914,30
124,7,914,30
460,7,914,30
556,7,914,30
180,8,914,30
707,8,914,30
920,8,914,30
288,9,914,30
333,9,914,30
317,11,914,30
634,11,914,30
927,11,914,30
332,12,914,30
760,12,914,30
352,13,914,30
424,14,914,30
518,15,914,30
977,28,914,30
674,29,914,30
29,0,915,30
161,0,915,30
672,0,915,30
706,0,915,30
756,0,915,30
926,0,915,30
109,1,915,30
153,1,915,30
156,1,915,30
636,1,915,30
645,1,915,30
849,1,915,30
57,2,915,30
63,2,915,30
287,2,915,30
289,2,915,30
332,2,915,30
673,2,915,30
11,3,915,30
555,3,915,30
123,4,915,30
179,4,915,30
316,4,915,30
477,4,915,30
517,4,915,30
976,4,915,30
73,5,915,30
80,5,915,30
312,5,915,30
459,5,915,30
662,5,915,30
247,6,915,30
288,6,915,30
423,6,915,30
919,6,915,30
285,7,915,30
351,8,915,30
973,8,915,30
128,10,915,30
759,14,915,30
964,14,915,30
644,15,915,30
659,15,915,30
252,16,915,30
320,18,915,30
331,18,915,30
50,24,915,30
210,27,915,30
633,29,915,30
62,0,916,30
152,0,916,30
160,0,916,30
209,0,916,30
251,0,916,30
422,0,916,30
658,0,916,30
672,0,916,30
72,1,916,30
108,1,916,30
127,1,916,30
315,1,916,30
635,1,916,30
56,2,916,30
155,2,916,30
287,2,916,30
330,2,916,30
758,3,916,30
476,4,916,30
918,4,916,30
311,5,916,30
319,5,916,30
350,5,916,30
516,5,916,30
644,5,916,30
925,5,916,30
10,6,916,30
122,6,916,30
246,6,916,30
331,6,916,30
643,6,916,30
848,7,916,30
79,8,916,30
755,8,916,30
972,8,916,30
178,9,916,30
288,9,916,30
49,10,916,30
963,10,916,30
975,10,916,30
286,11,916,30
284,12,916,30
554,13,916,30
661,13,916,30
14,14,916,30
671,15,916,30
28,17,916,30
649,21,916,30
705,23,916,30
458,24,916,30
632,24,916,30
475,0,917,30
643,0,917,30
704,0,917,30
71,1,917,30
159,1,917,30
208,1,917,30
245,1,917,30
286,1,917,30
553,1,917,30
757,1,917,30
27,2,917,30
48,2,917,30
314,2,917,30
330,2,917,30
657,2,917,30
660,2,917,30
670,2,917,30
974,2,917,30
78,3,917,30
250,3,917,30
924,4,917,30
55,5,917,30
318,5,917,30
917,5,917,30
126,6,917,30
154,6,917,30
310,6,917,30
421,6,917,30
107,7,917,30
177,7,917,30
285,7,917,30
648,7,917,30
847,7,917,30
13,8,917,30
287,8,917,30
349,8,917,30
631,9,917,30
642,9,917,30
151,10,917,30
515,10,917,30
962,10,917,30
634,11,917,30
671,11,917,30
971,11,917,30
283,12,917,30
9,14,917,30
61,15,917,30
329,20,917,30
121,22,917,30
754,25,917,30
457,29,917,30
284,0,918,30
313,0,918,30
647,0,918,30
756,0,918,30
923,0,918,30
26,1,918,30
60,1,918,30
125,1,918,30
150,1,918,30
244,1,918,30
970,1,918,30
47,2,918,30
70,2,918,30
328,2,918,30
641,2,918,30
656,2,918,30
12,3,918,30
420,3,918,30
474,3,918,30
77,4,918,30
456,4,918,30
670,4,918,30
916,4,918,30
973,4,918,30
8,5,918,30
317,5,918,30
348,6,918,30
158,7,918,30
309,7,918,30
282,8,918,30
514,8,918,30
153,9,918,30
106,10,918,30
176,10,918,30
285,10,918,30
286,10,918,30
669,10,918,30
633,12,918,30
846,12,918,30
961,12,918,30
703,13,918,30
642,14,918,30
753,14,918,30
207,16,918,30
120,17,918,30
659,17,918,30
54,18,918,30
249,18,918,30
552,20,918,30
630,20,918,30
329,23,918,30
7,0,919,30
105,0,919,30
316,0,919,30
473,0,919,30
632,0,919,30
658,0,919,30
11,1,919,30
25,1,919,30
46,1,919,30
629,1,919,30
915,1,919,30
149,2,919,30
248,2,919,30
641,2,919,30
960,2,919,30
551,3,919,30
53,4,919,30
755,4,919,30
922,4,919,30
152,5,919,30
312,5,919,30
845,5,919,30
281,6,919,30
969,6,919,30
124,7,919,30
285,7,919,30
419,7,919,30
455,7,919,30
513,7,919,30
59,8,919,30
69,8,919,30
284,8,919,30
655,8,919,30
972,8,919,30
175,9,919,30
327,9,919,30
243,10,919,30
668,10,919,30
157,11,919,30
752,11,919,30
119,12,919,30
669,12,919,30
76,14,919,30
347,14,919,30
328,15,919,30
206,16,919,30
283,16,919,30
646,16,919,30
702,18,919,30
308,20,919,30
640,24,919,30
10,0,920,30
24,0,920,30
247,0,920,30
284,0,920,30
307,0,920,30
326,0,920,30
346,0,920,30
472,0,920,30
631,0,920,30
645,0,920,30
751,0,920,30
921,0,920,30
52,1,920,30
118,1,920,30
315,1,920,30
640,1,920,30
657,1,920,30
280,2,920,30
654,2,920,30
959,2,920,30
550,3,920,30
639,3,920,30
58,4,920,30
151,4,920,30
156,4,920,30
104,5,920,30
174,5,920,30
311,5,920,30
454,5,920,30
667,5,920,30
45,6,920,30
512,7,920,30
668,7,920,30
701,7,920,30
754,7,920,30
844,7,920,30
68,8,920,30
148,8,920,30
282,8,920,30
968,8,920,30
327,9,920,30
914,9,920,30
6,11,920,30
971,11,920,30
628,12,920,30
75,17,920,30
123,18,920,30
283,19,920,30
418,27,920,30
23,0,921,30
150,0,921,30
246,0,921,30
306,0,921,30
345,0,921,30
417,0,921,30
471,0,921,30
638,0,921,30
750,0,921,30
913,0,921,30
51,1,921,30
74,1,921,30
117,1,921,30
279,1,921,30
326,1,921,30
970,1,921,30
57,2,921,30
122,2,921,30
155,2,921,30
173,2,921,30
325,2,921,30
656,2,921,30
843,2,921,30
314,3,921,30
511,3,921,30
639,3,921,30
958,3,921,30
967,3,921,30
5,4,921,30
44,4,921,30
281,4,921,30
103,5,921,30
453,5,921,30
644,5,921,30
667,5,921,30
310,6,921,30
627,7,921,30
753,7,921,30
204,8,921,30
549,10,921,30
283,12,921,30
9,13,921,30
67,17,921,30
147,19,921,30
630,20,921,30
666,20,921,30
653,24,921,30
282,29,921,30
56,0,922,30
149,0,922,30
172,0,922,30
309,0,922,30
344,0,922,30
638,0,922,30
203,1,922,30
245,1,922,30
305,1,922,30
452,1,922,30
470,1,922,30
510,1,922,30
655,1,922,30
752,1,922,30
66,2,922,30
240,2,922,30
637,2,922,30
666,2,922,30
842,2,922,30
966,2,922,30
280,3,922,30
699,3,922,30
4,4,922,30
281,4,922,30
749,4,922,30
912,4,922,30
73,5,922,30
102,5,922,30
313,6,922,30
626,6,922,30
665,6,922,30
919,6,922,30
154,7,922,30
278,7,922,30
416,7,922,30
548,7,922,30
652,7,922,30
969,7,922,30
957,8,922,30
146,9,922,30
325,9,922,30
643,9,922,30
8,10,922,30
50,11,922,30
121,12,922,30
282,12,922,30
43,13,922,30
629,15,922,30
22,19,922,30
324,19,922,30
116,23,922,30
3,0,923,30
7,0,923,30
101,0,923,30
323,0,923,30
343,0,923,30
509,0,923,30
748,0,923,30
911,0,923,30
21,1,923,30
42,1,923,30
145,1,923,30
244,1,923,30
281,1,923,30
751,1,923,30
171,2,923,30
202,2,923,30
628,2,923,30
636,2,923,30
637,2,923,30
956,2,923,30
625,3,923,30
148,4,923,30
415,4,923,30
918,4,923,30
55,5,923,30
279,5,923,30
312,5,923,30
72,6,923,30
277,6,923,30
469,6,923,30
841,6,923,30
115,7,923,30
651,7,923,30
120,8,923,30
664,8,923,30
968,8,923,30
153,9,923,30
280,9,923,30
304,9,923,30
642,9,923,30
654,9,923,30
665,10,923,30
451,11,923,30
49,12,923,30
698,16,923,30
308,18,923,30
965,18,923,30
547,20,923,30
324,23,923,30
239,27,923,30
65,29,923,30
276,0,924,30
450,0,924,30
697,0,924,30
840,0,924,30
917,0,924,30
144,1,924,30
279,1,924,30
307,1,924,30
48,2,924,30
119,2,924,30
323,2,924,30
624,2,924,30
635,2,924,30
636,2,924,30
641,2,924,30
41,3,924,30
100,3,924,30
114,3,924,30
303,3,924,30
342,3,924,30
750,3,924,30
64,4,924,30
546,4,924,30
653,4,924,30
747,4,924,30
964,4,924,30
20,5,924,30
152,5,924,30
311,5,924,30
910,5,924,30
967,5,924,30
414,6,924,30
170,7,924,30
278,7,924,30
468,7,924,30
54,8,924,30
663,8,924,30
664,8,924,30
955,8,924,30
322,9,924,30
243,10,924,30
627,10,924,30
6,11,924,30
238,12,924,30
2,16,924,30
71,16,924,30
280,16,924,30
201,17,924,30
650,22,924,30
508,24,924,30
40,0,925,30
341,0,925,30
623,0,925,30
322,1,925,30
47,2,925,30
70,2,925,30
321,2,925,30
635,2,925,30
909,2,925,30
954,2,925,30
966,2,925,30
53,3,925,30
242,3,925,30
1,4,925,30
99,4,925,30
143,4,925,30
151,4,925,30
275,4,925,30
652,4,925,30
749,4,925,30
839,4,925,30
916,4,925,30
963,4,925,30
169,5,925,30
279,5,925,30
302,5,925,30
545,5,925,30
696,5,925,30
277,6,925,30
310,6,925,30
507,6,925,30
649,6,925,30
663,6,925,30
237,7,925,30
306,7,925,30
146,8,925,30
449,8,925,30
63,9,925,30
118,9,925,30
113,10,925,30
278,10,925,30
5,11,925,30
467,11,925,30
662,12,925,30
413,14,925,30
19,18,925,30
200,18,925,30
640,18,925,30
626,19,925,30
634,20,925,30
746,21,925,30
18,0,926,30
52,0,926,30
62,0,926,30
112,0,926,30
168,0,926,30
412,0,926,30
748,0,926,30
953,0,926,30
0,1,926,30
150,1,926,30
648,1,926,30
908,1,926,30
915,1,926,30
301,2,926,30
320,2,926,30
321,2,926,30
745,2,926,30
46,3,926,30
98,3,926,30
117,3,926,30
145,3,926,30
241,3,926,30
274,3,926,30
142,4,926,30
305,4,926,30
838,4,926,30
277,5,926,30
544,5,926,30
506,6,926,30
278,7,926,30
309,7,926,30
962,7,926,30
236,8,926,30
651,9,926,30
662,9,926,30
4,11,926,30
340,11,926,30
634,11,926,30
633,12,926,30
639,12,926,30
39,15,926,30
199,16,926,30
695,16,926,30
69,17,926,30
466,18,926,30
965,18,926,30
625,24,926,30
276,25,926,30
661,25,926,30
448,27,926,30
3,0,927,30
17,0,927,30
51,0,927,30
97,0,927,30
276,0,927,30
638,0,927,30
647,0,927,30
694,0,927,30
465,1,927,30
907,1,927,30
116,2,927,30
149,2,927,30
167,2,927,30
198,2,927,30
235,2,927,30
240,2,927,30
273,2,927,30
275,2,927,30
320,2,927,30
624,2,927,30
650,2,927,30
660,2,927,30
144,3,927,30
319,3,927,30
744,3,927,30
747,3,927,30
141,4,927,30
964,4,927,30
277,5,927,30
837,5,927,30
914,5,927,30
952,5,927,30
45,6,927,30
961,7,927,30
304,9,927,30
339,9,927,30
621,9,927,30
61,12,927,30
633,12,927,30
300,13,927,30
505,13,927,30
111,14,927,30
308,14,927,30
661,14,927,30
68,15,927,30
543,16,927,30
632,20,927,30
38,27,927,30
411,29,927,30
37,0,928,30
50,0,928,30
272,0,928,30
307,0,928,30
318,0,928,30
446,0,928,30
542,0,928,30
623,0,928,30
632,0,928,30
693,0,928,30
913,0,928,30
60,1,928,30
67,1,928,30
504,1,928,30
646,1,928,30
906,1,928,30
660,2,928,30
274,3,928,30
319,3,928,30
743,3,928,30
16,4,928,30
44,4,928,30
276,4,928,30
303,4,928,30
637,4,928,30
963,4,928,30
143,5,928,30
166,5,928,30
234,5,928,30
659,5,928,30
115,6,928,30
649,6,928,30
96,7,928,30
338,7,928,30
746,7,928,30
239,8,928,30
110,9,928,30
960,9,928,30
197,10,928,30
464,10,928,30
148,11,928,30
836,11,928,30
299,13,928,30
2,14,928,30
410,14,928,30
620,14,928,30
631,15,928,30
140,19,928,30
951,22,928,30
43,0,929,30
196,0,929,30
306,0,929,30
318,0,929,30
445,0,929,30
631,0,929,30
645,0,929,30
658,0,929,30
66,1,929,30
109,1,929,30
142,1,929,30
503,1,929,30
648,1,929,30
59,2,929,30
233,2,929,30
271,3,929,30
273,3,929,30
274,3,929,30
835,3,929,30
1,4,929,30
139,4,929,30
275,4,929,30
298,4,929,30
742,4,929,30
959,4,929,30
302,5,929,30
409,5,929,30
619,5,929,30
745,5,929,30
950,5,929,30
36,6,929,30
15,7,929,30
95,7,929,30
114,7,929,30
165,7,929,30
905,7,929,30
962,7,929,30
337,9,929,30
541,9,929,30
49,10,929,30
912,10,929,30
317,11,929,30
622,11,929,30
238,14,929,30
636,15,929,30
692,15,929,30
463,16,929,30
659,17,929,30
147,19,929,30
630,20,929,30
94,0,930,30
108,0,930,30
272,0,930,30
301,0,930,30
316,0,930,30
502,0,930,30
629,0,930,30
647,0,930,30
904,0,930,30
911,0,930,30
58,1,930,30
138,1,930,30
195,1,930,30
305,1,930,30
444,1,930,30
691,1,930,30
834,1,930,30
48,2,930,30
232,2,930,30
297,2,930,30
336,2,930,30
14,3,930,30
273,3,930,30
274,3,930,30
408,3,930,30
635,3,930,30
741,3,930,30
958,3,930,30
270,4,930,30
540,4,930,30
0,5,930,30
113,5,930,30
644,5,930,30
164,6,930,30
237,7,930,30
961,7,930,30
35,8,930,30
42,8,930,30
146,8,930,30
621,9,930,30
618,11,930,30
317,12,930,30
949,15,930,30
462,16,930,30
658,17,930,30
141,18,930,30
630,20,930,30
657,20,930,30
744,21,930,30
236,0,931,30
269,0,931,30
272,0,931,30
300,0,931,30
316,0,931,30
628,0,931,30
643,0,931,30
903,0,931,30
194,1,931,30
273,1,931,30
501,1,931,30
620,1,931,30
646,1,931,30
690,1,931,30
41,2,931,30
47,2,931,30
231,2,931,30
407,2,931,30
443,2,931,30
960,2,931,30
145,3,931,30
271,3,931,30
64,4,931,30
137,4,931,30
461,4,931,30
629,4,931,30
740,4,931,30
617,5,931,30
910,5,931,30
107,6,931,30
112,6,931,30
539,7,931,30
957,7,931,30
34,8,931,30
656,8,931,30
93,9,931,30
304,9,931,30
335,10,931,30
57,12,931,30
140,13,931,30
315,13,931,30
948,13,931,30
743,17,931,30
13,20,931,30
634,20,931,30
833,26,931,30
163,27,931,30
296,29,931,30
40,0,932,30
144,0,932,30
193,0,932,30
230,0,932,30
268,0,932,30
334,0,932,30
460,0,932,30
627,0,932,30
645,0,932,30
655,0,932,30
902,0,932,30
46,1,932,30
111,1,932,30
406,1,932,30
500,1,932,30
538,1,932,30
742,1,932,30
832,1,932,30
92,2,932,30
235,2,932,30
295,2,932,30
628,2,932,30
909,2,932,30
959,2,932,30
271,3,932,30
299,3,932,30
303,3,932,30
314,3,932,30
947,3,932,30
739,4,932,30
106,5,932,30
139,5,932,30
616,5,932,30
270,6,932,30
136,7,932,30
442,7,932,30
619,7,932,30
272,8,932,30
689,8,932,30
956,8,932,30
642,9,932,30
162,10,932,30
56,12,932,30
63,12,932,30
633,12,932,30
315,13,932,30
12,17,932,30
33,18,932,30
656,18,932,30
62,0,933,30
91,0,933,30
105,0,933,30
313,0,933,30
459,0,933,30
632,0,933,30
946,0,933,30
441,1,933,30
499,1,933,30
537,1,933,30
615,1,933,30
618,1,933,30
655,1,933,30
901,1,933,30
908,1,933,30
45,2,933,30
294,2,933,30
641,2,933,30
55,3,933,30
234,3,933,30
267,3,933,30
627,3,933,30
741,3,933,30
143,4,933,30
192,4,933,30
298,4,933,30
138,5,933,30
644,5,933,30
688,5,933,30
161,6,933,30
270,6,933,30
626,6,933,30
955,7,933,30
11,8,933,30
229,8,933,30
333,8,933,30
831,8,933,30
958,8,933,30
32,9,933,30
110,9,933,30
269,9,933,30
271,9,933,30
39,13,933,30
135,13,933,30
738,13,933,30
405,16,933,30
654,16,933,30
314,17,933,30
31,0,934,30
90,0,934,30
301,0,934,30
498,0,934,30
631,0,934,30
945,0,934,30
957,0,934,30
440,1,934,30
536,1,934,30
614,1,934,30
830,1,934,30
907,1,934,30
109,2,934,30
900,2,934,30
954,2,934,30
104,3,934,30
625,3,934,30
10,4,934,30
142,4,934,30
228,4,934,30
233,4,934,30
270,4,934,30
313,4,934,30
617,4,934,30
191,5,934,30
312,5,934,30
332,5,934,30
404,5,934,30
740,5,934,30
268,6,934,30
137,7,934,30
297,7,934,30
269,9,934,30
134,11,934,30
160,11,934,30
293,11,934,30
687,12,934,30
38,14,934,30
737,14,934,30
54,15,934,30
61,15,934,30
266,16,934,30
44,17,934,30
643,17,934,30
458,18,934,30
640,18,934,30
626,25,934,30
654,26,934,30
43,0,935,30
269,0,935,30
300,0,935,30
625,0,935,30
953,0,935,30
60,1,935,30
89,1,935,30
159,1,935,30
403,1,935,30
439,1,935,30
829,1,935,30
899,1,935,30
906,1,935,30
133,2,935,30
624,2,935,30
956,2,935,30
9,3,935,30
37,3,935,30
739,3,935,30
53,4,935,30
141,4,935,30
265,4,935,30
30,5,935,30
103,5,935,30
190,5,935,30
311,5,935,30
312,5,935,30
736,5,935,30
267,6,935,30
331,6,935,30
108,7,935,30
136,7,935,30
292,7,935,30
613,7,935,30
652,7,935,30
268,9,935,30
227,10,935,30
497,10,935,30
616,11,935,30
686,12,935,30
457,13,935,30
653,15,935,30
535,16,935,30
639,18,935,30
642,18,935,30
630,20,935,30
296,21,935,30
232,26,935,30
52,0,936,30
88,0,936,30
132,0,936,30
140,0,936,30
189,0,936,30
268,0,936,30
456,0,936,30
623,0,936,30
629,0,936,30
638,0,936,30
42,1,936,30
402,1,936,30
496,1,936,30
291,2,936,30
330,2,936,30
534,2,936,30
828,2,936,30
226,3,936,30
267,3,936,30
438,3,936,30
624,3,936,30
952,3,936,30
107,4,936,30
102,5,936,30
311,5,936,30
36,6,936,30
231,6,936,30
651,6,936,30
29,7,936,30
158,7,936,30
612,7,936,30
735,8,936,30
943,8,936,30
955,8,936,30
310,9,936,30
685,9,936,30
8,10,936,30
59,11,936,30
266,11,936,30
264,12,936,30
299,13,936,30
738,13,936,30
905,13,936,30
898,14,936,30
135,20,936,30
641,20,936,30
295,21,936,30
652,25,936,30
615,29,936,30
7,0,937,30
51,0,937,30
139,0,937,30
188,0,937,30
298,0,937,30
455,0,937,30
623,0,937,30
628,0,937,30
684,0,937,30
951,0,937,30
58,1,937,30
157,1,937,30
622,1,937,30
101,2,937,30
495,2,937,30
650,2,937,30
904,2,937,30
267,3,937,30
401,3,937,30
437,3,937,30
106,4,937,30
737,4,937,30
265,5,937,30
134,6,937,30
230,6,937,30
290,6,937,30
651,6,937,30
309,7,937,30
310,9,937,30
533,9,937,30
614,9,937,30
637,9,937,30
827,9,937,30
35,10,937,30
41,11,937,30
266,11,937,30
28,12,937,30
87,12,937,30
263,12,937,30
294,12,937,30
611,12,937,30
942,12,937,30
897,16,937,30
131,17,937,30
640,18,937,30
225,21,937,30
329,23,937,30
954,24,937,30
50,0,938,30
138,0,938,30
289,0,938,30
309,0,938,30
627,0,938,30
683,0,938,30
953,0,938,30
156,1,938,30
297,1,938,30
826,1,938,30
27,2,938,30
57,2,938,30
224,2,938,30
262,2,938,30
328,2,938,30
494,2,938,30
613,2,938,30
650,2,938,30
736,2,938,30
86,3,938,30
105,3,938,30
187,4,938,30
265,4,938,30
436,4,938,30
733,4,938,30
454,5,938,30
903,5,938,30
133,6,938,30
229,6,938,30
649,6,938,30
610,7,938,30
100,8,938,30
293,10,938,30
532,11,938,30
622,11,938,30
636,11,938,30
34,12,938,30
40,13,938,30
950,13,938,30
264,14,938,30
308,14,938,30
896,15,938,30
266,16,938,30
130,17,938,30
400,17,938,30
621,18,938,30
639,18,938,30
6,21,938,30
941,22,938,30
56,0,939,30
129,0,939,30
132,0,939,30
307,0,939,30
493,0,939,30
85,2,939,30
261,2,939,30
609,2,939,30
735,2,939,30
825,2,939,30
902,2,939,30
104,3,939,30
682,3,939,30
952,3,939,30
99,4,939,30
186,4,939,30
265,4,939,30
296,4,939,30
327,4,939,30
732,4,939,30
453,5,939,30
648,5,939,30
5,6,939,30
137,6,939,30
531,6,939,30
626,6,939,30
223,7,939,30
292,7,939,30
155,8,939,30
435,9,939,30
621,9,939,30
49,10,939,30
288,11,939,30
620,11,939,30
635,11,939,30
638,11,939,30
399,12,939,30
612,12,939,30
26,13,939,30
39,13,939,30
228,13,939,30
308,14,939,30
940,14,939,30
949,15,939,30
264,17,939,30
649,18,939,30
895,18,939,30
33,19,939,30
263,19,939,30
306,0,940,30
307,0,940,30
398,0,940,30
625,0,940,30
647,0,940,30
951,0,940,30
185,1,940,30
326,1,940,30
452,1,940,30
648,1,940,30
824,1,940,30
901,1,940,30
48,2,940,30
262,2,940,30
291,2,940,30
295,2,940,30
434,2,940,30
637,2,940,30
894,2,940,30
84,3,940,30
530,3,940,30
25,4,940,30
38,4,940,30
260,4,940,30
681,4,940,30
731,4,940,30
4,5,940,30
103,5,940,30
287,5,940,30
619,5,940,30
608,7,940,30
154,8,940,30
32,9,940,30
222,9,940,30
128,10,940,30
939,10,940,30
620,11,940,30
634,11,940,30
264,12,940,30
611,12,940,30
492,13,940,30
948,13,940,30
55,15,940,30
263,16,940,30
98,17,940,30
131,17,940,30
734,18,940,30
227,23,940,30
136,29,940,30
3,0,941,30
31,0,941,30
37,0,941,30
262,0,941,30
306,0,941,30
433,0,941,30
730,0,941,30
127,1,941,30
647,1,941,30
47,2,941,30
184,2,941,30
259,2,941,30
261,2,941,30
294,2,941,30
636,2,941,30
221,4,941,30
305,4,941,30
397,4,941,30
102,5,941,30
226,5,941,30
619,5,941,30
900,5,941,30
950,5,941,30
83,6,941,30
325,6,941,30
491,7,941,30
54,8,941,30
290,8,941,30
733,8,941,30
938,8,941,30
153,9,941,30
529,10,941,30
451,11,941,30
607,11,941,30
618,11,941,30
263,12,941,30
610,12,941,30
633,12,941,30
646,12,941,30
135,13,941,30
823,14,941,30
24,15,941,30
130,16,941,30
680,16,941,30
624,17,941,30
893,17,941,30
286,18,941,30
97,21,941,30
101,0,942,30
152,0,942,30
225,0,942,30
289,0,942,30
632,0,942,30
892,0,942,30
937,0,942,30
946,0,942,30
46,1,942,30
220,1,942,30
432,1,942,30
490,1,942,30
646,1,942,30
899,1,942,30
258,2,942,30
261,2,942,30
262,2,942,30
635,2,942,30
53,3,942,30
36,4,942,30
260,4,942,30
305,4,942,30
679,4,942,30
822,4,942,30
82,5,942,30
396,5,942,30
617,5,942,30
645,5,942,30
23,6,942,30
134,6,942,30
450,6,942,30
96,7,942,30
30,8,942,30
606,8,942,30
528,10,942,30
729,10,942,30
293,11,942,30
609,11,942,30
618,11,942,30
623,11,942,30
949,11,942,30
2,14,942,30
732,14,942,30
183,15,942,30
304,15,942,30
126,16,942,30
129,16,942,30
324,19,942,30
285,29,942,30
29,0,943,30
182,0,943,30
219,0,943,30
284,0,943,30
395,0,943,30
631,0,943,30
645,0,943,30
936,0,943,30
945,0,943,30
125,1,943,30
257,1,943,30
527,1,943,30
622,1,943,30
45,2,943,30
224,2,943,30
259,2,943,30
261,2,943,30
489,2,943,30
52,3,943,30
100,3,943,30
303,3,943,30
1,4,943,30
617,4,943,30
449,5,943,30
616,5,943,30
644,5,943,30
95,6,943,30
133,6,943,30
898,6,943,30
292,7,943,30
608,7,943,30
821,7,943,30
891,7,943,30
35,8,943,30
260,8,943,30
731,8,943,30
288,9,943,30
605,9,943,30
128,10,943,30
323,10,943,30
728,10,943,30
634,11,943,30
948,11,943,30
22,19,943,30
304,20,943,30
151,22,943,30
431,22,943,30
81,24,943,30
678,29,943,30
80,0,944,30
99,0,944,30
132,0,944,30
643,0,944,30
677,0,944,30
820,0,944,30
935,0,944,30
0,1,944,30
21,1,944,30
150,1,944,30
181,1,944,30
218,1,944,30
448,1,944,30
488,1,944,30
258,2,944,30
259,2,944,30
287,2,944,30
291,2,944,30
223,3,944,30
303,3,944,30
44,4,944,30
51,4,944,30
94,5,944,30
302,5,944,30
607,5,944,30
644,5,944,30
730,5,944,30
890,6,944,30
897,6,944,30
34,8,944,30
256,8,944,30
260,8,944,30
394,8,944,30
615,8,944,30
727,8,944,30
430,9,944,30
621,9,944,30
127,10,944,30
322,10,944,30
526,10,944,30
616,11,944,30
947,11,944,30
283,12,944,30
124,14,944,30
604,14,944,30
944,18,944,30
28,23,944,30
630,24,944,30
633,29,944,30
43,0,945,30
301,0,945,30
393,0,945,30
629,0,945,30
643,0,945,30
819,0,945,30
946,0,945,30
286,1,945,30
447,1,945,30
487,1,945,30
615,1,945,30
676,1,945,30
149,2,945,30
180,2,945,30
255,2,945,30
258,2,945,30
729,2,945,30
934,2,945,30
726,3,945,30
20,4,945,30
50,4,945,30
79,4,945,30
321,4,945,30
614,4,945,30
217,5,945,30
290,5,945,30
302,5,945,30
126,6,945,30
257,6,945,30
632,7,945,30
98,8,945,30
282,8,945,30
606,8,945,30
896,8,945,30
93,9,945,30
222,11,945,30
943,11,945,30
429,12,945,30
525,12,945,30
642,12,945,30
259,14,945,30
620,14,945,30
33,18,945,30
131,18,945,30
27,21,945,30
123,23,945,30
889,23,945,30
221,0,946,30
254,0,946,30
300,0,946,30
605,0,946,30
628,0,946,30
945,0,946,30
26,1,946,30
125,1,946,30
257,1,946,30
281,1,946,30
289,1,946,30
392,1,946,30
486,1,946,30
524,1,946,30
602,1,946,30
614,1,946,30
78,2,946,30
92,2,946,30
613,2,946,30
42,4,946,30
148,4,946,30
641,4,946,30
818,4,946,30
428,5,946,30
619,5,946,30
725,5,946,30
888,5,946,30
933,5,946,30
122,6,946,30
130,6,946,30
285,7,946,30
301,7,946,30
216,8,946,30
256,8,946,30
895,8,946,30
19,9,946,30
32,9,946,30
49,10,946,30
258,10,946,30
728,10,946,30
942,10,946,30
320,12,946,30
631,15,946,30
675,16,946,30
642,19,946,30
179,21,946,30
97,26,946,30
446,26,946,30
18,0,947,30
91,0,947,30
627,0,947,30
894,0,947,30
25,1,947,30
121,1,947,30
257,1,947,30
391,1,947,30
427,1,947,30
640,1,947,30
941,1,947,30
41,2,947,30
129,2,947,30
280,2,947,30
601,2,947,30
724,2,947,30
48,3,947,30
220,3,947,30
299,3,947,30
485,3,947,30
641,4,947,30
31,5,947,30
319,5,947,30
944,5,947,30
255,6,947,30
288,6,947,30
124,7,947,30
613,7,947,30
215,8,947,30
256,8,947,30
284,8,947,30
523,8,947,30
727,8,947,30
253,10,947,30
96,11,947,30
178,11,947,30
618,11,947,30
612,12,947,30
932,12,947,30
817,13,947,30
147,19,947,30
300,20,947,30
445,20,947,30
604,20,947,30
674,20,947,30
630,24,947,30
77,25,947,30
887,25,947,30
17,0,948,30
24,0,948,30
40,0,948,30
90,0,948,30
629,0,948,30
254,1,948,30
426,1,948,30
444,1,948,30
931,1,948,30
128,2,948,30
146,2,948,30
522,2,948,30
600,2,948,30
723,2,948,30
219,4,948,30
484,4,948,30
30,5,948,30
252,5,948,30
279,5,948,30
287,5,948,30
318,5,948,30
47,6,948,30
120,6,948,30
255,6,948,30
626,6,948,30
673,6,948,30
816,6,948,30
177,7,948,30
612,7,948,30
256,8,948,30
617,9,948,30
640,9,948,30
95,10,948,30
390,10,948,30
639,10,948,30
726,10,948,30
298,11,948,30
943,11,948,30
283,12,948,30
611,12,948,30
886,13,948,30
940,14,948,30
214,15,948,30
893,17,948,30
299,20,948,30
76,22,948,30
603,28,948,30
23,0,949,30
29,0,949,30
94,0,949,30
213,0,949,30
254,0,949,30
298,0,949,30
625,0,949,30
628,0,949,30
638,0,949,30
815,0,949,30
892,0,949,30
89,1,949,30
127,1,949,30
218,1,949,30
251,1,949,30
253,1,949,30
521,1,949,30
672,1,949,30
119,2,949,30
122,2,949,30
176,2,949,30
255,2,949,30
599,2,949,30
602,2,949,30
722,2,949,30
46,3,949,30
639,3,949,30
942,3,949,30
443,4,949,30
16,5,949,30
145,5,949,30
317,5,949,30
389,6,949,30
297,7,949,30
610,7,949,30
885,7,949,30
282,8,949,30
483,8,949,30
75,10,949,30
278,10,949,30
286,10,949,30
930,11,949,30
611,12,949,30
939,13,949,30
425,14,949,30
616,14,949,30
39,19,949,30
725,23,949,30
316,0,950,30
627,0,950,30
254,1,950,30
814,1,950,30
252,2,950,30
520,2,950,30
598,2,950,30
601,2,950,30
637,2,950,30
721,2,950,30
724,2,950,30
938,2,950,30
93,3,950,30
624,3,950,30
891,3,950,30
941,3,950,30
296,4,950,30
929,4,950,30
250,5,950,30
277,5,950,30
45,6,950,30
74,6,950,30
126,6,950,30
212,6,950,30
217,6,950,30
38,7,950,30
88,7,950,30
144,7,950,30
281,7,950,30
285,7,950,30
297,7,950,30
442,7,950,30
424,8,950,30
615,8,950,30
118,9,950,30
482,9,950,30
22,10,950,30
884,10,950,30
28,12,950,30
610,12,950,30
253,13,950,30
388,13,950,30
638,14,950,30
671,15,950,30
609,21,950,30
15,23,950,30
175,24,950,30
117,0,951,30
249,0,951,30
284,0,951,30
600,0,951,30
21,1,951,30
87,1,951,30
174,1,951,30
253,1,951,30
441,1,951,30
720,1,951,30
723,1,951,30
813,1,951,30
27,2,951,30
92,2,951,30
252,2,951,30
280,2,951,30
423,2,951,30
636,2,951,30
637,2,951,30
37,3,951,30
211,3,951,30
251,3,951,30
608,3,951,30
44,4,951,30
296,4,951,30
614,4,951,30
670,4,951,30
73,5,951,30
125,5,951,30
143,5,951,30
216,6,951,30
481,6,951,30
597,6,951,30
626,6,951,30
940,7,951,30
14,9,951,30
883,9,951,30
609,10,951,30
937,10,951,30
519,11,951,30
623,11,951,30
928,11,951,30
315,13,951,30
120,14,951,30
295,15,951,30
387,18,951,30
890,21,951,30
276,24,951,30
43,0,952,30
86,0,952,30
215,0,952,30
251,0,952,30
625,0,952,30
13,1,952,30
26,1,952,30
72,1,952,30
142,1,952,30
173,1,952,30
294,1,952,30
440,1,952,30
518,1,952,30
636,1,952,30
889,1,952,30
116,2,952,30
119,2,952,30
248,2,952,30
252,2,952,30
275,2,952,30
386,2,952,30
599,2,952,30
635,2,952,30
722,2,952,30
250,3,952,30
314,3,952,30
882,3,952,30
422,4,952,30
480,5,952,30
607,5,952,30
36,6,952,30
596,6,952,30
91,7,952,30
124,7,952,30
210,7,952,30
608,7,952,30
939,7,952,30
812,8,952,30
719,9,952,30
20,10,952,30
622,11,952,30
927,11,952,30
295,15,952,30
283,16,952,30
279,17,952,30
613,19,952,30
669,23,952,30
936,23,952,30
85,0,953,30
172,0,953,30
249,0,953,30
251,0,953,30
595,0,953,30
926,0,953,30
25,1,953,30
71,1,953,30
90,1,953,30
214,1,953,30
293,1,953,30
439,1,953,30
517,1,953,30
635,1,953,30
718,1,953,30
811,1,953,30
598,2,953,30
721,2,953,30
938,2,953,30
12,3,953,30
624,3,953,30
935,3,953,30
42,4,953,30
123,4,953,30
385,5,953,30
479,5,953,30
607,5,953,30
421,6,953,30
606,6,953,30
247,7,953,30
278,7,953,30
313,7,953,30
668,7,953,30
881,7,953,30
115,8,953,30
19,9,953,30
294,11,953,30
274,12,953,30
612,12,953,30
621,12,953,30
888,13,953,30
209,14,953,30
141,15,953,30
250,15,953,30
118,17,953,30
282,20,953,30
634,20,953,30
35,25,953,30
18,0,954,30
84,0,954,30
140,0,954,30
249,0,954,30
605,0,954,30
623,0,954,30
880,0,954,30
89,1,954,30
273,1,954,30
516,1,954,30
620,1,954,30
41,2,954,30
122,2,954,30
248,2,954,30
934,2,954,30
11,3,954,30
171,3,954,30
420,3,954,30
438,3,954,30
281,4,954,30
384,4,954,30
611,4,954,30
213,5,954,30
250,5,954,30
277,5,954,30
312,5,954,30
478,5,954,30
667,5,954,30
925,5,954,30
597,6,954,30
720,7,954,30
246,8,954,30
810,8,954,30
208,9,954,30
293,11,954,30
717,11,954,30
34,12,954,30
114,12,954,30
292,14,954,30
24,15,954,30
937,16,954,30
70,18,954,30
634,20,954,30
117,22,954,30
606,22,954,30
887,22,954,30
633,29,954,30
17,0,955,30
139,0,955,30
247,0,955,30
419,0,955,30
605,0,955,30
632,0,955,30
245,1,955,30
610,1,955,30
622,1,955,30
40,2,955,30
248,2,955,30
383,2,955,30
515,2,955,30
666,2,955,30
719,2,955,30
879,2,955,30
437,3,955,30
10,4,955,30
116,4,955,30
121,4,955,30
276,4,955,30
291,4,955,30
477,4,955,30
88,5,955,30
113,5,955,30
212,5,955,30
249,5,955,30
272,5,955,30
311,5,955,30
596,5,955,30
619,5,955,30
23,6,955,30
924,6,955,30
207,7,955,30
292,7,955,30
170,9,955,30
280,9,955,30
593,9,955,30
83,10,955,30
633,12,955,30
33,13,955,30
886,13,955,30
604,14,955,30
716,14,955,30
69,17,955,30
809,19,955,30
933,20,955,30
936,20,955,30
112,0,956,30
138,0,956,30
246,0,956,30
592,0,956,30
595,0,956,30
631,0,956,30
808,0,956,30
87,1,956,30
244,1,956,30
604,1,956,30
609,1,956,30
248,2,956,30
382,2,956,30
9,3,956,30
169,3,956,30
211,3,956,30
271,3,956,30
514,3,956,30
935,3,956,30
16,4,956,30
206,4,956,30
275,4,956,30
291,4,956,30
476,4,956,30
82,5,956,30
279,5,956,30
718,5,956,30
665,6,956,30
247,7,956,30
632,7,956,30
878,7,956,30
120,8,956,30
436,8,956,30
32,9,956,30
618,11,956,30
22,12,956,30
310,12,956,30
932,12,956,30
39,13,956,30
115,13,956,30
715,17,956,30
621,18,956,30
418,21,956,30
885,22,956,30
923,23,956,30
290,24,956,30
68,27,956,30
603,28,956,30
168,0,957,30
67,1,957,30
289,1,957,30
602,1,957,30
620,1,957,30
807,1,957,30
119,2,957,30
381,2,957,30
934,2,957,30
274,3,957,30
513,3,957,30
591,3,957,30
608,3,957,30
137,4,957,30
270,4,957,30
475,4,957,30
594,4,957,30
884,4,957,30
931,4,957,30
8,5,957,30
31,5,957,30
111,5,957,30
205,5,957,30
290,5,957,30
15,7,957,30
38,7,957,30
717,7,957,30
246,8,957,30
435,9,957,30
86,10,957,30
243,10,957,30
309,10,957,30
247,13,957,30
21,14,957,30
81,14,957,30
922,14,957,30
278,17,957,30
631,17,957,30
877,17,957,30
245,19,957,30
664,19,957,30
417,20,957,30
630,20,957,30
114,21,957,30
210,27,957,30
617,27,957,30
603,28,957,30
714,29,957,30
7,0,958,30
204,0,958,30
209,0,958,30
289,0,958,30
713,0,958,30
930,0,958,30
66,1,958,30
273,1,958,30
629,1,958,30
85,2,958,30
167,2,958,30
244,2,958,30
434,2,958,30
602,2,958,30
883,2,958,30
37,3,958,30
242,3,958,30
474,3,958,30
20,4,958,30
593,4,958,30
30,5,958,30
80,5,958,30
245,5,958,30
277,5,958,30
380,5,958,30
607,5,958,30
663,5,958,30
716,5,958,30
136,7,958,30
416,7,958,30
512,7,958,30
246,8,958,30
619,8,958,30
110,9,958,30
118,9,958,30
269,9,958,30
113,10,958,30
288,11,958,30
601,12,958,30
921,13,958,30
806,15,958,30
616,16,958,30
308,18,958,30
876,18,958,30
630,20,958,30
590,21,958,30
14,25,958,30
933,26,958,30
117,0,959,30
272,0,959,30
589,0,959,30
592,0,959,30
203,1,959,30
208,1,959,30
245,1,959,30
307,1,959,30
615,1,959,30
618,1,959,30
882,1,959,30
109,2,959,30
112,2,959,30
601,2,959,30
805,2,959,30
241,3,959,30
511,3,959,30
875,3,959,30
166,4,959,30
276,4,959,30
629,4,959,30
135,5,959,30
287,5,959,30
662,5,959,30
715,5,959,30
268,6,959,30
288,6,959,30
606,6,959,30
29,7,959,30
36,7,959,30
379,7,959,30
929,7,959,30
65,8,959,30
712,8,959,30
19,9,959,30
79,9,959,30
473,9,959,30
243,10,959,30
415,10,959,30
628,12,959,30
600,13,959,30
244,15,959,30
920,15,959,30
6,17,959,30
13,20,959,30
84,29,959,30
932,29,959,30
588,0,960,30
600,0,960,30
244,1,960,30
378,1,960,30
432,1,960,30
605,1,960,30
614,1,960,30
661,1,960,30
874,1,960,30
931,1,960,30
5,2,960,30
78,2,960,30
202,2,960,30
287,2,960,30
472,2,960,30
928,2,960,30
12,3,960,30
267,3,960,30
271,3,960,30
414,3,960,30
510,3,960,30
240,4,960,30
275,4,960,30
617,4,960,30
18,5,960,30
111,5,960,30
134,5,960,30
242,5,960,30
714,5,960,30
83,6,960,30
919,6,960,30
108,7,960,30
165,7,960,30
207,7,960,30
306,7,960,30
627,7,960,30
881,7,960,30
64,9,960,30
35,10,960,30
286,10,960,30
599,11,960,30
28,12,960,30
628,12,960,30
591,13,960,30
243,14,960,30
711,20,960,30
804,23,960,30
110,0,961,30
164,0,961,30
509,0,961,30
880,0,961,30
930,0,961,30
11,1,961,30
286,1,961,30
604,1,961,30
873,1,961,30
206,2,961,30
599,2,961,30
660,2,961,30
713,2,961,30
242,3,961,30
274,3,961,30
627,3,961,30
803,3,961,30
4,4,961,30
107,4,961,30
239,4,961,30
241,4,961,30
270,4,961,30
305,4,961,30
918,4,961,30
133,5,961,30
616,5,961,30
377,7,961,30
613,7,961,30
115,8,961,30
17,9,961,30
63,9,961,30
587,9,961,30
285,10,961,30
590,10,961,30
27,11,961,30
266,11,961,30
431,11,961,30
471,12,961,30
201,13,961,30
598,13,961,30
243,14,961,30
413,14,961,30
34,17,961,30
710,18,961,30
77,19,961,30
927,19,961,30
82,24,961,30
626,24,961,30
3,0,962,30
132,0,962,30
269,0,962,30
284,0,962,30
412,0,962,30
586,0,962,30
917,0,962,30
926,0,962,30
26,1,962,30
109,1,962,30
273,1,962,30
376,1,962,30
615,1,962,30
76,2,962,30
81,2,962,30
240,2,962,30
598,2,962,30
709,2,962,30
879,2,962,30
163,3,962,30
241,3,962,30
625,3,962,30
802,3,962,30
10,4,962,30
106,4,962,30
238,4,962,30
265,4,962,30
16,5,962,30
242,5,962,30
508,5,962,30
626,6,962,30
612,7,962,30
62,8,962,30
712,8,962,30
430,9,962,30
589,11,962,30
200,12,962,30
470,14,962,30
659,15,962,30
597,17,962,30
33,18,962,30
304,20,962,30
872,22,962,30
929,23,962,30
114,25,962,30
603,28,962,30
285,29,962,30
105,0,963,30
108,0,963,30
268,0,963,30
284,0,963,30
507,0,963,30
625,0,963,30
25,1,963,30
303,1,963,30
614,1,963,30
658,1,963,30
708,2,963,30
928,2,963,30
9,3,963,30
80,3,963,30
131,3,963,30
585,3,963,30
624,3,963,30
237,4,963,30
239,4,963,30
241,4,963,30
375,4,963,30
611,4,963,30
878,4,963,30
113,5,963,30
162,5,963,30
272,5,963,30
588,5,963,30
925,5,963,30
15,7,963,30
801,7,963,30
204,8,963,30
871,8,963,30
61,9,963,30
469,10,963,30
602,10,963,30
32,11,963,30
240,12,963,30
411,13,963,30
264,14,963,30
2,16,963,30
199,16,963,30
283,16,963,30
429,16,963,30
596,16,963,30
597,17,963,30
916,18,963,30
711,23,963,30
75,24,963,30
31,0,964,30
112,0,964,30
161,0,964,30
410,0,964,30
584,0,964,30
595,0,964,30
623,0,964,30
60,1,964,30
203,1,964,30
302,1,964,30
610,1,964,30
657,1,964,30
707,1,964,30
800,1,964,30
870,1,964,30
915,1,964,30
104,2,964,30
198,2,964,30
428,2,964,30
468,2,964,30
267,3,964,30
271,3,964,30
1,4,964,30
79,4,964,30
238,4,964,30
240,4,964,30
374,4,964,30
8,5,964,30
596,5,964,30
74,6,964,30
130,6,964,30
506,6,964,30
624,6,964,30
877,6,964,30
924,6,964,30
107,7,964,30
613,7,964,30
710,8,964,30
587,9,964,30
927,13,964,30
239,18,964,30
601,18,964,30
24,19,964,30
263,19,964,30
283,19,964,30
282,20,964,30
14,25,964,30
236,26,964,30
160,0,965,30
373,0,965,30
505,0,965,30
583,0,965,30
586,0,965,30
706,0,965,30
923,0,965,30
926,0,965,30
0,1,965,30
23,1,965,30
281,1,965,30
609,1,965,30
59,2,965,30
78,2,965,30
262,2,965,30
301,2,965,30
467,2,965,30
709,2,965,30
427,3,965,30
237,4,965,30
239,4,965,30
270,4,965,30
594,4,965,30
656,4,965,30
869,4,965,30
73,5,965,30
106,5,965,30
111,5,965,30
914,5,965,30
622,6,965,30
623,6,965,30
876,6,965,30
612,7,965,30
30,8,965,30
282,8,965,30
202,9,965,30
799,9,965,30
7,10,965,30
103,10,965,30
197,10,965,30
595,10,965,30
266,11,965,30
129,12,965,30
238,12,965,30
600,13,965,30
235,15,965,30
409,19,965,30
13,20,965,30
105,0,966,30
110,0,966,30
196,0,966,30
269,0,966,30
655,0,966,30
913,0,966,30
58,1,966,30
72,1,966,30
159,1,966,30
281,1,966,30
504,1,966,30
705,1,966,30
261,2,966,30
708,2,966,30
372,3,966,30
408,3,966,30
585,3,966,30
608,3,966,30
875,3,966,30
77,4,966,30
238,4,966,30
265,4,966,30
593,4,966,30
594,4,966,30
611,4,966,30
922,4,966,30
798,5,966,30
621,6,966,30
622,6,966,30
102,8,966,30
236,8,966,30
599,8,966,30
128,9,966,30
280,9,966,30
300,9,966,30
925,9,966,30
12,10,966,30
868,10,966,30
237,12,966,30
466,12,966,30
426,14,966,30
29,16,966,30
234,16,966,30
201,17,966,30
22,20,966,30
582,20,966,30
6,27,966,30
101,0,967,30
236,0,967,30
268,0,967,30
465,0,967,30
921,0,967,30
11,1,967,30
71,1,967,30
279,1,967,30
503,1,967,30
592,1,967,30
610,1,967,30
707,1,967,30
867,1,967,30
5,2,967,30
21,2,967,30
57,2,967,30
76,2,967,30
280,2,967,30
371,2,967,30
654,2,967,30
797,2,967,30
104,3,967,30
237,4,967,30
593,4,967,30
235,5,967,30
598,5,967,30
874,5,967,30
407,6,967,30
621,6,967,30
704,6,967,30
127,7,967,30
158,7,967,30
581,9,967,30
607,11,967,30
620,11,967,30
264,12,967,30
299,12,967,30
912,12,967,30
924,13,967,30
425,14,967,30
260,15,967,30
233,16,967,30
200,18,967,30
584,20,967,30
28,22,967,30
195,28,967,30
108,0,968,30
236,0,968,30
502,0,968,30
580,0,968,30
592,0,968,30
866,0,968,30
911,0,968,30
100,1,968,30
279,1,968,30
370,1,968,30
609,1,968,30
706,1,968,30
920,1,968,30
56,2,968,30
70,2,968,30
464,2,968,30
232,3,968,30
234,3,968,30
267,3,968,30
653,3,968,30
10,4,968,30
4,5,968,30
20,5,968,30
103,5,968,30
796,5,968,30
126,6,968,30
597,6,968,30
703,6,968,30
278,7,968,30
583,7,968,30
873,7,968,30
606,8,968,30
157,10,968,30
298,11,968,30
263,12,968,30
591,13,968,30
620,13,968,30
194,14,968,30
424,14,968,30
259,15,968,30
199,16,968,30
619,16,968,30
75,20,968,30
27,21,968,30
235,21,968,30
406,21,968,30
74,0,969,30
99,0,969,30
3,1,969,30
125,1,969,30
297,1,969,30
369,1,969,30
501,1,969,30
605,1,969,30
705,1,969,30
795,1,969,30
193,2,969,30
198,2,969,30
423,2,969,30
9,3,969,30
107,4,969,30
156,4,969,30
233,4,969,30
262,4,969,30
579,4,969,30
55,5,969,30
102,5,969,30
231,5,969,30
702,5,969,30
590,6,969,30
596,6,969,30
608,7,969,30
619,7,969,30
872,7,969,30
582,8,969,30
69,9,969,30
463,9,969,30
652,9,969,30
266,11,969,30
865,11,969,30
922,11,969,30
26,13,969,30
258,13,969,30
278,13,969,30
591,13,969,30
919,13,969,30
277,14,969,30
618,14,969,30
234,16,969,30
405,16,969,30
910,16,969,30
19,18,969,30
235,19,969,30
18,0,970,30
101,0,970,30
155,0,970,30
921,0,970,30
257,1,970,30
500,1,970,30
604,1,970,30
701,1,970,30
909,2,970,30
98,3,970,30
234,3,970,30
261,3,970,30
578,3,970,30
106,4,970,30
233,4,970,30
265,4,970,30
276,4,970,30
296,4,970,30
422,4,970,30
794,4,970,30
8,5,970,30
73,5,970,30
277,5,970,30
230,6,970,30
590,6,970,30
607,6,970,30
617,6,970,30
651,6,970,30
704,6,970,30
871,7,970,30
918,7,970,30
54,8,970,30
368,8,970,30
581,8,970,30
589,8,970,30
595,8,970,30
462,9,970,30
192,11,970,30
618,12,970,30
2,14,970,30
124,14,970,30
404,16,970,30
25,18,970,30
232,26,970,30
7,0,971,30
17,0,971,30
97,0,971,30
191,0,971,30
196,0,971,30
367,0,971,30
580,0,971,30
917,0,971,30
67,1,971,30
72,1,971,30
100,1,971,30
499,1,971,30
920,1,971,30
275,2,971,30
908,2,971,30
232,3,971,30
256,3,971,30
870,3,971,30
1,4,971,30
53,4,971,30
123,4,971,30
461,4,971,30
295,5,971,30
588,5,971,30
617,5,971,30
154,6,971,30
229,6,971,30
421,6,971,30
606,6,971,30
703,6,971,30
403,7,971,30
793,8,971,30
700,9,971,30
24,10,971,30
577,10,971,30
231,11,971,30
589,11,971,30
594,11,971,30
863,11,971,30
260,12,971,30
650,12,971,30
264,14,971,30
603,15,971,30
233,19,971,30
276,19,971,30
616,24,971,30
71,0,972,30
0,1,972,30
23,1,972,30
52,1,972,30
66,1,972,30
99,1,972,30
294,1,972,30
615,1,972,30
255,2,972,30
259,2,972,30
420,2,972,30
602,2,972,30
907,2,972,30
916,2,972,30
228,3,972,30
232,3,972,30
460,4,972,30
498,4,972,30
605,4,972,30
869,4,972,30
231,5,972,30
616,5,972,30
702,5,972,30
579,6,972,30
919,6,972,30
96,7,972,30
122,7,972,30
402,7,972,30
792,7,972,30
274,8,972,30
153,9,972,30
16,10,972,30
366,10,972,30
862,10,972,30
588,11,972,30
190,12,972,30
593,12,972,30
587,13,972,30
195,15,972,30
6,17,972,30
104,17,972,30
263,18,972,30
275,18,972,30
649,18,972,30
699,22,972,30
230,26,972,30
152,0,973,30
262,0,973,30
419,0,973,30
592,0,973,30
51,1,973,30
273,1,973,30
293,1,973,30
614,1,973,30
701,1,973,30
915,1,973,30
70,2,973,30
258,2,973,30
601,2,973,30
274,3,973,30
401,3,973,30
5,4,973,30
98,5,973,30
194,5,973,30
231,5,973,30
459,5,973,30
578,5,973,30
95,7,973,30
189,7,973,30
65,8,973,30
648,8,973,30
587,9,973,30
791,9,973,30
22,10,973,30
103,10,973,30
227,10,973,30
497,10,973,30
868,10,973,30
918,10,973,30
229,11,973,30
586,11,973,30
121,12,973,30
906,13,973,30
604,14,973,30
230,15,973,30
698,19,973,30
615,20,973,30
254,22,973,30
861,23,973,30
15,24,973,30
365,25,973,30
575,26,973,30
230,0,974,30
496,0,974,30
697,0,974,30
917,0,974,30
21,1,974,30
257,1,974,30
458,1,974,30
193,2,974,30
261,2,974,30
273,2,974,30
591,2,974,30
600,2,974,30
914,2,974,30
14,3,974,30
226,3,974,30
860,3,974,30
4,4,974,30
50,4,974,30
64,4,974,30
151,4,974,30
400,4,974,30
614,4,974,30
94,5,974,30
228,5,974,30
272,5,974,30
120,6,974,30
188,7,974,30
229,7,974,30
364,7,974,30
613,7,974,30
905,7,974,30
69,8,974,30
574,8,974,30
586,8,974,30
790,8,974,30
700,9,974,30
253,10,974,30
585,10,974,30
867,10,974,30
102,13,974,30
647,13,974,30
292,14,974,30
418,15,974,30
603,15,974,30
577,21,974,30
3,0,975,30
101,0,975,30
150,0,975,30
225,0,975,30
272,0,975,30
904,0,975,30
913,0,975,30
13,1,975,30
187,1,975,30
573,1,975,30
63,2,975,30
252,2,975,30
599,2,975,30
602,2,975,30
613,2,975,30
789,2,975,30
916,2,975,30
271,3,975,30
495,3,975,30
228,4,975,30
260,4,975,30
291,4,975,30
646,4,975,30
696,5,975,30
20,6,975,30
93,6,975,30
229,6,975,30
585,6,975,30
590,6,975,30
96,7,975,30
119,7,975,30
612,7,975,30
859,7,975,30
68,8,975,30
256,8,975,30
699,8,975,30
49,10,975,30
227,10,975,30
866,10,975,30
192,11,975,30
417,11,975,30
584,11,975,30
399,15,975,30
457,15,975,30
363,24,975,30
149,0,976,30
186,0,976,30
456,0,976,30
645,0,976,30
903,0,976,30
67,1,976,30
251,1,976,30
48,2,976,30
416,2,976,30
598,2,976,30
601,2,976,30
915,2,976,30
100,3,976,30
228,3,976,30
572,3,976,30
912,4,976,30
92,5,976,30
224,5,976,30
95,6,976,30
226,6,976,30
270,6,976,30
583,7,976,30
255,8,976,30
290,8,976,30
788,8,976,30
191,9,976,30
695,9,976,30
271,10,976,30
259,11,976,30
584,11,976,30
865,11,976,30
611,12,976,30
494,13,976,30
362,14,976,30
19,15,976,30
398,15,976,30
62,16,976,30
589,16,976,30
698,16,976,30
2,17,976,30
118,17,976,30
858,22,976,30
12,23,976,30
227,23,976,30
575,26,976,30
18,0,977,30
91,0,977,30
99,0,977,30
254,0,977,30
269,0,977,30
455,0,977,30
493,0,977,30
571,0,977,30
694,0,977,30
697,0,977,30
902,0,977,30
66,1,977,30
289,1,977,30
610,1,977,30
864,1,977,30
47,2,977,30
94,2,977,30
397,2,977,30
415,2,977,30
583,2,977,30
600,2,977,30
857,2,977,30
914,2,977,30
226,3,977,30
270,4,977,30
911,4,977,30
148,6,977,30
185,6,977,30
361,6,977,30
597,6,977,30
223,7,977,30
574,7,977,30
61,9,977,30
117,10,977,30
227,10,977,30
258,10,977,30
582,10,977,30
190,12,977,30
644,13,977,30
225,14,977,30
250,15,977,30
588,15,977,30
611,17,977,30
11,18,977,30
1,20,977,30
787,28,977,30
10,0,978,30
17,0,978,30
90,0,978,30
268,0,978,30
269,0,978,30
360,0,978,30
693,0,978,30
0,1,978,30
60,1,978,30
609,1,978,30
786,1,978,30
901,1,978,30
116,2,978,30
184,2,978,30
396,2,978,30
599,2,978,30
863,2,978,30
93,3,978,30
98,3,978,30
224,3,978,30
226,3,978,30
257,3,978,30
414,3,978,30
856,3,978,30
913,3,978,30
46,5,978,30
454,5,978,30
910,5,978,30
288,6,978,30
570,6,978,30
596,6,978,30
696,7,978,30
65,8,978,30
582,8,978,30
249,9,978,30
581,9,978,30
587,9,978,30
643,9,978,30
253,10,978,30
222,11,978,30
492,13,978,30
189,20,978,30
610,23,978,30
225,24,978,30
147,28,978,30
268,0,979,30
359,0,979,30
395,0,979,30
580,0,979,30
595,0,979,30
785,1,979,30
92,2,979,30
146,2,979,30
224,2,979,30
248,2,979,30
598,2,979,30
909,2,979,30
89,3,979,30
97,3,979,30
223,3,979,30
256,3,979,30
267,3,979,30
855,3,979,30
64,4,979,30
16,5,979,30
252,5,979,30
453,5,979,30
115,6,979,30
59,8,979,30
225,8,979,30
287,8,979,30
569,8,979,30
581,8,979,30
900,8,979,30
45,9,979,30
642,9,979,30
862,9,979,30
912,10,979,30
221,11,979,30
572,11,979,30
9,14,979,30
413,14,979,30
183,15,979,30
586,15,979,30
692,15,979,30
491,19,979,30
695,27,979,30
91,0,980,30
247,0,980,30
251,0,980,30
784,0,980,30
854,0,980,30
911,0,980,30
145,1,980,30
220,1,980,30
286,1,980,30
861,1,980,30
63,2,980,30
224,2,980,30
255,2,980,30
908,2,980,30
223,3,980,30
580,3,980,30
44,4,980,30
58,4,980,30
187,4,980,30
691,4,980,30
8,5,980,30
267,5,980,30
568,6,980,30
579,6,980,30
694,6,980,30
15,7,980,30
96,7,980,30
114,7,980,30
358,7,980,30
412,8,980,30
452,8,980,30
88,9,980,30
222,9,980,30
394,9,980,30
585,10,980,30
266,11,980,30
594,11,980,30
597,11,980,30
899,15,980,30
607,16,980,30
182,17,980,30
571,18,980,30
641,20,980,30
490,24,980,30
62,0,981,30
90,0,981,30
144,0,981,30
186,0,981,30
246,0,981,30
254,0,981,30
87,1,981,30
181,1,981,30
853,1,981,30
489,2,981,30
570,2,981,30
907,2,981,30
221,3,981,30
578,3,981,30
57,4,981,30
265,4,981,30
250,5,981,30
596,5,981,30
910,5,981,30
7,6,981,30
95,6,981,30
113,6,981,30
579,6,981,30
693,6,981,30
783,6,981,30
285,7,981,30
357,7,981,30
411,8,981,30
690,8,981,30
14,9,981,30
219,9,981,30
222,9,981,30
393,9,981,30
593,9,981,30
640,9,981,30
860,10,981,30
898,10,981,30
266,11,981,30
451,11,981,30
223,12,981,30
43,13,981,30
607,16,981,30
584,18,981,30
606,22,981,30
567,29,981,30
56,0,982,30
86,0,982,30
94,0,982,30
112,0,982,30
221,0,982,30
249,0,982,30
284,0,982,30
450,0,982,30
859,0,982,30
185,1,982,30
218,1,982,30
253,1,982,30
592,1,982,30
392,2,982,30
578,2,982,30
583,2,982,30
605,2,982,30
782,2,982,30
89,3,982,30
220,3,982,30
639,3,982,30
897,3,982,30
42,4,982,30
143,4,982,30
356,4,982,30
488,4,982,30
61,6,982,30
265,7,982,30
410,8,982,30
569,8,982,30
595,8,982,30
606,8,982,30
689,8,982,30
577,10,982,30
906,10,982,30
6,11,982,30
222,11,982,30
264,12,982,30
245,13,982,30
566,14,982,30
852,16,982,30
692,17,982,30
909,17,982,30
180,18,982,30
13,25,982,30
85,0,983,30
219,0,983,30
781,0,983,30
851,0,983,30
576,1,983,30
5,2,983,30
244,2,983,30
248,2,983,30
449,2,983,30
591,2,983,30
605,2,983,30
41,3,983,30
179,3,983,30
221,3,983,30
391,3,983,30
142,4,983,30
220,4,983,30
355,4,983,30
565,4,983,30
594,4,983,30
55,5,983,30
217,5,983,30
409,5,983,30
688,5,983,30
908,5,983,30
60,6,983,30
93,6,983,30
568,6,983,30
88,7,983,30
111,7,983,30
905,7,983,30
896,8,983,30
12,10,983,30
577,10,983,30
582,10,983,30
263,12,983,30
264,12,983,30
638,15,983,30
999,15,983,30
252,16,983,30
283,16,983,30
691,16,983,30
184,19,983,30
858,21,983,30
487,25,983,30
40,0,984,30
84,0,984,30
110,0,984,30
247,0,984,30
251,0,984,30
780,0,984,30
998,0,984,30
11,1,984,30
220,1,984,30
448,1,984,30
576,1,984,30
92,2,984,30
216,2,984,30
262,2,984,30
637,2,984,30
857,2,984,30
408,3,984,30
567,3,984,30
4,4,984,30
141,4,984,30
218,4,984,30
219,4,984,30
593,4,984,30
904,4,984,30
850,5,984,30
564,6,984,30
907,6,984,30
59,8,984,30
690,8,984,30
895,8,984,30
581,9,984,30
390,10,984,30
178,11,984,30
263,12,984,30
687,12,984,30
486,14,984,30
87,15,984,30
603,15,984,30
354,16,984,30
282,17,984,30
590,17,984,30
54,22,984,30
243,25,984,30
10,0,985,30
91,0,985,30
182,0,985,30
246,0,985,30
262,0,985,30
353,0,985,30
575,0,985,30
997,0,985,30
3,1,985,30
58,1,985,30
109,1,985,30
218,1,985,30
447,1,985,30
636,1,985,30
849,1,985,30
856,1,985,30
215,2,985,30
261,2,985,30
894,2,985,30
250,3,985,30
485,3,985,30
563,3,985,30
53,4,985,30
219,4,985,30
281,4,985,30
574,4,985,30
589,4,985,30
903,4,985,30
217,5,985,30
242,5,985,30
389,6,985,30
177,7,985,30
592,8,985,30
689,8,985,30
83,10,985,30
86,10,985,30
779,10,985,30
580,11,985,30
686,12,985,30
906,12,985,30
140,14,985,30
603,15,985,30
39,16,985,30
407,16,985,30
566,17,985,30
90,0,986,30
108,0,986,30
446,0,986,30
574,0,986,30
52,1,986,30
181,1,986,30
216,1,986,30
245,1,986,30
406,1,986,30
602,1,986,30
635,1,986,30
685,1,986,30
855,1,986,30
85,2,986,30
261,2,986,30
9,3,986,30
139,3,986,30
562,3,986,30
573,3,986,30
38,4,986,30
57,4,986,30
176,4,986,30
218,4,986,30
260,4,986,30
484,4,986,30
565,4,986,30
82,5,986,30
688,5,986,30
579,7,986,30
848,7,986,30
996,7,986,30
249,9,986,30
280,9,986,30
217,10,986,30
778,10,986,30
241,11,986,30
591,13,986,30
905,13,986,30
2,14,986,30
214,15,986,30
588,15,986,30
893,17,986,30
388,20,986,30
352,25,986,30
601,26,986,30
37,0,987,30
56,0,987,30
215,0,987,30
445,0,987,30
600,0,987,30
684,0,987,30
854,0,987,30
892,0,987,30
51,1,987,30
138,1,987,30
244,1,987,30
279,1,987,30
573,1,987,30
81,2,987,30
259,2,987,30
601,2,987,30
572,3,987,30
995,3,987,30
1,4,987,30
107,4,987,30
175,4,987,30
260,4,987,30
777,4,987,30
8,5,987,30
89,5,987,30
578,5,987,30
561,6,987,30
564,6,987,30
590,6,987,30
847,7,987,30
180,8,987,30
216,8,987,30
405,8,987,30
483,8,987,30
217,10,987,30
240,10,987,30
248,12,987,30
387,12,987,30
687,12,987,30
901,13,987,30
904,13,987,30
84,14,987,30
213,14,987,30
587,15,987,30
351,25,987,30
7,0,988,30
589,0,988,30
683,0,988,30
0,1,988,30
174,1,988,30
216,1,988,30
212,2,988,30
258,2,988,30
259,2,988,30
386,2,988,30
600,2,988,30
55,3,988,30
776,3,988,30
891,3,988,30
36,4,988,30
50,4,988,30
106,4,988,30
444,4,988,30
88,5,988,30
350,5,988,30
404,5,988,30
563,5,988,30
137,6,988,30
247,7,988,30
80,8,988,30
215,8,988,30
586,8,988,30
853,8,988,30
900,8,988,30
83,10,988,30
686,10,988,30
903,10,988,30
572,11,988,30
599,11,988,30
560,12,988,30
633,12,988,30
278,13,988,30
846,13,988,30
214,16,988,30
577,17,988,30
239,18,988,30
994,18,988,30
179,21,988,30
571,23,988,30
482,28,988,30
105,0,989,30
215,0,989,30
571,0,989,30
588,0,989,30
632,0,989,30
87,1,989,30
173,1,989,30
214,1,989,30
257,1,989,30
403,1,989,30
576,1,989,30
899,1,989,30
258,2,989,30
570,2,989,30
599,2,989,30
902,2,989,30
993,2,989,30
585,3,989,30
682,3,989,30
775,3,989,30
443,4,989,30
242,5,989,30
385,5,989,30
598,5,989,30
277,6,989,30
890,6,989,30
136,7,989,30
481,7,989,30
79,8,989,30
246,8,989,30
349,8,989,30
178,9,989,30
49,10,989,30
35,11,989,30
559,11,989,30
82,12,989,30
238,12,989,30
685,12,989,30
211,13,989,30
845,13,989,30
852,16,989,30
213,17,989,30
562,21,989,30
6,23,989,30
86,0,990,30
172,0,990,30
213,0,990,30
631,0,990,30
684,0,990,30
851,0,990,30
214,1,990,30
245,1,990,30
402,1,990,30
844,1,990,30
889,1,990,30
48,2,990,30
78,2,990,30
104,2,990,30
570,2,990,30
587,2,990,30
598,2,990,30
992,2,990,30
53,3,990,30
256,3,990,30
5,4,990,30
384,4,990,30
681,4,990,30
135,5,990,30
177,5,990,30
898,6,990,30
210,7,990,30
569,7,990,30
81,8,990,30
212,8,990,30
348,8,990,30
558,8,990,30
901,10,990,30
561,11,990,30
584,11,990,30
34,12,990,30
237,12,990,30
257,15,990,30
774,17,990,30
276,19,990,30
442,19,990,30
480,20,990,30
597,20,990,30
575,26,990,30
52,0,991,30
80,0,991,30
85,0,991,30
209,0,991,30
213,0,991,30
236,0,991,30
383,0,991,30
479,0,991,30
557,0,991,30
680,0,991,30
683,0,991,30
244,1,991,30
441,1,991,30
773,1,991,30
47,2,991,30
176,2,991,30
212,2,991,30
255,2,991,30
583,2,991,30
900,2,991,30
991,2,991,30
171,3,991,30
401,3,991,30
897,3,991,30
4,4,991,30
77,4,991,30
574,4,991,30
103,5,991,30
134,5,991,30
850,5,991,30
569,7,991,30
586,8,991,30
843,8,991,30
211,9,991,30
275,9,991,30
888,9,991,30
240,10,991,30
597,11,991,30
256,12,991,30
596,12,991,30
347,15,991,30
33,19,991,30
568,19,991,30
630,20,991,30
560,22,991,30
51,0,992,30
84,0,992,30
440,0,992,30
478,0,992,30
679,0,992,30
46,1,992,30
208,1,992,30
254,1,992,30
629,1,992,30
772,1,992,30
849,1,992,30
255,2,992,30
899,2,992,30
211,3,992,30
573,3,992,30
585,3,992,30
3,4,992,30
170,4,992,30
896,4,992,30
102,5,992,30
133,5,992,30
582,5,992,30
596,5,992,30
76,6,992,30
175,6,992,30
274,6,992,30
568,6,992,30
210,7,992,30
382,7,992,30
556,7,992,30
990,7,992,30
79,8,992,30
239,8,992,30
32,9,992,30
212,10,992,30
559,11,992,30
346,12,992,30
595,12,992,30
682,12,992,30
235,15,992,30
400,17,992,30
842,17,992,30
243,20,992,30
887,21,992,30
567,28,992,30
50,0,993,30
101,0,993,30
209,0,993,30
254,0,993,30
439,0,993,30
584,0,993,30
174,1,993,30
253,1,993,30
555,1,993,30
558,1,993,30
771,1,993,30
78,2,993,30
273,2,993,30
628,2,993,30
678,2,993,30
132,3,993,30
169,3,993,30
572,3,993,30
210,4,993,30
594,4,993,30
381,5,993,30
581,5,993,30
31,6,993,30
45,6,993,30
841,6,993,30
898,6,993,30
989,6,993,30
207,7,993,30
848,7,993,30
234,8,993,30
895,8,993,30
83,10,993,30
345,10,993,30
238,12,993,30
399,12,993,30
211,13,993,30
477,13,993,30
886,13,993,30
2,17,993,30
566,17,993,30
75,20,993,30
595,23,993,30
681,25,993,30
567,29,993,30
74,0,994,30
209,0,994,30
380,0,994,30
398,0,994,30
583,0,994,30
677,0,994,30
680,0,994,30
840,0,994,30
894,0,994,30
173,1,994,30
208,1,994,30
253,1,994,30
344,1,994,30
206,2,994,30
233,2,994,30
885,2,994,30
131,3,994,30
438,3,994,30
627,3,994,30
1,4,994,30
77,4,994,30
210,4,994,30
241,4,994,30
593,4,994,30
44,5,994,30
82,5,994,30
252,5,994,30
594,5,994,30
476,6,994,30
897,6,994,30
30,7,994,30
100,7,994,30
237,7,994,30
847,7,994,30
554,8,994,30
566,8,994,30
168,11,994,30
49,12,994,30
565,13,994,30
272,14,994,30
580,16,994,30
557,17,994,30
770,17,994,30
571,23,994,30
988,24,994,30
29,0,995,30
172,0,995,30
209,0,995,30
379,0,995,30
679,0,995,30
208,1,995,30
236,1,995,30
251,1,995,30
553,1,995,30
676,1,995,30
769,1,995,30
48,2,995,30
76,2,995,30
81,2,995,30
232,2,995,30
240,2,995,30
397,2,995,30
556,2,995,30
570,2,995,30
271,3,995,30
437,3,995,30
565,4,995,30
839,4,995,30
884,4,995,30
0,5,995,30
167,5,995,30
205,5,995,30
252,5,995,30
592,5,995,30
593,6,995,30
626,6,995,30
896,8,995,30
99,9,995,30
582,10,995,30
207,12,995,30
846,12,995,30
43,13,995,30
564,13,995,30
579,13,995,30
73,14,995,30
130,17,995,30
343,18,995,30
893,18,995,30
987,22,995,30
80,0,996,30
204,0,996,30
625,0,996,30
42,1,996,30
208,1,996,30
251,1,996,30
592,1,996,30
47,2,996,30
171,2,996,30
206,2,996,30
231,2,996,30
235,2,996,30
396,2,996,30
555,2,996,30
578,2,996,30
591,2,996,30
678,2,996,30
768,2,996,30
883,2,996,30
892,2,996,30
98,3,996,30
342,3,996,30
563,3,996,30
895,3,996,30
239,4,996,30
270,4,996,30
838,4,996,30
166,5,996,30
250,5,996,30
845,5,996,30
378,6,996,30
474,6,996,30
564,6,996,30
569,7,996,30
986,7,996,30
75,10,996,30
581,10,996,30
72,12,996,30
129,13,996,30
552,14,996,30
436,15,996,30
207,16,996,30
28,23,996,30
675,23,996,30
71,0,997,30
74,0,997,30
230,0,997,30
269,0,997,30
341,0,997,30
395,0,997,30
473,0,997,30
580,0,997,30
46,1,997,30
203,1,997,30
677,1,997,30
27,2,997,30
41,2,997,30
377,2,997,30
554,2,997,30
591,2,997,30
624,2,997,30
97,3,997,30
234,3,997,30
250,3,997,30
562,3,997,30
891,3,997,30
985,3,997,30
170,4,997,30
206,4,997,30
238,4,997,30
205,5,997,30
249,5,997,30
563,5,997,30
837,5,997,30
590,6,997,30
674,7,997,30
894,8,997,30
435,9,997,30
128,10,997,30
165,10,997,30
577,10,997,30
844,10,997,30
207,12,997,30
568,12,997,30
767,13,997,30
551,15,997,30
882,17,997,30
79,23,997,30
40,0,998,30
249,0,998,30
268,0,998,30
472,0,998,30
623,0,998,30
127,1,998,30
576,1,998,30
676,1,998,30
45,2,998,30
70,2,998,30
78,2,998,30
202,2,998,30
233,2,998,30
376,2,998,30
550,2,998,30
673,2,998,30
843,2,998,30
169,3,998,30
394,3,998,30
567,3,998,30
984,3,998,30
204,4,998,30
237,4,998,30
589,4,998,30
164,6,998,30
229,6,998,30
340,6,998,30
434,6,998,30
561,6,998,30
96,7,998,30
553,7,998,30
562,7,998,30
881,7,998,30
766,10,998,30
579,11,998,30
836,11,998,30
590,12,998,30
26,13,998,30
73,14,998,30
890,17,998,30
893,22,998,30
206,25,998,30
168,0,999,30
204,0,999,30
247,0,999,30
393,0,999,30
433,0,999,30
471,0,999,30
575,0,999,30
672,0,999,30
765,0,999,30
880,0,999,30
892,0,999,30
72,1,999,30
203,1,999,30
236,1,999,30
588,1,999,30
889,1,999,30
232,2,999,30
375,2,999,30
549,2,999,30
842,2,999,30
983,2,999,30
163,3,999,30
228,3,999,30
835,3,999,30
44,4,999,30
77,4,999,30
205,5,999,30
578,5,999,30
39,6,999,30
267,6,999,30
95,7,999,30
69,8,999,30
589,8,999,30
339,9,999,30
561,11,999,30
622,11,999,30
248,12,999,30
560,12,999,30
201,13,999,30
552,14,999,30
566,14,999,30
675,18,999,30
126,23,999,30
25,29,999,30
