target,source
999,991
999,657
999,628
999,638
999,239
998,751
998,342
998,76
998,272
998,137
998,746
998,281
998,93
998,88
998,159
998,644
998,8
998,953
998,882
998,992
998,716
998,24
998,539
998,254
998,531
998,805
998,201
998,706
998,491
998,429
998,846
998,487
998,283
998,540
998,782
998,703
998,369
998,808
998,575
998,80
998,876
998,672
998,583
997,582
997,492
997,15
997,603
997,93
997,739
997,133
997,516
997,556
997,998
997,82
997,761
997,221
997,270
997,936
997,90
997,871
997,34
997,24
997,395
997,166
997,52
997,281
997,692
997,558
997,440
997,46
997,190
997,378
997,958
997,342
997,936
997,723
997,892
997,847
997,902
997,128
997,890
997,743
997,865
997,780
997,97
997,27
997,924
997,710
997,750
997,524
997,887
997,191
997,800
997,577
997,998
997,827
997,401
997,725
997,882
997,783
997,630
997,676
997,91
997,405
997,820
997,109
997,63
997,550
997,226
997,870
997,469
997,431
997,443
997,199
996,492
996,723
996,861
996,899
996,772
996,687
996,686
996,847
996,976
996,587
996,941
996,875
996,779
996,767
996,639
996,156
996,2
996,37
995,849
995,749
995,638
995,507
995,400
995,280
995,812
995,140
995,169
995,724
995,58
995,155
995,272
995,292
995,479
995,252
995,268
995,261
995,269
995,429
995,873
995,370
995,994
995,79
995,113
995,293
995,547
995,224
995,104
995,777
995,367
995,381
995,40
995,14
995,771
995,913
995,427
995,710
995,983
995,282
995,300
995,924
995,229
995,892
995,650
995,434
994,207
994,770
994,621
994,986
994,47
994,582
994,533
994,265
994,720
994,549
994,757
994,535
994,493
994,602
994,518
994,706
994,285
994,805
994,423
994,25
994,619
994,432
994,786
994,442
994,592
994,946
993,453
993,161
993,472
993,215
993,617
993,862
993,873
993,689
993,987
993,155
993,509
993,609
993,860
993,938
993,743
993,822
993,722
993,627
993,152
993,620
993,971
993,590
993,58
993,325
993,114
993,371
993,612
993,321
993,145
993,829
993,81
993,233
993,570
993,132
993,992
993,951
993,955
993,364
993,593
993,547
993,68
993,161
993,7
993,524
993,749
993,784
993,363
993,754
993,613
993,210
993,409
993,343
993,487
993,19
993,86
993,48
993,111
993,988
993,494
993,336
993,502
993,540
993,91
993,96
993,894
993,100
993,39
993,979
993,193
993,377
993,477
993,551
993,652
993,289
993,521
993,611
993,760
993,807
993,837
993,397
993,75
993,601
993,747
993,821
993,673
993,178
993,796
993,238
992,246
992,500
992,849
992,193
992,328
992,979
992,951
992,115
992,271
992,96
992,939
992,396
992,333
992,877
992,473
992,426
992,892
992,243
992,893
992,644
992,325
992,480
992,461
992,192
992,121
992,928
992,928
992,791
992,835
992,780
992,394
992,94
992,568
992,405
992,938
992,501
992,125
992,707
992,539
992,161
992,731
992,421
992,363
992,515
992,868
992,793
992,610
992,312
992,960
992,844
992,12
992,107
992,525
992,259
992,205
992,968
992,785
992,927
992,32
992,744
992,593
992,114
992,262
992,322
992,802
992,588
992,465
992,535
992,680
992,882
992,591
992,162
992,803
992,988
992,670
992,37
992,297
992,231
992,637
992,690
991,337
991,465
991,537
991,722
991,342
991,841
991,690
991,893
991,44
991,186
991,872
991,16
991,25
991,261
991,739
991,124
991,368
991,839
991,997
991,604
991,639
991,706
991,262
991,150
991,232
991,0
991,673
991,200
991,113
991,329
991,166
991,33
991,753
991,927
991,112
991,333
991,358
990,377
990,703
990,491
990,933
990,443
990,910
990,803
990,440
990,151
990,698
990,66
990,484
990,47
989,837
989,144
989,383
989,844
989,741
989,599
989,502
989,612
989,940
989,916
989,175
989,841
989,926
989,555
989,46
989,838
989,115
989,583
989,955
989,113
989,993
989,495
989,60
989,692
989,170
989,244
989,545
989,68
989,186
989,451
989,404
988,708
988,466
988,809
988,416
988,579
988,371
988,756
988,385
988,236
988,493
988,474
988,824
988,917
988,763
988,275
988,858
988,391
988,849
988,139
988,618
988,366
988,1
988,687
988,303
988,267
988,377
988,698
988,15
988,483
988,858
988,127
988,85
988,419
988,222
988,9
988,111
988,322
988,760
988,381
988,490
988,832
988,894
988,375
988,522
988,269
988,269
988,660
988,168
988,672
988,79
988,750
988,417
988,25
988,501
988,749
988,255
988,889
988,710
988,289
988,486
988,952
988,667
988,497
988,847
988,944
988,363
988,557
988,66
988,667
988,184
988,487
988,609
988,456
988,521
988,547
988,219
988,690
988,658
988,706
988,905
988,971
988,353
988,937
988,162
988,205
988,37
988,590
988,67
988,648
988,324
988,288
988,507
988,422
988,739
988,138
988,915
988,990
987,161
987,198
987,159
987,549
987,257
987,908
987,732
987,248
987,93
987,371
987,933
987,622
987,565
987,272
987,312
987,835
987,596
987,442
987,498
987,201
987,61
987,133
987,855
987,739
987,975
987,227
987,638
987,127
987,728
987,657
987,14
987,347
987,250
987,216
987,237
987,972
987,246
987,658
987,287
987,766
987,113
987,684
987,883
987,56
987,631
987,22
987,864
987,959
987,14
987,124
987,113
987,369
987,921
987,804
987,489
987,829
987,960
987,113
987,536
987,37
987,912
987,559
987,526
987,489
987,97
987,54
986,866
986,951
986,64
986,283
986,795
986,795
986,32
986,426
986,530
986,340
986,369
986,10
986,691
986,584
986,44
986,79
986,290
986,235
985,975
985,525
985,528
985,739
985,367
985,315
985,886
985,889
985,11
985,606
985,917
985,996
985,743
985,845
985,134
985,923
985,530
985,813
985,977
985,957
985,159
985,858
985,21
985,607
985,584
985,939
985,389
985,69
985,272
985,768
985,983
985,961
985,312
985,677
985,310
985,967
985,957
985,587
985,483
985,621
985,932
985,989
985,851
985,553
985,698
985,587
985,903
985,142
985,155
985,50
985,613
985,325
985,776
985,436
985,324
985,46
985,208
985,205
985,726
985,697
985,938
985,210
985,785
985,893
985,745
985,899
985,213
985,760
985,79
985,556
985,188
985,973
985,19
985,857
985,388
985,7
985,359
985,981
985,146
985,373
985,319
985,355
985,607
985,244
985,409
985,32
985,209
985,461
985,765
985,119
985,119
985,499
985,27
985,336
985,860
985,302
985,767
984,392
984,906
984,546
984,930
984,690
984,222
984,478
984,278
984,65
984,137
984,554
984,273
984,705
984,888
984,854
984,749
984,392
984,20
984,190
984,397
984,160
984,99
984,681
984,205
984,754
984,679
984,175
984,459
984,918
984,45
984,495
984,937
984,56
984,441
984,48
983,59
983,165
983,52
983,164
983,214
983,789
983,216
983,940
983,48
983,765
983,844
983,482
983,179
983,508
983,444
983,173
983,235
983,179
983,102
983,449
983,820
983,464
983,800
983,82
983,31
983,616
983,181
983,346
983,183
983,910
983,887
983,348
983,50
983,928
983,451
983,491
983,562
983,516
983,375
983,192
983,54
983,210
983,710
983,635
983,762
983,738
983,75
983,219
983,911
983,513
983,868
983,631
983,993
983,169
983,785
983,757
983,196
983,456
983,659
983,835
983,464
982,650
982,568
982,787
982,129
982,179
982,940
982,780
982,975
982,498
982,22
982,58
982,237
982,434
982,475
982,180
982,140
982,25
982,613
982,771
982,512
982,509
982,468
982,280
982,376
982,754
982,439
982,653
982,818
982,819
982,922
982,230
982,894
982,64
982,118
982,346
982,96
982,896
982,516
982,676
982,829
982,609
982,102
982,132
982,435
982,785
982,480
982,202
982,547
982,51
981,547
981,955
981,716
981,548
981,616
981,743
981,189
981,969
981,506
981,66
981,413
981,909
981,280
981,196
981,317
981,511
981,338
981,7
981,820
981,61
981,983
981,37
981,147
981,512
981,646
981,412
981,823
981,252
981,297
981,232
981,383
981,349
981,927
981,431
981,77
981,254
981,728
981,209
981,905
981,917
981,972
981,607
981,628
981,834
981,811
981,657
981,480
981,213
981,604
981,627
981,746
981,184
981,3
981,604
981,657
981,128
981,519
981,542
981,494
981,617
981,724
981,101
981,712
981,624
981,300
981,851
981,470
981,391
981,73
981,556
981,531
981,963
981,918
981,736
981,177
981,257
981,933
981,529
981,183
981,844
980,880
980,107
980,72
980,816
980,525
980,286
980,318
980,372
980,668
980,624
980,21
980,892
980,572
980,72
980,63
980,906
980,638
980,152
980,161
980,613
980,324
980,686
980,214
980,533
980,164
980,42
980,878
980,70
980,839
980,566
980,714
980,552
980,865
980,283
980,778
980,377
980,241
980,160
980,85
980,601
980,645
980,581
980,466
980,845
980,226
980,495
980,46
980,228
980,640
980,407
980,199
980,440
980,704
980,252
980,912
980,429
980,739
980,874
980,65
980,528
980,776
980,124
980,281
980,745
980,389
980,389
980,626
979,427
979,392
979,632
979,230
979,759
979,189
979,412
979,77
979,867
979,113
979,220
979,106
979,552
979,677
979,597
979,523
979,295
979,944
979,89
979,237
979,411
979,852
979,474
979,224
979,954
979,732
979,575
979,535
979,31
979,325
979,955
979,538
979,975
979,99
979,174
979,605
979,206
979,187
979,391
979,566
979,414
979,520
979,489
979,183
979,532
979,678
979,870
979,952
979,42
979,467
979,601
979,741
979,234
979,717
979,435
979,691
979,815
979,680
979,566
979,532
979,948
979,884
979,274
979,893
979,61
979,909
979,887
979,264
979,297
979,249
979,67
979,319
979,918
979,85
979,723
979,274
979,82
979,726
979,286
979,179
979,893
979,507
979,749
979,124
979,594
979,939
979,595
979,374
979,153
979,837
979,411
979,296
979,190
979,117
978,523
978,542
978,339
978,572
978,738
978,488
978,475
978,610
978,184
978,860
978,875
978,678
978,604
978,481
978,841
978,100
978,815
978,947
978,774
978,392
978,271
978,247
978,916
978,845
978,897
978,630
978,561
978,601
978,609
978,174
978,304
978,209
978,971
978,305
978,466
978,227
978,741
978,527
978,173
978,391
978,72
978,195
978,163
978,374
978,366
978,613
978,829
978,560
978,624
978,684
978,755
978,707
978,711
978,106
978,6
978,130
978,567
978,0
978,771
978,703
978,448
978,365
978,489
978,187
978,569
978,421
978,356
978,523
978,361
978,393
978,942
978,629
978,0
978,1
978,395
978,870
978,495
978,547
978,518
978,187
978,504
978,741
978,216
978,66
978,57
978,282
978,113
978,215
978,346
978,389
978,408
978,375
977,400
977,71
977,532
977,973
977,758
977,241
977,485
977,799
977,675
977,59
977,103
977,835
977,376
977,212
977,792
977,364
977,960
977,814
977,652
977,655
977,476
977,422
977,253
976,681
976,780
976,531
976,260
976,434
976,244
976,467
976,913
976,230
976,304
976,194
976,242
976,939
976,606
976,989
976,104
976,535
976,184
976,318
976,886
976,324
976,211
976,759
975,215
975,956
975,856
974,45
974,108
974,728
974,91
974,977
974,908
974,652
974,748
974,673
974,205
974,923
974,268
974,865
974,580
974,743
974,969
974,355
974,133
974,84
974,866
974,783
974,127
974,531
974,829
974,670
974,964
974,133
974,705
974,806
974,213
974,330
974,78
974,51
974,716
974,288
974,252
974,301
974,13
974,486
974,833
974,502
974,265
974,178
974,233
974,157
974,735
974,968
974,47
974,15
974,38
974,132
974,813
974,206
973,456
973,25
973,367
973,884
973,124
973,807
973,174
973,787
973,965
973,714
973,220
973,70
973,732
973,633
973,42
973,835
973,314
973,599
973,706
973,459
973,674
973,181
973,199
973,421
973,828
973,488
973,997
973,952
973,462
973,196
973,568
973,935
973,760
973,124
973,463
973,958
973,301
973,539
973,268
973,360
973,202
973,164
973,635
973,834
973,135
973,741
973,302
973,417
973,293
973,745
973,535
973,849
973,664
973,697
973,185
973,308
973,305
973,332
973,614
973,981
973,349
973,157
973,569
973,740
973,44
973,170
973,846
973,226
973,382
973,837
973,266
973,795
973,477
973,143
973,731
973,24
973,175
973,349
973,693
973,909
973,858
973,687
973,945
973,29
973,892
973,905
973,505
973,83
973,427
973,710
973,434
973,545
973,51
973,154
973,342
972,113
972,148
972,732
972,876
972,518
972,517
972,538
972,938
972,570
972,497
972,754
972,656
972,343
972,539
972,121
972,537
972,677
972,217
972,314
972,626
972,758
972,871
972,192
972,338
972,985
972,226
972,847
972,780
972,521
972,839
972,474
972,409
972,258
972,876
972,184
972,867
972,552
972,967
972,543
972,466
972,971
972,895
972,940
972,383
972,172
972,76
972,555
972,367
972,236
972,506
972,434
972,454
972,46
972,878
972,975
971,413
971,179
971,67
971,692
971,776
971,243
971,679
971,315
971,893
971,578
971,59
971,101
971,408
971,356
971,29
971,350
971,336
971,649
971,391
971,569
971,497
971,897
971,223
971,522
971,393
971,168
971,31
971,855
971,134
971,891
971,860
971,761
971,641
971,15
971,862
971,779
971,116
971,956
971,223
971,558
971,693
971,232
971,593
971,322
971,911
971,48
971,489
971,977
971,754
971,171
971,893
971,692
971,910
971,552
971,699
971,484
971,86
971,573
971,409
971,70
971,950
971,495
970,692
970,433
970,836
970,842
970,980
970,189
970,851
970,235
970,968
969,50
969,410
969,331
969,42
969,769
969,613
969,89
969,988
969,703
969,556
969,184
969,861
969,805
969,104
969,863
969,741
969,821
969,724
969,575
969,71
969,5
969,451
969,272
969,532
969,451
969,610
969,378
969,157
969,379
969,730
969,843
969,687
969,891
969,19
969,999
969,939
969,379
969,168
969,160
969,959
969,757
968,603
968,74
968,958
968,48
968,552
968,541
968,747
968,26
968,217
968,880
968,822
968,715
968,293
968,666
968,420
968,144
968,621
968,200
968,901
968,460
968,261
968,165
968,515
968,378
968,911
968,951
968,355
968,362
968,845
968,412
968,855
968,565
968,230
968,761
968,870
968,108
968,152
968,183
968,365
968,557
968,829
968,578
967,56
967,630
967,690
967,256
967,664
967,736
967,981
967,158
967,210
967,571
967,111
967,700
967,913
967,704
967,402
967,698
967,333
967,842
967,839
967,849
967,264
966,889
966,458
966,517
966,123
966,479
966,820
966,118
966,866
966,690
966,993
966,234
966,187
966,411
966,4
966,993
966,608
966,907
966,49
966,615
966,505
966,869
966,747
966,267
966,548
966,704
966,871
966,964
966,641
966,557
966,152
966,677
966,856
966,47
965,905
965,743
965,673
965,945
965,747
965,608
965,324
965,730
965,327
965,498
965,947
965,838
965,405
965,557
965,155
965,8
965,317
965,94
965,515
965,68
965,780
965,645
965,181
965,278
965,501
965,622
965,34
965,59
965,289
965,823
965,310
965,485
964,886
964,282
964,250
964,316
964,900
964,590
964,439
964,824
964,495
964,149
964,951
964,482
964,371
964,605
964,623
964,555
964,309
964,672
964,861
964,763
964,547
964,463
964,37
964,182
964,726
964,292
964,548
964,411
964,973
964,895
964,762
964,643
964,166
964,498
964,928
964,350
964,716
964,163
964,201
964,434
964,686
964,478
964,116
964,601
964,375
964,318
964,781
964,771
964,32
964,942
964,588
964,623
964,183
964,764
964,892
964,59
964,433
964,929
964,426
964,34
964,347
964,862
964,29
964,799
964,588
964,40
964,353
964,7
964,425
964,756
964,536
963,655
963,442
963,571
963,928
963,829
963,973
963,646
963,416
963,706
963,985
963,422
963,132
963,126
963,214
963,121
963,96
963,93
963,928
963,426
963,792
963,725
963,896
963,585
963,22
963,992
963,998
963,411
963,362
962,337
962,113
962,339
962,811
962,691
962,660
962,985
962,287
962,576
962,577
962,116
962,963
962,424
962,9
962,440
962,475
962,880
962,868
962,592
962,925
962,517
962,10
962,567
962,778
962,513
962,403
962,289
962,377
962,296
962,576
962,431
962,26
962,756
962,436
962,153
962,563
962,985
962,711
962,307
962,156
962,656
962,288
962,512
962,407
962,88
962,694
962,49
962,247
962,832
962,473
962,271
962,304
962,928
962,315
962,923
962,812
962,54
962,535
962,931
962,589
962,48
962,260
962,185
962,378
962,185
962,90
962,77
962,632
962,791
962,301
962,731
962,327
962,418
962,110
962,316
962,575
962,500
962,354
962,854
962,191
962,140
962,750
962,208
962,734
962,649
962,291
961,89
961,103
961,802
961,386
961,760
961,921
961,32
961,955
961,725
961,637
961,901
961,297
961,481
961,706
961,248
961,848
961,773
961,809
961,635
961,772
961,19
961,704
961,56
961,599
961,456
961,398
961,890
961,702
961,822
961,932
961,593
961,697
961,505
961,533
961,714
961,997
961,898
961,540
961,621
961,927
961,417
961,377
961,71
961,865
961,196
961,520
961,464
961,467
961,41
961,474
961,374
961,324
961,45
961,188
961,540
961,778
961,25
961,121
960,562
960,166
960,543
960,306
960,437
960,52
960,349
960,449
960,683
960,426
960,932
960,210
960,153
960,318
960,64
960,169
960,347
960,374
959,138
959,398
959,95
959,369
959,676
959,840
959,238
959,927
959,96
959,57
959,470
959,782
959,541
959,15
959,498
959,533
959,938
959,157
959,0
959,610
959,435
959,337
959,78
959,444
959,660
959,935
959,257
959,605
959,615
959,671
959,667
959,970
959,63
959,582
959,704
959,42
959,283
959,102
958,742
958,236
958,5
958,903
958,794
958,459
958,497
958,596
958,503
958,485
958,515
958,88
958,888
958,170
958,343
958,139
958,58
958,796
958,354
958,702
958,569
958,356
958,797
958,872
958,571
958,425
958,290
958,0
958,39
958,601
958,508
958,930
958,564
958,489
958,454
958,771
958,196
958,251
957,121
957,690
957,224
957,731
957,142
957,586
957,150
957,140
957,316
957,110
957,74
957,291
957,101
957,474
957,209
957,935
957,255
957,549
957,225
957,533
957,721
957,437
957,104
957,627
957,337
957,140
957,998
957,847
957,519
957,289
957,540
957,261
957,549
957,611
957,175
957,62
957,233
957,921
957,273
957,266
957,538
957,541
957,657
957,874
957,67
957,261
957,213
957,833
957,179
957,878
957,167
957,351
957,486
957,433
957,148
957,519
957,88
957,360
957,739
957,451
957,567
957,334
957,795
957,19
957,229
957,69
957,157
957,574
957,351
957,176
957,488
957,835
957,60
957,34
957,29
957,560
957,936
957,307
957,725
957,1
957,369
957,820
957,459
957,993
957,993
957,717
956,587
956,227
956,741
956,371
956,520
956,653
956,236
956,34
956,799
956,45
956,66
956,797
956,880
956,198
956,889
956,832
956,497
956,575
956,211
956,792
956,507
956,928
956,546
956,123
956,315
956,380
956,950
956,683
956,727
956,77
956,678
956,427
956,244
956,632
956,929
956,17
956,769
956,933
956,829
956,976
955,684
955,437
955,213
955,361
955,353
955,869
955,662
955,623
955,535
955,491
955,658
955,837
955,249
955,898
955,179
955,117
955,884
955,430
955,89
955,851
955,485
955,73
955,152
955,546
955,944
955,703
955,727
955,212
955,353
955,721
955,246
955,210
955,706
955,709
955,979
955,55
955,341
955,177
955,502
955,608
955,589
955,694
955,107
955,584
955,44
955,383
955,856
955,750
955,399
955,646
955,693
955,138
955,986
955,887
955,487
955,464
955,964
955,604
955,137
955,757
955,110
955,312
955,308
955,216
955,407
955,555
955,139
955,708
955,244
955,796
955,866
955,406
955,223
955,551
955,978
955,856
955,508
955,172
955,932
955,960
955,636
955,908
955,331
955,110
955,618
955,760
955,952
955,380
955,996
955,105
954,289
954,298
954,290
954,254
954,256
954,974
954,559
954,38
954,256
954,137
954,123
954,497
954,265
954,682
954,640
954,632
954,574
954,823
954,386
954,972
954,670
954,44
954,206
954,669
954,771
954,420
954,428
954,84
954,872
954,203
954,396
954,723
954,383
954,458
954,412
954,962
954,540
954,602
954,190
954,893
954,397
954,7
954,736
954,481
954,252
954,452
954,818
954,113
954,514
954,193
954,497
954,954
954,947
954,296
954,767
954,577
954,95
954,528
954,471
954,383
954,604
954,413
954,554
954,777
954,473
954,363
954,628
954,616
954,377
954,839
954,996
954,882
954,294
954,335
954,657
954,681
954,703
954,274
954,139
954,383
953,985
953,293
953,712
953,341
953,804
953,663
953,487
953,925
953,140
953,320
953,998
953,552
953,120
953,93
953,771
953,583
953,418
953,191
953,647
953,436
953,629
953,528
953,114
952,252
952,287
952,277
952,520
952,232
952,69
952,246
952,537
952,59
952,585
952,906
952,527
952,935
952,798
952,964
952,744
952,780
952,499
952,837
952,744
952,520
952,861
952,593
952,397
952,970
952,525
952,259
952,684
952,327
952,842
952,604
952,946
952,669
952,339
952,402
952,544
952,739
952,500
952,57
952,722
952,259
952,211
952,684
952,242
952,641
952,283
952,859
952,280
952,308
952,931
952,733
952,40
952,83
952,19
952,634
952,156
952,140
952,46
952,221
952,68
952,155
952,118
952,829
952,987
952,300
952,720
952,88
952,169
952,837
952,605
952,966
952,264
952,374
952,995
952,446
952,393
952,163
952,589
952,154
952,712
952,828
952,637
952,996
952,903
952,42
952,674
952,111
952,987
952,311
952,590
951,662
951,461
951,890
951,216
951,191
951,825
950,983
950,895
950,793
950,796
950,163
950,709
950,511
950,757
950,745
950,768
950,388
950,836
950,483
950,713
950,156
950,237
950,514
950,690
950,686
950,914
950,727
950,881
950,375
950,87
950,37
950,815
950,997
950,934
950,48
950,478
950,944
950,261
950,837
950,514
950,402
950,19
950,743
950,28
950,265
950,334
950,704
950,779
950,137
950,190
950,435
950,731
950,459
950,450
950,483
950,716
950,146
950,135
950,65
950,889
950,286
950,903
950,78
950,160
950,871
950,353
950,714
950,860
950,999
950,17
950,258
950,119
950,407
950,804
950,362
950,847
949,465
949,70
949,541
949,947
949,897
949,6
949,950
949,821
949,117
949,557
949,503
949,385
949,852
949,701
949,733
949,881
949,233
949,498
949,145
949,541
949,614
949,119
949,699
949,327
949,212
949,987
949,217
949,776
949,204
949,983
949,197
949,509
949,478
949,291
949,539
949,249
949,221
949,495
949,732
949,280
949,458
949,919
949,468
949,764
949,641
949,743
949,262
949,117
949,866
949,217
949,798
949,654
949,364
949,39
949,874
949,926
949,146
949,2
949,147
949,247
949,249
949,829
949,864
949,16
949,743
949,570
949,741
949,40
949,995
949,970
949,47
949,97
949,579
949,853
949,141
949,232
949,292
949,350
949,427
949,593
949,637
949,762
949,169
949,28
949,876
949,546
949,826
949,506
949,462
949,892
948,936
948,630
948,56
948,845
948,70
948,762
948,664
948,10
948,498
948,122
948,430
948,418
948,704
948,861
948,541
948,629
948,459
948,473
948,92
948,664
948,975
948,808
948,798
948,240
948,736
948,124
948,551
948,491
948,957
948,865
948,353
948,861
948,495
948,399
948,885
948,526
948,442
948,246
948,439
948,972
948,277
948,573
948,132
948,897
948,979
948,656
948,279
948,658
948,684
948,920
948,600
948,208
948,671
948,160
948,863
948,847
948,404
948,36
948,56
948,926
948,232
948,989
948,747
948,885
948,432
948,414
948,340
948,176
948,496
948,307
948,49
948,220
948,760
947,85
947,1
947,271
947,454
947,879
947,394
947,954
946,484
946,351
946,529
946,364
946,258
946,818
945,327
945,887
945,165
945,226
945,259
945,765
945,690
945,466
945,919
945,993
945,565
945,69
945,431
945,222
945,921
945,693
945,241
945,387
945,136
945,649
945,894
945,88
945,561
945,940
945,30
945,459
945,190
945,386
945,432
945,340
945,175
945,267
945,224
945,796
945,243
945,613
945,235
945,165
945,294
945,950
945,803
945,906
945,447
945,665
945,821
945,91
945,468
945,58
945,973
945,90
945,406
945,182
945,451
945,534
945,669
945,831
945,697
945,623
945,754
945,869
945,684
945,768
945,742
945,204
945,207
945,906
945,492
945,459
945,997
945,365
945,503
945,721
945,839
945,277
945,23
945,867
945,522
945,174
945,373
945,785
945,523
945,39
945,552
945,191
945,392
945,183
945,914
945,44
944,101
944,834
944,726
944,57
944,319
944,15
944,518
944,740
944,469
944,203
944,843
944,819
944,110
944,966
944,343
944,914
944,781
943,353
943,294
943,496
943,644
943,460
943,674
943,156
943,365
943,973
943,111
943,677
943,330
943,482
943,955
943,227
943,837
943,215
943,114
943,25
943,22
943,414
943,90
943,947
943,941
943,190
943,354
943,407
943,114
943,112
943,419
943,654
943,413
943,334
943,83
943,290
943,45
943,310
943,97
943,829
943,602
943,836
943,467
943,109
943,415
943,886
943,798
943,494
943,418
943,375
943,112
943,545
943,515
943,671
943,914
943,509
943,112
943,669
943,801
943,983
943,189
943,463
943,861
943,325
943,389
943,253
943,644
943,909
943,678
943,481
943,979
943,883
943,414
943,500
943,899
943,637
943,477
943,12
943,275
943,527
943,13
943,354
943,340
943,283
943,467
943,350
943,237
943,83
943,222
943,225
943,499
943,533
943,465
943,323
943,919
943,398
943,116
943,55
943,738
942,813
942,739
942,942
942,688
942,825
942,658
942,434
942,163
942,264
942,486
942,471
942,16
942,264
942,699
942,373
942,236
942,563
942,280
942,908
942,552
942,533
942,475
942,921
942,929
942,844
942,756
942,363
942,489
942,514
942,35
942,408
942,839
942,267
942,312
942,39
942,335
942,808
942,971
941,383
941,219
941,696
941,960
941,42
941,725
941,680
941,715
941,517
941,873
941,10
941,930
941,984
941,779
941,418
941,671
941,196
941,411
941,39
941,916
941,409
941,450
941,257
941,233
941,911
941,915
941,302
941,340
941,992
941,974
941,44
941,873
941,135
941,137
941,908
941,851
941,312
940,676
940,838
940,570
940,333
940,5
940,240
940,951
940,792
940,518
940,362
940,753
940,886
940,465
940,690
940,333
940,486
940,837
940,616
940,262
940,852
940,307
940,412
940,173
940,733
940,433
940,799
940,376
939,741
938,375
938,50
938,561
938,812
938,170
938,158
938,339
938,658
938,930
938,285
938,846
938,910
938,492
938,762
938,130
938,250
938,193
938,903
938,369
938,290
938,472
938,927
938,109
938,705
938,380
938,356
938,325
938,164
938,521
938,439
938,71
938,54
938,195
938,401
938,610
938,618
938,856
938,829
938,687
938,862
938,868
938,808
938,671
938,9
938,363
938,16
938,978
938,406
938,585
938,127
938,29
938,835
938,196
938,905
938,757
938,464
938,986
938,671
938,199
938,536
938,81
938,614
937,911
937,182
937,657
937,349
937,848
937,824
937,76
937,988
937,772
937,262
936,84
936,427
936,620
936,225
936,512
936,239
936,301
936,15
936,400
936,938
936,258
936,528
936,468
936,37
936,172
936,165
936,298
936,129
936,870
936,754
936,58
936,642
936,398
936,233
936,716
936,986
936,160
936,879
936,987
936,198
936,426
936,59
936,232
936,477
936,871
936,747
936,295
936,977
936,302
936,232
936,605
936,436
936,560
936,201
936,245
936,849
936,703
936,714
936,396
936,381
936,495
936,638
936,991
936,641
936,281
936,152
936,589
936,233
936,222
936,241
936,812
936,567
936,874
936,936
936,236
936,286
936,441
936,531
936,732
936,944
936,262
936,876
936,74
936,246
936,680
936,979
936,624
936,824
936,262
936,549
936,976
936,5
936,418
936,908
936,861
936,882
936,788
936,93
936,266
936,475
936,306
936,764
936,225
936,490
936,458
936,221
935,707
935,764
935,528
935,878
935,122
934,67
934,846
934,790
934,234
934,819
934,799
934,274
934,48
934,389
934,651
934,629
934,707
934,634
934,307
934,295
934,972
934,903
934,888
934,450
934,105
934,697
934,699
934,173
934,169
934,591
934,793
934,440
934,27
934,664
934,253
934,582
934,553
934,814
934,489
934,835
934,68
934,565
934,784
934,84
934,938
934,238
934,618
934,224
934,772
934,513
934,851
934,858
934,529
934,909
934,872
934,24
934,237
934,849
934,112
934,263
934,697
934,396
934,932
934,968
934,274
934,206
934,376
934,177
934,453
934,250
934,518
934,983
934,712
934,845
934,916
934,231
934,624
934,715
934,473
934,756
934,77
934,705
933,437
933,542
933,167
933,74
933,747
933,498
933,148
933,546
933,873
933,578
933,607
933,518
933,444
933,327
933,864
933,678
933,101
933,812
933,708
933,501
933,444
933,241
933,23
933,941
933,165
933,664
933,186
933,478
933,52
933,101
933,322
933,348
933,958
933,202
933,967
933,774
933,984
933,452
933,646
933,906
933,962
933,473
933,754
933,604
933,160
933,591
933,829
933,974
933,769
933,780
933,339
933,25
932,127
932,930
932,26
932,330
932,409
932,408
932,598
932,430
932,510
932,907
932,665
932,284
932,993
932,204
932,573
932,164
932,53
932,817
932,431
932,510
932,310
932,248
932,225
932,468
932,919
932,674
932,710
932,827
932,925
932,166
932,665
932,911
932,202
932,647
932,500
932,195
932,490
932,580
932,823
932,800
932,989
932,868
932,246
932,50
932,250
932,260
932,681
932,873
932,779
932,524
932,262
932,793
932,207
932,864
932,46
932,342
932,439
932,448
932,373
932,171
932,649
932,594
932,357
932,237
932,899
932,922
932,548
932,8
932,82
932,222
932,848
932,748
932,424
932,167
931,153
931,293
931,690
931,628
931,892
931,870
931,48
931,795
931,857
931,756
931,579
931,559
931,179
931,152
931,272
931,25
931,108
931,609
931,180
931,163
931,787
931,642
931,633
931,716
931,882
931,958
931,673
931,952
931,524
931,840
931,59
931,726
931,573
931,367
931,240
931,969
931,680
931,796
931,123
931,857
931,414
931,504
931,806
931,895
931,502
931,579
931,842
931,265
931,63
931,125
931,760
931,29
931,623
931,388
931,162
931,445
931,110
931,103
931,295
931,290
931,8
931,599
931,683
931,602
931,557
931,187
931,642
931,295
931,414
931,65
931,533
931,74
931,171
931,519
931,40
931,737
931,577
931,105
930,458
930,942
930,165
930,614
930,976
930,4
930,421
930,681
930,310
930,169
929,17
929,187
929,591
929,992
929,567
928,60
928,872
928,238
928,387
928,987
928,657
928,665
928,911
928,779
928,228
928,203
928,205
928,828
928,469
928,423
928,73
928,228
928,877
928,114
928,811
928,49
928,167
928,640
928,287
928,791
928,621
928,906
928,671
928,336
928,127
928,364
928,882
928,333
928,890
928,219
928,422
928,290
928,395
928,325
928,38
928,248
928,453
928,880
928,504
928,661
928,545
928,693
928,288
928,689
928,682
928,569
928,865
928,142
928,552
928,890
928,152
928,526
928,13
928,116
928,978
928,81
928,869
928,712
928,26
928,82
928,508
928,117
928,282
928,679
928,958
928,288
928,101
928,725
928,775
928,743
928,358
928,273
928,599
928,53
928,763
928,915
928,676
928,456
928,585
928,561
928,893
928,929
928,171
927,197
927,656
927,316
927,890
927,244
927,211
927,492
927,108
927,674
927,561
927,707
927,303
927,46
927,955
927,430
927,986
927,962
927,274
927,19
927,229
927,231
927,953
927,200
927,440
926,415
926,564
926,717
926,333
926,614
926,279
926,336
926,989
926,776
926,726
926,340
926,777
926,969
926,771
926,359
926,31
926,858
926,928
926,647
926,809
926,644
926,877
926,114
926,398
926,783
926,717
926,63
926,182
926,664
926,657
926,364
926,645
926,756
926,957
926,633
926,125
926,294
926,805
926,338
926,428
926,476
926,318
926,369
926,963
926,236
926,934
926,996
926,299
926,259
926,518
926,111
926,689
926,12
926,21
926,400
926,364
926,697
926,882
926,521
926,677
926,389
926,73
926,245
926,839
926,369
926,488
926,578
926,226
926,678
926,637
926,699
926,888
926,276
926,45
926,783
926,785
926,810
926,244
926,704
926,740
926,5
926,986
926,138
926,92
926,654
926,553
926,883
926,751
926,842
926,19
926,798
926,483
926,896
926,489
926,696
925,539
925,389
925,696
925,914
925,315
925,588
925,767
925,944
925,688
925,178
925,431
925,706
925,783
925,456
925,585
925,228
925,233
925,239
925,60
925,255
925,13
925,556
925,176
925,94
925,528
925,408
925,288
925,282
925,516
925,885
925,495
925,968
925,716
925,246
925,940
925,268
925,249
925,540
925,5
925,379
925,268
925,593
925,936
925,497
925,317
925,992
925,834
925,912
925,661
925,856
925,749
925,512
925,590
925,571
925,448
925,612
925,746
925,629
925,711
925,630
925,411
925,945
925,642
925,622
925,180
925,807
925,0
925,737
925,684
925,177
925,658
925,539
925,164
925,514
925,74
925,450
925,913
925,101
925,675
925,268
925,499
924,380
924,972
924,684
924,773
924,843
924,889
924,136
924,815
924,168
924,715
924,367
924,438
923,126
923,283
923,84
923,484
923,855
923,847
923,723
923,899
923,130
923,53
923,274
923,425
923,692
923,839
923,506
923,163
923,634
923,717
923,602
923,554
923,335
923,850
923,221
923,109
923,834
923,355
923,895
923,29
923,910
923,49
923,998
923,676
923,43
923,333
923,524
923,286
923,304
923,990
923,210
923,220
922,86
922,609
922,264
922,207
922,929
922,888
922,121
922,26
922,497
921,320
921,881
921,315
921,799
921,56
921,595
921,848
921,616
921,784
921,909
921,423
921,372
921,495
921,251
921,771
921,484
921,25
921,214
921,797
921,963
921,449
921,798
921,598
921,34
921,744
921,875
921,916
921,493
921,780
921,600
921,2
921,683
921,474
921,540
921,702
921,943
921,228
921,428
921,138
921,707
921,155
921,206
921,78
921,803
921,927
921,171
921,32
921,85
921,935
921,276
921,225
921,751
921,536
921,805
921,774
921,37
921,51
921,62
921,820
921,924
921,554
921,997
921,868
921,193
921,938
921,668
921,185
921,428
920,36
920,490
920,301
920,747
920,712
920,779
920,785
920,975
920,274
920,448
920,182
920,180
920,209
920,105
920,938
920,855
920,926
920,537
920,829
920,517
920,399
920,873
920,405
920,912
920,786
920,777
920,547
920,41
920,850
920,579
920,578
920,143
920,656
920,138
920,804
920,112
920,195
920,723
920,997
920,793
920,560
920,666
920,905
920,470
920,794
920,121
920,0
920,961
920,465
920,372
920,81
920,111
920,495
920,950
920,624
920,447
920,446
920,54
920,7
920,155
920,250
920,488
920,286
920,99
920,418
920,558
920,803
920,81
920,471
920,820
920,222
920,788
920,82
920,964
920,628
920,292
920,901
919,812
919,595
919,996
919,292
919,182
919,158
919,98
919,895
919,572
919,123
919,42
919,606
919,50
919,189
919,328
919,603
919,747
919,964
919,167
919,819
919,298
918,725
918,744
918,958
918,886
918,664
918,40
918,894
918,583
918,167
918,617
918,249
918,66
918,682
918,775
918,992
918,191
918,969
918,411
918,908
918,897
918,145
918,669
918,722
918,641
918,826
918,100
918,71
918,758
918,447
918,470
918,887
918,955
918,235
917,333
917,37
917,546
917,794
917,180
917,259
916,344
916,660
916,918
916,585
916,810
916,853
916,125
916,573
916,77
916,943
916,625
916,126
916,901
916,669
916,683
916,65
916,475
916,323
916,793
916,144
916,592
916,236
916,687
916,446
916,11
916,584
916,30
916,495
916,174
916,788
916,587
916,796
916,274
916,708
916,70
916,277
916,363
916,888
916,133
916,1
916,862
916,843
916,93
916,875
916,256
916,748
916,402
916,449
916,212
916,185
916,499
916,95
916,115
916,550
916,91
916,237
916,270
916,925
916,124
916,734
916,257
916,571
915,574
915,524
915,704
915,784
915,792
915,370
915,351
915,480
915,99
915,581
915,885
915,54
915,122
915,197
915,317
915,641
915,536
915,780
915,945
915,937
915,694
915,339
915,182
915,415
915,490
915,967
915,788
915,538
915,541
915,307
915,461
915,83
915,978
915,64
915,609
915,932
915,218
915,253
915,538
915,254
915,485
915,139
915,123
915,136
915,122
915,602
915,29
915,237
915,191
915,700
915,791
915,978
915,880
915,150
915,867
915,103
915,171
915,401
914,838
914,328
914,650
914,792
914,749
914,684
914,491
914,769
914,723
914,114
914,178
914,294
914,155
914,659
914,323
914,378
914,72
914,598
913,453
913,975
913,149
913,504
913,539
913,717
913,27
913,877
913,631
913,604
913,844
913,47
913,677
913,772
913,195
913,858
913,399
913,926
913,949
913,45
913,55
913,642
913,238
913,118
913,664
913,850
913,152
913,404
913,218
913,735
913,75
913,745
913,902
913,202
913,56
913,892
913,688
913,47
913,70
913,437
913,167
913,606
913,486
913,596
913,560
913,645
913,33
913,794
913,732
913,691
913,633
913,206
913,121
913,912
913,621
913,211
913,331
913,525
913,57
913,437
913,805
913,285
913,747
913,168
913,671
913,475
913,347
913,770
913,213
913,766
913,447
913,982
913,510
913,733
913,364
913,38
913,430
913,920
913,332
913,605
913,401
913,460
913,196
913,777
913,914
913,806
913,985
913,591
913,600
913,723
913,663
913,873
913,828
913,52
912,423
912,132
912,178
912,897
912,495
912,927
912,509
912,112
912,753
912,441
912,639
912,900
912,622
912,213
912,77
912,539
912,324
912,324
912,940
912,125
912,774
912,415
912,634
912,250
912,504
912,260
912,559
912,456
912,544
912,233
912,749
912,520
912,884
912,538
912,958
912,396
912,460
912,439
912,805
912,970
912,263
912,851
912,23
912,256
912,241
912,466
912,612
912,866
912,501
912,385
912,383
912,216
912,680
912,620
912,871
912,407
912,419
912,800
912,702
912,724
912,40
912,861
912,344
912,557
912,197
912,279
912,848
912,362
912,963
912,758
912,653
912,768
912,801
912,699
912,306
912,13
912,712
912,146
912,429
912,708
912,288
912,632
912,733
912,973
912,824
912,717
912,389
912,195
912,856
912,953
911,874
911,242
911,857
911,136
911,622
911,758
911,218
911,898
911,280
911,318
911,587
911,232
911,710
911,317
911,749
911,514
911,209
911,512
911,661
911,416
911,954
911,236
911,540
911,332
911,187
911,637
911,156
911,229
911,123
911,510
911,983
911,818
911,89
911,438
911,747
911,655
911,204
911,877
911,616
911,719
910,746
910,45
910,4
910,745
910,515
910,73
910,898
910,361
910,651
910,972
910,454
910,754
910,114
910,900
910,296
910,525
910,825
910,74
910,458
910,458
910,524
910,325
910,464
910,555
910,595
910,530
910,326
910,379
910,90
910,518
910,2
910,541
910,450
910,181
910,386
910,274
910,919
910,263
910,659
910,357
910,988
910,709
910,244
910,635
910,197
910,50
910,313
910,483
910,364
910,287
910,643
910,785
910,686
910,713
910,905
910,837
910,162
910,615
910,800
910,863
910,873
910,736
910,153
910,467
910,159
910,691
910,647
910,308
910,982
910,655
910,178
910,944
910,548
910,858
910,294
910,230
910,738
910,152
910,617
910,606
910,769
910,41
910,759
910,504
910,216
910,347
910,171
910,656
910,972
910,73
910,193
910,843
910,686
910,122
910,904
910,530
910,784
909,511
909,581
909,562
909,101
909,210
909,372
909,594
909,22
909,320
909,723
909,727
909,594
909,922
909,270
909,888
909,520
909,98
909,941
909,929
909,299
909,80
909,953
909,9
909,257
909,623
909,96
909,300
909,744
909,981
909,713
909,576
909,705
909,128
909,272
909,42
909,373
909,222
909,862
909,304
909,302
909,60
909,946
909,136
909,680
909,454
909,315
909,213
909,266
909,311
909,388
909,915
909,134
909,113
909,876
909,325
908,170
908,182
908,27
908,976
908,559
908,175
908,507
908,848
908,922
908,82
908,470
908,0
908,441
908,990
908,452
908,84
908,991
908,555
908,572
908,811
908,202
908,801
908,174
908,147
908,684
908,513
908,523
908,309
908,337
908,775
908,121
908,884
908,5
908,610
908,141
908,117
908,728
908,185
908,352
908,126
908,137
908,204
908,180
908,843
908,125
908,9
908,760
908,919
908,854
908,274
908,898
908,133
908,753
908,144
908,273
908,911
908,146
908,51
908,359
908,362
908,82
908,118
908,266
908,108
908,861
908,615
908,859
908,147
908,721
908,648
908,303
908,897
908,89
908,545
908,26
908,325
908,765
908,776
908,663
908,873
908,87
908,631
908,485
908,272
908,599
908,194
908,707
908,639
908,95
908,10
908,681
908,831
908,117
908,790
908,98
907,344
907,717
907,362
907,771
907,738
907,644
907,430
907,715
907,58
907,726
907,648
907,470
907,398
907,748
907,141
907,649
907,849
907,306
907,8
907,624
907,89
907,329
907,494
907,416
907,161
907,859
907,421
907,807
907,658
907,900
907,693
907,646
907,15
907,944
907,138
907,628
907,58
907,132
907,583
907,51
907,225
907,409
907,701
907,679
907,302
907,118
907,133
907,998
907,584
907,660
907,67
907,116
907,97
907,944
907,409
907,347
907,398
907,154
907,612
907,252
907,824
907,616
907,131
907,815
907,297
907,676
907,527
907,264
906,388
906,597
906,634
906,742
906,300
906,433
906,817
906,695
906,975
906,127
906,904
906,156
906,580
906,673
906,628
906,36
906,626
906,66
906,750
906,732
906,49
906,559
906,191
906,832
906,414
906,883
906,901
906,273
906,149
906,96
906,229
906,579
906,816
906,635
906,966
906,537
906,814
906,123
906,558
906,901
906,612
906,39
906,245
906,320
906,29
906,56
906,209
906,458
906,895
906,893
906,145
906,642
906,26
906,307
906,428
905,544
905,845
905,119
905,8
905,926
905,80
905,577
905,691
905,94
905,384
905,582
905,948
905,84
905,939
905,856
905,101
905,363
905,867
905,694
905,402
905,926
905,390
905,737
905,86
905,831
905,755
905,988
905,216
905,788
905,669
905,258
905,505
905,598
905,321
905,755
905,836
905,247
905,887
905,314
905,892
905,173
905,308
904,439
904,809
904,955
904,902
904,302
904,376
904,614
904,577
904,477
904,964
904,281
904,936
904,795
904,336
904,715
904,465
904,882
904,880
904,56
904,462
904,184
904,230
904,529
904,361
903,754
903,298
903,789
903,914
903,811
903,502
903,609
903,128
903,126
903,686
903,455
903,556
903,590
903,930
903,88
903,499
903,318
903,67
903,191
903,963
903,490
903,267
903,874
903,40
903,617
903,291
903,66
903,740
903,461
903,909
903,737
903,174
903,834
903,476
903,428
903,16
903,505
903,801
903,48
903,696
903,83
903,54
903,195
903,598
903,852
903,838
903,268
903,307
903,164
903,985
903,552
903,70
903,881
902,
901,155
901,544
901,434
901,737
901,480
901,886
901,487
901,503
901,608
901,855
901,453
901,81
901,633
901,995
901,996
901,896
901,796
901,428
901,65
901,240
901,688
901,702
901,580
901,125
901,548
901,894
901,222
900,727
900,187
900,939
900,900
900,818
900,906
900,108
900,30
900,800
900,164
900,402
900,535
900,90
900,229
900,687
900,803
900,560
900,639
900,812
900,61
900,95
900,282
900,997
900,884
900,430
900,545
900,382
900,568
900,888
900,997
900,199
900,936
900,786
900,233
900,671
900,126
900,636
900,831
900,286
900,74
900,925
900,723
900,421
900,913
900,9
900,398
900,647
900,635
900,654
900,433
899,561
899,858
899,520
899,294
899,40
899,780
899,463
899,175
899,470
899,10
899,119
899,547
899,275
899,674
899,952
899,265
899,89
899,638
899,692
899,454
899,935
899,75
899,140
899,994
899,416
899,565
899,122
899,592
899,963
899,78
899,228
899,55
899,209
899,713
899,61
899,930
899,155
899,156
899,685
899,522
899,517
899,735
899,719
899,556
899,589
899,183
899,198
899,911
899,7
899,108
899,850
899,293
899,793
899,571
899,284
899,818
899,346
899,200
899,303
899,187
899,413
899,147
899,547
899,370
899,57
899,419
899,925
899,336
899,452
899,739
899,50
899,688
899,703
899,164
899,597
899,771
899,265
899,418
899,50
899,975
899,933
899,908
899,458
899,532
899,721
899,980
899,406
899,527
899,995
899,858
899,770
899,787
899,336
899,894
899,563
899,740
899,334
898,444
898,771
898,181
898,193
898,470
898,883
898,769
898,256
898,694
898,230
898,76
898,323
898,140
898,439
898,102
898,165
898,782
898,173
898,421
898,951
898,337
898,306
898,870
898,551
898,72
898,173
898,608
898,280
898,161
898,245
898,309
898,443
898,927
898,385
898,861
898,420
898,305
898,446
898,755
898,866
898,746
898,127
898,37
898,186
898,625
898,621
898,644
898,480
898,899
898,382
898,739
898,910
898,701
898,113
898,132
898,262
898,243
898,748
898,766
898,547
898,119
898,565
898,636
898,923
898,61
898,301
898,264
898,961
898,555
898,875
898,959
898,32
898,23
898,665
898,509
898,369
898,578
898,501
898,35
898,860
898,715
898,562
898,177
898,577
898,549
898,540
898,901
898,62
897,546
897,931
897,81
897,319
897,155
897,599
897,163
897,469
897,745
897,289
897,160
897,848
897,359
897,86
897,75
897,535
897,603
897,838
897,389
897,232
897,886
897,206
897,525
897,305
897,829
897,352
897,641
897,356
897,34
897,699
897,122
897,512
897,545
897,266
897,257
897,587
897,431
897,241
897,510
897,699
897,610
897,706
897,684
897,842
897,676
897,62
897,273
897,761
897,233
897,570
897,136
897,896
897,124
897,290
897,724
897,423
897,521
897,674
897,603
897,242
897,4
897,962
897,779
897,765
897,886
897,16
897,718
897,430
897,889
897,290
897,238
897,213
897,777
897,919
897,174
897,30
897,728
897,959
897,129
897,480
897,969
897,193
897,67
897,198
897,502
896,189
896,954
896,448
896,580
896,783
896,617
896,793
896,508
896,316
896,524
896,50
896,835
896,920
896,761
896,579
896,205
896,53
896,902
896,549
896,967
896,199
896,183
896,63
896,817
896,473
896,9
896,441
896,455
896,714
896,166
896,975
896,466
895,329
895,409
895,650
895,922
895,764
895,890
895,273
895,341
895,163
895,930
894,99
894,635
894,887
894,376
894,155
894,205
894,401
894,933
894,177
894,708
894,221
894,529
894,224
894,683
894,851
894,744
894,228
894,491
894,466
894,71
894,486
894,594
894,641
894,830
894,50
894,908
894,898
894,370
894,735
894,86
894,817
894,905
894,942
894,886
894,35
894,218
894,880
894,166
894,230
894,190
894,755
894,298
894,49
894,646
894,888
894,720
894,133
894,57
894,976
894,156
894,328
894,38
894,383
894,591
894,937
894,57
894,247
894,427
894,471
894,924
894,685
894,4
894,720
894,582
894,982
894,475
894,689
894,503
894,815
894,877
894,499
894,748
894,310
894,33
894,127
894,154
894,322
894,505
894,495
894,781
894,703
894,331
894,910
893,915
893,951
893,759
893,107
893,0
893,339
893,389
893,736
893,320
893,186
893,286
893,959
892,706
892,892
892,545
892,713
892,654
892,849
892,45
892,973
892,146
892,804
892,378
892,402
892,885
892,470
892,911
892,823
892,630
892,462
892,989
892,636
892,615
892,395
892,83
892,989
892,305
892,828
892,104
892,644
892,923
892,888
892,609
892,346
892,432
892,500
892,718
892,774
892,369
892,322
892,264
892,128
892,44
892,319
891,680
891,232
891,45
891,207
891,593
891,458
891,378
891,731
891,112
891,146
891,758
891,113
891,374
891,423
891,705
891,911
891,749
891,252
891,501
891,954
891,471
891,582
891,950
891,669
891,205
891,863
891,325
891,78
891,731
891,673
891,797
891,379
891,538
891,547
891,120
891,280
891,699
891,869
891,902
891,766
891,322
891,36
891,497
891,699
891,956
891,750
891,823
891,164
891,271
891,797
891,732
891,422
891,132
891,472
891,893
891,429
891,996
891,257
891,859
891,454
891,672
891,659
891,870
891,545
891,375
891,813
891,880
891,900
891,195
891,770
891,814
890,263
890,304
890,754
890,290
890,335
890,68
890,890
890,870
890,680
890,135
890,426
890,291
890,756
890,971
890,716
890,224
889,751
889,18
889,835
889,525
889,514
889,208
889,277
889,169
889,88
889,302
889,392
889,434
889,304
889,495
889,874
889,932
889,59
889,356
889,987
889,602
889,910
889,424
889,644
889,547
889,66
889,403
889,28
889,18
889,588
889,791
889,847
889,110
889,683
889,143
889,382
889,482
889,102
889,813
889,97
889,756
889,443
889,666
889,25
889,167
889,193
889,703
889,170
889,850
889,621
889,971
889,293
889,60
889,720
889,866
889,235
889,284
889,908
889,770
889,302
889,106
889,429
889,266
889,420
889,72
889,435
889,954
889,499
889,887
889,784
889,382
889,816
889,792
889,729
889,228
889,127
889,733
889,768
889,957
889,992
889,170
889,899
889,944
889,936
889,753
889,414
889,425
889,761
889,667
889,458
889,569
889,703
889,201
889,930
889,553
889,152
888,938
888,91
888,632
888,37
888,537
888,114
888,657
888,352
888,983
888,78
888,719
888,71
888,213
888,157
888,636
888,545
888,455
888,983
888,387
888,771
888,258
888,867
888,900
888,190
888,794
888,393
888,591
888,0
888,848
888,472
888,444
888,756
888,840
888,913
888,2
888,36
888,11
888,328
888,439
888,786
888,666
888,919
888,908
888,915
888,935
888,223
888,765
888,774
888,562
888,985
888,761
888,268
888,832
888,570
888,418
888,931
888,246
888,680
888,386
888,230
888,192
888,580
888,69
888,867
888,484
888,73
888,173
888,849
888,733
888,320
888,524
888,180
887,213
887,794
887,757
887,99
887,199
887,238
887,198
887,395
887,220
887,762
887,623
887,423
887,839
887,671
887,497
887,635
887,443
887,79
887,906
887,412
887,116
887,390
887,857
887,794
887,54
887,273
887,487
887,12
887,602
887,355
887,578
887,765
887,67
887,668
887,451
887,354
887,891
887,950
887,20
887,240
887,257
887,615
887,212
887,222
887,416
887,669
887,15
887,6
887,809
887,266
887,474
887,773
887,783
887,220
887,835
887,125
887,827
887,565
887,983
886,460
886,649
886,128
886,567
886,802
886,772
886,240
886,521
886,747
886,841
886,817
886,878
886,906
886,491
886,231
886,767
886,469
886,699
886,681
886,296
886,880
886,669
886,700
886,478
886,877
886,517
886,852
886,658
886,149
886,119
886,706
886,531
886,769
886,918
886,624
886,809
886,778
886,916
886,702
886,583
886,112
886,311
886,602
886,663
886,40
886,618
886,611
886,239
886,377
886,584
886,418
886,667
886,4
886,452
886,530
886,649
886,232
886,903
886,946
886,30
886,462
886,340
886,189
886,253
885,902
885,761
885,66
885,92
885,770
885,562
885,822
885,521
885,965
885,361
885,103
885,601
885,788
885,476
885,992
885,822
885,748
885,682
885,346
885,110
885,913
885,707
885,575
885,538
885,78
885,380
885,728
885,96
885,220
885,573
885,692
885,147
885,932
885,875
885,349
885,518
885,360
885,610
885,544
885,739
885,959
885,894
885,604
885,212
885,405
885,875
885,399
885,668
885,154
885,267
885,779
885,133
885,120
885,271
885,546
885,589
885,843
885,631
885,328
885,874
885,361
885,537
885,19
885,709
885,627
884,378
884,180
884,989
884,769
884,878
884,985
884,301
884,443
884,683
884,530
884,600
884,645
884,963
884,521
884,954
884,329
884,378
884,110
884,709
884,518
884,2
884,72
884,558
884,32
884,764
884,29
884,614
884,22
884,208
884,310
884,246
884,157
884,854
884,401
884,443
884,829
884,873
884,508
884,34
884,42
884,95
884,692
884,844
884,162
884,214
884,467
884,834
884,983
884,129
884,442
884,986
884,823
884,253
884,162
884,85
884,269
884,183
884,211
884,535
884,549
884,285
883,859
883,285
883,621
883,644
883,219
883,849
883,79
883,885
883,398
883,677
883,500
883,128
883,709
883,691
883,28
883,126
883,932
883,801
882,77
882,15
882,290
882,715
882,239
882,176
882,683
882,367
882,104
882,128
882,66
882,977
881,874
881,845
881,929
881,715
881,203
881,441
881,909
881,195
881,107
881,902
881,446
881,408
881,987
881,499
881,181
881,477
881,337
881,526
881,495
881,477
881,32
881,181
881,5
880,
879,412
879,525
879,979
879,946
879,321
878,207
878,690
878,413
878,603
878,869
878,305
878,644
878,954
878,620
878,641
878,377
878,978
878,398
878,326
878,162
878,194
878,671
878,111
878,129
878,313
878,184
878,140
878,172
878,109
878,226
878,283
878,465
878,244
878,739
878,892
878,207
878,987
878,164
878,525
878,397
878,168
878,344
878,459
878,415
878,488
878,618
878,280
878,790
878,948
878,309
878,930
878,925
878,722
878,463
878,202
878,550
878,458
878,590
878,472
878,751
878,962
878,893
878,884
878,590
878,367
878,123
878,996
878,863
878,249
878,218
878,762
878,875
878,540
878,625
878,286
878,661
878,863
878,209
878,383
878,918
877,
876,121
876,980
876,441
876,610
876,140
876,888
876,436
876,562
876,121
876,799
876,193
876,453
876,885
876,483
876,941
876,393
876,178
876,555
876,112
876,601
876,148
876,299
876,858
876,441
876,212
876,125
876,867
876,829
876,492
876,958
876,948
876,834
876,588
876,657
876,277
876,294
876,483
876,125
875,741
875,495
875,700
875,552
875,636
875,585
875,807
875,975
875,508
875,821
875,25
875,635
875,182
875,881
875,746
875,859
875,959
875,79
875,285
875,740
875,865
875,328
875,475
875,625
875,358
875,322
875,784
875,389
875,272
875,630
875,757
875,443
875,461
875,62
875,118
875,720
875,319
875,442
875,472
875,198
875,903
875,44
875,310
875,468
875,665
875,702
875,599
875,695
875,848
875,922
874,839
874,840
874,277
874,821
874,53
874,587
874,831
874,80
874,94
874,670
874,734
874,954
874,322
874,904
874,943
874,347
874,29
874,718
874,818
874,693
874,300
874,730
874,379
873,331
873,732
873,947
873,971
873,652
873,55
873,100
873,830
873,352
873,779
873,883
873,834
873,871
873,201
873,300
873,10
873,725
873,885
873,419
873,372
873,268
873,653
873,631
873,127
873,887
873,763
873,366
873,303
873,425
873,115
873,785
873,675
873,806
873,187
873,675
873,610
873,221
873,39
873,945
873,440
873,93
873,85
873,650
873,75
873,613
873,116
873,620
873,583
873,381
873,789
873,520
873,595
873,526
873,938
873,279
873,501
873,284
873,538
873,218
873,715
873,502
873,996
873,16
873,571
873,176
873,174
873,666
873,128
873,251
873,688
873,699
873,172
873,548
873,290
873,158
873,887
873,474
873,166
873,693
872,371
872,228
872,862
872,360
872,425
872,477
872,487
872,730
872,848
872,629
872,404
871,708
871,170
871,426
871,655
871,940
871,841
871,419
871,498
871,404
871,375
871,116
871,796
871,773
871,776
871,264
871,214
871,314
871,891
871,215
871,677
871,956
871,632
871,817
871,896
871,217
871,523
871,166
871,243
871,702
871,836
871,677
871,492
871,103
871,531
871,242
871,389
871,181
871,8
871,541
871,314
871,501
871,985
871,191
871,928
871,286
871,328
871,768
871,182
871,916
871,494
871,538
871,388
871,840
871,52
870,847
870,421
870,833
870,461
870,174
870,81
870,122
870,546
870,23
870,827
870,101
870,182
870,564
870,915
870,879
870,207
870,344
870,650
870,120
870,721
870,846
870,271
870,231
870,752
870,944
870,441
870,991
870,209
869,910
869,293
869,463
869,475
869,256
869,837
868,138
868,161
868,765
868,524
868,380
868,540
868,925
868,320
868,223
868,436
868,934
868,310
868,776
868,747
868,661
868,493
868,864
868,919
868,600
867,31
867,631
867,146
867,696
867,97
867,122
867,160
867,677
867,828
867,509
867,871
867,889
867,409
867,863
867,229
867,601
867,991
867,172
867,779
867,246
867,628
867,640
867,354
867,474
867,982
867,269
867,508
867,728
867,514
867,898
867,115
867,636
867,156
867,557
867,334
867,319
867,719
867,155
867,66
867,440
867,81
867,560
867,136
867,475
867,319
867,632
867,990
867,773
867,573
867,667
867,504
867,41
867,146
867,145
867,704
867,964
867,97
867,102
867,361
867,908
867,994
867,890
867,726
867,154
867,268
867,205
867,249
867,352
867,883
867,320
867,791
867,219
867,268
867,974
867,284
867,52
867,195
867,153
867,890
867,839
867,320
867,341
867,752
867,10
867,968
867,116
867,107
866,423
866,235
866,459
866,980
866,571
866,338
866,148
866,308
866,116
866,344
866,498
866,803
866,777
866,24
866,454
866,276
866,798
866,671
866,392
866,207
866,179
866,826
866,313
866,730
866,405
866,642
866,847
866,384
866,29
866,405
866,812
866,301
866,964
866,648
866,223
866,674
866,173
866,52
866,595
866,337
866,694
866,785
866,957
866,291
866,792
866,929
866,511
866,131
866,972
866,216
866,804
866,297
866,147
866,260
866,488
866,695
866,634
866,642
866,454
866,596
866,490
866,646
866,127
866,664
866,623
866,588
866,971
866,465
866,31
866,100
866,212
866,648
866,646
866,581
866,386
866,492
866,144
866,113
866,12
866,551
866,390
866,981
866,170
865,535
865,97
865,42
865,619
865,429
865,14
865,603
865,852
865,400
865,933
865,411
865,727
865,881
865,152
865,629
865,519
865,403
865,113
865,607
865,306
865,835
865,302
865,678
865,186
865,492
865,817
865,504
865,68
865,576
865,354
865,111
865,675
865,620
865,306
865,847
865,458
865,600
865,576
865,860
865,807
865,942
865,891
865,159
865,168
865,783
865,710
865,51
865,448
865,371
865,690
864,582
864,522
864,731
864,468
864,988
864,104
864,106
864,204
864,429
864,72
864,386
864,732
864,45
864,552
864,300
864,493
864,492
864,145
864,202
864,518
864,386
864,344
864,286
864,412
864,446
864,872
864,219
864,470
864,652
864,452
864,787
864,601
863,711
863,535
863,611
863,599
863,130
863,721
863,15
863,638
863,361
863,142
863,331
863,235
863,484
863,785
863,437
863,742
863,800
863,311
863,573
863,805
863,260
863,271
863,838
863,326
863,628
863,569
863,342
863,785
863,592
863,67
863,576
863,478
863,415
863,875
863,799
863,787
863,845
863,500
863,126
863,173
863,350
863,451
863,310
863,986
863,837
863,54
863,822
863,832
863,123
863,76
863,45
863,688
863,261
863,653
863,237
863,351
863,587
863,44
863,96
863,975
863,672
863,295
863,691
863,307
863,699
863,476
863,626
862,776
862,511
862,176
862,805
862,173
862,385
862,506
861,962
861,554
861,334
861,746
861,519
861,184
861,938
861,253
861,853
861,709
861,513
861,741
861,74
861,544
861,584
861,262
861,873
861,9
861,50
861,303
861,157
861,204
861,786
861,155
861,916
861,580
861,748
861,254
861,395
861,80
861,361
861,39
861,644
861,49
861,687
861,870
861,463
861,92
861,981
861,726
861,903
861,227
861,465
861,389
861,187
861,953
861,528
861,536
861,929
861,722
861,140
861,592
861,959
861,777
861,546
861,823
861,864
861,217
861,153
861,570
861,159
861,676
861,95
861,972
861,12
861,338
861,242
861,935
861,842
861,582
861,188
861,409
860,929
860,272
860,321
860,294
860,365
860,783
860,125
860,546
860,216
860,976
859,845
859,158
859,183
859,715
859,269
859,372
859,597
859,809
859,515
859,798
859,410
859,434
859,675
859,563
859,710
859,321
859,892
859,800
859,594
859,764
859,161
859,337
859,897
859,585
859,311
859,836
859,423
859,97
859,136
859,646
859,368
859,904
859,297
859,617
859,941
859,599
859,320
859,7
859,400
859,653
859,589
859,428
859,866
859,149
859,431
859,288
859,229
859,475
859,888
859,841
859,281
859,891
859,206
859,179
859,195
859,333
859,628
859,914
859,140
859,489
859,33
859,551
859,703
859,570
859,273
859,629
859,925
859,762
859,65
859,968
859,606
859,425
859,85
859,289
859,857
859,358
859,822
859,626
859,921
859,640
859,516
859,561
859,51
859,743
859,970
859,665
859,929
859,260
859,666
859,306
859,431
859,349
859,682
859,460
859,440
859,515
859,167
859,926
859,86
858,149
858,688
858,207
858,575
858,107
858,270
858,149
858,508
858,573
858,110
858,599
858,855
858,369
858,447
858,651
858,39
858,132
858,928
858,876
858,187
858,114
858,494
858,449
858,575
858,921
858,810
858,83
858,847
858,393
858,232
858,78
858,458
858,276
858,457
858,645
858,467
858,520
858,527
858,698
858,79
858,980
858,138
858,294
858,106
858,586
858,191
858,359
858,139
858,117
858,931
858,802
858,753
858,207
858,683
858,865
858,265
858,850
858,351
858,766
858,545
858,49
858,498
858,158
858,454
858,575
858,269
858,510
858,648
858,455
858,802
858,280
858,3
858,661
858,941
858,131
858,248
858,729
858,171
858,567
858,227
858,423
858,358
858,193
858,786
858,102
858,215
858,497
858,608
858,395
858,673
858,477
858,859
858,372
858,419
858,979
857,
856,304
856,736
856,343
856,688
856,807
856,880
856,507
856,123
856,937
856,524
856,588
856,751
856,611
856,460
856,616
856,383
856,893
856,584
856,801
856,797
856,48
856,288
856,121
856,202
856,752
856,344
856,693
856,477
856,192
856,196
856,599
856,16
856,208
856,197
856,428
856,194
856,617
856,824
856,783
856,691
856,884
856,475
856,644
856,889
856,868
856,302
856,733
856,338
856,419
856,93
856,375
856,869
856,473
856,16
856,487
856,714
856,535
856,451
856,644
856,557
856,135
856,311
856,218
856,896
856,723
856,156
856,95
856,754
856,954
856,70
856,871
855,905
855,807
854,839
854,342
854,859
854,107
854,774
854,491
854,241
854,470
854,110
854,281
854,629
854,112
854,890
854,566
854,714
854,629
854,610
854,461
854,191
854,205
854,925
854,7
854,682
854,448
854,886
854,700
854,616
854,818
854,734
854,187
854,301
854,885
854,882
854,308
854,476
854,275
854,489
854,594
854,807
854,147
854,4
854,287
854,660
854,872
854,170
854,72
854,266
854,170
854,812
854,632
854,895
854,149
854,247
854,392
854,567
854,35
854,367
854,351
854,451
854,9
854,557
854,46
854,764
854,816
854,277
854,986
854,585
854,551
854,943
854,884
854,901
854,590
854,272
854,147
854,49
854,322
854,16
854,565
853,525
853,366
853,97
853,241
853,642
853,190
853,684
853,112
853,532
853,218
853,925
853,355
853,727
853,717
853,445
853,639
853,191
853,67
853,986
853,870
853,803
853,735
853,861
853,471
853,987
853,975
853,398
853,251
853,643
853,716
853,565
853,724
853,553
853,299
853,767
853,756
853,78
853,268
853,978
853,74
853,822
853,903
852,774
852,780
852,422
852,524
852,131
852,336
852,728
852,288
852,296
852,643
852,143
852,740
852,911
852,199
852,327
852,313
852,247
852,282
852,262
852,554
852,372
852,510
852,858
852,943
852,50
852,788
852,702
852,604
852,210
852,383
852,799
852,140
852,220
852,710
852,158
852,232
852,373
852,820
852,585
851,707
851,229
851,449
851,243
851,585
851,96
851,230
851,181
851,602
851,620
851,515
851,615
851,319
851,543
851,166
851,124
851,510
851,100
851,284
851,772
851,178
851,319
851,393
851,168
851,784
851,974
851,744
851,474
851,735
851,851
851,430
851,596
851,971
851,689
851,906
851,880
851,405
851,711
851,501
851,940
851,886
851,768
851,882
851,462
851,45
851,203
851,560
851,584
851,823
851,239
851,412
851,974
851,742
851,599
851,307
851,706
851,438
851,933
851,699
851,827
851,743
851,614
851,184
851,315
851,396
851,816
850,628
850,941
850,483
849,840
849,553
849,574
849,808
849,545
849,765
849,0
849,15
849,294
849,419
849,275
849,484
849,806
849,865
849,103
849,461
849,548
849,619
849,320
849,168
849,394
849,295
849,232
849,274
849,366
849,940
849,422
849,3
849,739
849,997
849,253
849,754
849,767
849,334
849,978
849,593
849,245
849,133
849,73
849,819
849,591
849,458
849,934
849,884
849,158
849,645
849,203
849,278
849,489
849,892
849,599
849,921
849,789
849,71
849,945
849,529
849,862
849,714
849,897
849,329
849,367
849,648
849,901
849,970
849,996
849,605
849,430
849,440
849,699
849,369
849,288
849,225
849,511
849,653
849,277
849,890
849,538
849,636
849,904
849,925
849,748
849,698
849,962
849,279
849,258
849,725
849,827
849,731
849,537
849,192
849,403
848,914
848,189
848,741
848,839
848,236
848,516
848,161
848,903
848,553
848,770
848,446
848,938
848,760
848,924
848,537
848,56
848,25
848,982
848,433
848,181
848,221
848,958
848,218
848,958
848,829
848,371
848,829
848,638
848,120
848,600
848,123
848,275
848,736
848,809
848,880
848,535
848,53
848,524
848,736
848,78
848,937
848,305
848,540
848,952
848,551
848,473
848,73
848,460
848,753
848,269
848,805
847,699
847,48
847,143
847,737
847,518
847,199
847,455
847,164
847,148
847,424
847,176
847,235
847,84
847,417
847,675
847,214
847,570
847,909
847,942
847,451
847,370
847,842
847,32
847,896
847,264
847,62
847,419
847,706
847,10
847,176
847,287
847,941
847,979
847,446
847,501
847,339
847,867
847,646
847,440
847,467
847,315
847,230
847,502
847,956
847,849
847,318
847,282
847,250
847,770
847,875
847,344
847,473
847,808
847,499
847,113
847,340
847,970
846,123
846,945
846,839
846,860
846,282
846,620
846,91
846,392
846,869
846,157
846,613
846,229
845,12
845,595
845,62
845,638
845,567
845,703
845,442
845,340
845,521
845,936
845,817
845,195
845,607
845,269
845,108
845,343
845,274
845,255
845,572
845,327
845,684
845,432
845,811
845,982
845,489
845,695
845,683
845,52
845,181
845,406
845,322
845,566
845,965
845,591
845,903
845,889
845,225
845,986
845,918
845,674
845,220
845,260
845,999
845,439
845,73
845,80
845,956
845,282
845,805
845,894
845,45
845,890
845,486
845,324
845,395
845,701
845,402
845,992
845,215
845,400
845,127
845,141
845,259
845,240
844,152
844,284
844,968
844,503
844,228
844,204
844,37
844,895
844,965
844,129
844,233
844,808
844,338
844,248
844,170
844,341
844,64
844,336
844,681
844,236
844,39
844,223
844,613
844,108
844,472
844,115
844,539
844,869
844,589
844,668
844,58
844,993
844,961
844,534
844,77
844,270
844,996
844,89
844,416
844,198
844,273
844,39
844,4
844,628
844,154
844,94
844,136
844,142
844,184
844,90
844,785
844,980
844,28
844,811
844,259
843,26
843,636
842,30
842,824
842,849
842,845
842,304
842,948
841,450
841,657
841,540
841,272
841,4
841,32
841,689
841,81
841,967
841,18
841,312
841,70
841,962
841,568
841,466
841,870
841,824
841,656
841,742
841,151
841,793
841,822
841,556
841,884
841,87
841,339
841,684
841,927
841,94
841,961
841,97
841,24
841,982
841,929
841,723
841,926
841,602
841,546
841,980
841,740
841,81
841,528
841,303
841,826
841,731
841,857
841,674
841,227
840,407
840,2
840,435
840,979
840,211
840,731
840,137
840,420
840,978
840,288
840,913
840,389
840,670
840,158
840,821
840,769
840,122
840,444
840,73
840,482
840,652
840,697
840,694
840,638
840,200
840,38
840,55
840,574
840,986
840,316
840,395
840,817
840,893
840,452
840,133
840,301
840,289
840,756
840,856
840,972
840,861
840,192
840,219
840,69
840,429
840,850
840,690
840,34
840,506
840,63
840,529
840,909
840,85
840,485
840,970
840,579
840,913
840,122
840,178
840,227
840,588
839,971
839,892
839,598
839,605
839,420
839,98
839,480
839,608
839,920
839,824
839,922
839,279
839,104
839,374
839,756
839,722
839,835
839,984
839,338
839,629
839,25
839,799
839,440
839,553
839,268
839,562
839,799
839,160
839,47
839,264
839,903
839,105
839,373
839,666
839,590
839,222
839,40
839,686
839,650
839,843
839,126
839,968
839,943
839,401
839,545
839,35
839,638
839,928
839,755
839,945
839,906
839,846
839,644
839,630
839,960
839,805
839,290
839,53
839,596
839,965
839,638
839,399
839,525
839,710
839,620
839,495
839,302
839,114
839,764
839,195
839,488
839,245
839,172
839,51
839,781
839,781
839,391
839,474
839,690
839,864
839,870
839,794
839,332
839,815
839,111
839,241
838,222
838,905
838,60
838,848
838,631
838,232
838,413
838,176
838,857
838,993
838,321
838,929
838,978
838,284
838,816
838,747
838,616
838,565
838,850
838,326
838,547
838,873
838,393
838,280
838,898
838,27
838,880
838,190
838,578
838,79
838,642
838,587
838,795
838,995
838,111
838,878
838,271
838,36
838,343
838,909
838,306
838,329
838,59
838,636
838,659
838,598
838,758
838,101
838,420
838,828
838,655
838,937
838,187
838,94
838,525
838,580
838,578
838,278
837,2
837,486
837,654
837,20
837,881
837,535
837,34
837,614
837,246
837,328
837,790
837,7
837,820
837,235
837,831
837,1
837,968
837,412
837,987
837,226
837,157
836,341
836,384
836,874
836,156
836,555
836,739
836,449
836,657
836,375
836,25
836,399
836,717
835,20
835,620
835,361
835,84
835,158
835,399
835,934
835,156
835,305
835,597
835,494
835,985
835,911
835,432
835,99
835,268
835,632
835,23
835,872
835,677
835,368
835,203
835,465
835,472
835,396
835,503
835,426
835,572
835,411
835,992
835,902
835,826
835,630
835,813
835,620
835,744
835,406
834,328
834,902
834,590
834,148
834,440
834,834
834,595
834,371
834,45
834,580
834,255
834,838
834,696
834,104
834,852
834,568
834,673
834,409
834,640
834,905
834,90
834,981
834,717
834,976
834,409
834,906
834,891
834,955
834,831
834,261
834,138
834,924
834,914
834,107
834,702
834,661
834,826
834,687
834,356
834,591
834,450
834,889
834,457
834,57
834,915
834,104
834,697
834,487
834,306
834,750
834,669
834,775
834,523
834,599
834,374
834,72
834,663
834,836
834,384
834,282
834,501
834,340
834,704
834,337
834,223
834,948
834,709
834,775
833,907
833,63
833,196
833,523
833,539
833,168
833,781
833,766
833,58
833,128
833,164
833,804
833,75
833,661
833,374
833,460
833,733
833,182
833,750
833,984
833,650
833,663
833,770
833,607
833,358
833,476
833,699
833,804
833,375
833,44
833,812
833,342
832,811
832,843
832,788
832,773
832,36
832,619
832,56
832,979
832,950
832,711
832,946
832,826
832,931
832,6
832,545
832,216
832,259
832,729
832,657
832,744
832,943
832,588
832,751
832,305
832,565
832,523
832,648
832,733
832,817
832,536
832,668
832,288
832,339
832,302
832,840
832,888
832,345
832,144
832,460
832,246
832,366
832,163
832,894
832,235
832,126
832,615
832,312
832,547
832,29
832,846
832,717
832,109
832,394
832,912
832,387
832,767
832,277
832,542
832,667
832,615
832,650
832,311
832,864
832,265
832,474
832,605
832,891
832,435
832,20
832,924
832,558
832,887
832,920
831,103
831,444
831,401
831,689
831,692
831,981
831,474
831,110
831,762
831,203
831,889
831,34
831,246
831,130
831,73
831,367
831,420
831,637
831,385
831,186
831,319
831,311
831,573
830,695
830,856
830,916
830,267
830,385
830,601
830,311
830,879
830,37
830,928
830,305
830,75
830,325
830,400
830,808
830,908
830,496
830,983
830,235
830,601
830,680
830,234
830,833
830,217
830,918
830,321
830,183
830,333
830,149
830,358
830,124
830,163
830,314
830,608
830,143
830,630
830,711
830,695
830,393
830,969
830,793
830,255
830,754
830,731
830,693
830,984
830,738
830,429
830,920
830,847
830,514
830,300
830,511
830,382
830,772
830,391
830,25
830,974
830,925
830,341
830,332
830,658
830,502
830,752
830,494
830,523
830,869
830,11
830,513
830,207
830,756
830,912
830,411
830,717
830,679
830,543
830,356
830,713
830,679
830,209
830,814
830,584
830,548
830,290
830,171
830,775
830,122
830,675
830,890
830,409
830,395
830,34
829,360
829,966
829,100
829,748
829,929
829,446
829,572
829,244
829,389
829,644
829,363
829,172
829,916
829,34
829,313
829,126
829,352
829,626
829,151
829,340
829,780
829,501
829,88
829,142
829,462
829,378
829,534
829,134
829,868
829,188
829,509
829,241
829,758
829,372
829,812
829,852
829,619
829,648
829,379
829,315
829,575
829,468
829,200
829,322
829,803
829,441
829,461
829,233
829,332
829,370
829,825
829,562
829,278
829,132
829,42
829,954
829,42
829,488
829,493
829,875
829,544
829,374
829,965
829,619
829,136
829,704
829,303
828,656
828,684
828,623
828,752
828,118
828,343
828,245
828,746
828,132
828,844
828,455
828,535
828,88
828,447
828,209
828,756
828,939
828,732
828,453
828,362
828,342
828,912
828,815
828,617
828,642
828,709
828,683
828,406
828,753
828,275
828,724
828,550
828,338
828,649
828,87
828,835
828,430
828,134
828,140
828,235
828,137
828,26
828,457
828,651
828,453
828,256
828,967
828,438
828,829
828,469
828,713
828,412
828,80
828,46
828,308
828,980
828,635
828,808
828,885
828,606
828,526
828,552
828,980
828,385
828,684
828,540
828,505
828,395
828,997
828,701
828,507
828,706
828,289
828,635
828,536
828,260
828,932
828,178
828,828
828,92
828,645
828,989
828,434
828,599
828,293
828,519
828,718
828,96
828,866
827,606
827,312
827,441
827,829
827,3
827,333
827,686
827,283
827,494
827,96
827,257
827,3
827,98
827,740
827,267
827,699
827,103
827,470
827,401
827,156
827,679
827,66
827,820
826,226
826,654
826,628
826,386
826,583
826,101
826,279
826,694
826,422
826,287
826,705
826,103
826,443
826,762
826,17
826,52
826,461
826,798
826,867
826,313
826,854
826,211
826,251
826,412
826,326
826,193
826,505
826,5
826,523
826,53
826,920
826,346
826,760
826,815
826,321
826,869
826,682
826,447
826,160
826,523
826,914
826,639
826,536
826,132
826,903
826,544
826,399
826,1
826,369
826,88
826,933
826,886
826,593
826,372
826,31
826,927
826,456
826,961
826,372
826,753
826,52
826,256
826,669
826,824
826,897
826,153
826,745
826,834
826,44
826,786
826,724
826,231
826,993
826,509
826,819
826,845
826,287
826,885
826,132
826,680
826,995
826,376
826,119
826,883
826,610
825,536
824,438
824,491
824,628
824,250
824,839
824,937
824,205
824,957
824,568
824,659
824,32
824,73
824,94
824,631
824,933
824,108
824,383
824,845
824,238
824,350
824,833
824,588
824,132
824,89
824,362
824,27
824,9
824,72
824,445
824,355
824,408
824,481
824,521
824,383
824,113
824,580
824,785
824,490
824,66
824,917
824,118
824,267
824,610
824,796
824,125
824,989
824,483
824,660
824,67
824,191
824,926
824,496
824,156
824,741
824,474
824,724
824,35
824,690
824,558
824,83
824,413
824,738
824,606
824,48
824,284
824,975
824,164
824,625
824,778
824,965
824,659
824,130
824,381
824,241
824,710
824,960
824,57
824,158
824,900
824,512
824,854
824,983
824,10
824,902
824,958
824,992
824,323
824,548
824,737
824,638
824,224
824,6
824,709
824,101
824,831
824,79
824,483
824,857
824,19
823,439
823,455
823,319
823,540
823,616
823,358
823,516
823,340
822,386
822,870
822,311
822,438
822,55
822,24
822,503
822,14
822,769
822,950
822,180
822,660
822,661
822,327
822,406
822,89
822,900
822,507
822,336
822,501
822,39
822,534
822,300
822,616
822,616
822,680
822,577
822,968
822,115
822,42
821,696
821,125
821,61
821,894
821,296
821,237
821,190
821,971
821,919
821,896
821,873
821,755
821,346
821,729
821,164
821,430
821,313
821,541
821,233
821,533
821,650
821,503
821,884
821,976
821,752
821,473
821,769
821,114
821,365
821,307
821,170
821,649
821,70
821,181
821,70
821,267
821,577
821,199
821,340
821,105
821,739
821,807
821,494
821,642
821,547
821,129
821,651
821,912
821,249
821,990
821,943
821,400
821,978
821,747
821,485
821,331
821,315
821,729
821,536
821,446
821,233
821,107
821,281
821,218
821,145
821,41
821,342
821,910
821,324
821,531
821,715
821,607
821,371
821,756
821,133
821,357
821,757
821,816
821,451
821,609
821,497
821,622
821,760
821,497
820,742
820,110
820,975
820,433
820,617
820,204
820,178
820,593
820,459
820,804
820,824
820,154
820,730
820,635
820,613
820,937
820,534
820,454
820,660
820,826
820,395
820,808
820,193
820,62
820,281
820,456
820,196
820,635
820,127
820,619
820,570
820,389
820,834
820,692
820,727
820,204
820,442
819,943
819,885
819,911
819,178
819,888
819,317
819,648
819,721
819,464
819,920
819,244
819,567
819,270
819,336
819,840
819,761
819,571
819,87
819,917
819,202
819,929
819,824
819,992
818,678
818,746
818,692
818,336
818,653
818,696
818,675
818,155
817,434
817,418
817,323
817,595
817,358
817,996
817,565
817,445
817,881
817,379
817,467
817,772
817,857
817,341
817,995
817,932
817,477
817,274
817,257
817,955
817,154
817,628
817,285
817,664
817,54
817,450
817,49
817,219
817,690
817,888
817,877
817,93
817,122
817,331
817,566
817,512
817,712
817,219
816,4
816,155
816,541
816,400
816,112
816,270
816,900
816,585
816,462
816,267
816,23
816,754
816,246
816,88
816,149
816,617
816,193
816,32
816,716
816,512
816,479
816,36
816,667
816,516
816,572
816,950
815,735
815,525
815,88
815,471
815,123
815,300
815,522
815,213
815,746
815,889
815,242
815,902
815,980
815,556
815,260
815,351
815,863
815,871
815,988
815,16
815,577
815,747
815,992
815,194
815,119
815,157
815,330
815,152
815,776
815,815
815,94
815,793
815,521
815,328
815,764
815,759
815,195
815,170
815,485
815,269
815,31
815,46
815,661
815,384
815,637
815,963
815,763
815,826
815,838
815,460
815,856
815,382
815,309
815,15
815,900
815,440
815,393
815,541
815,29
814,941
814,454
814,186
814,857
814,420
814,685
814,451
814,277
814,838
814,838
814,860
814,553
814,934
814,904
814,724
814,784
814,499
814,640
814,749
814,295
814,619
814,453
814,726
814,462
814,678
814,396
814,237
814,621
814,719
814,316
814,943
814,86
814,259
814,566
814,63
814,914
814,553
814,523
814,500
814,10
814,145
814,974
814,697
814,869
814,211
814,988
814,88
814,826
814,213
814,770
814,812
814,391
814,746
814,760
814,325
814,761
814,871
814,840
814,183
814,685
814,354
814,652
814,798
814,322
814,242
814,210
814,273
814,507
814,952
814,199
814,931
814,396
814,554
814,190
814,404
814,641
814,519
814,766
814,438
814,719
814,925
814,253
814,452
814,140
814,839
814,71
814,819
814,498
814,618
814,908
814,708
814,778
814,447
813,582
813,534
813,25
813,99
813,550
813,585
813,457
813,320
813,544
813,109
813,172
813,677
813,92
813,330
813,22
813,200
813,837
813,465
813,787
813,56
813,411
813,562
813,124
813,980
813,334
813,726
813,982
813,909
813,134
813,638
813,223
813,415
813,264
813,202
813,400
813,197
813,976
813,378
813,456
813,842
813,833
813,646
813,652
813,576
813,324
813,447
813,185
813,957
813,319
813,165
813,258
813,506
813,427
813,479
813,389
813,57
813,402
813,647
813,233
813,98
813,307
813,205
813,189
813,54
813,19
813,739
813,787
813,466
813,761
813,879
813,756
813,991
813,634
813,527
813,981
813,817
813,659
813,507
813,702
813,532
813,126
813,803
813,689
813,906
813,877
813,679
813,12
813,397
813,916
813,245
813,190
813,571
813,178
813,446
813,837
813,852
813,827
812,151
812,579
812,820
812,210
812,370
812,51
812,975
812,199
812,324
812,465
812,927
812,985
812,41
812,857
812,806
812,587
812,443
812,879
812,467
812,751
812,593
812,662
812,392
812,961
812,622
812,9
812,53
812,835
812,165
812,857
812,732
812,601
812,622
812,319
812,365
812,767
812,858
812,213
812,671
812,274
812,357
812,489
812,869
812,807
812,970
812,662
812,325
812,836
812,97
812,505
812,744
812,490
812,349
812,300
812,182
812,148
812,965
812,122
812,111
812,655
812,880
812,804
812,29
812,245
812,718
812,239
812,689
812,169
812,116
812,608
812,752
812,730
812,870
812,630
812,379
812,704
812,665
812,26
812,15
812,646
812,292
812,237
812,15
812,263
812,804
812,199
812,93
811,324
811,147
811,879
811,630
811,373
811,955
811,170
811,708
811,886
811,754
811,843
810,936
810,198
810,315
810,344
810,315
810,826
810,346
810,610
810,913
810,838
810,599
810,227
810,782
810,119
810,454
810,292
810,783
810,110
810,794
810,638
810,792
810,898
810,959
810,934
810,794
810,458
810,766
810,431
810,934
810,732
810,84
810,632
810,424
810,752
810,248
810,923
810,925
810,659
810,617
810,280
810,342
810,267
810,843
810,42
810,255
810,349
810,960
810,604
810,76
810,299
810,219
810,605
810,755
810,712
810,895
810,413
810,999
810,904
810,350
810,231
810,865
809,311
809,813
809,35
809,149
809,948
809,597
809,155
809,269
809,564
809,635
809,380
809,712
809,861
809,574
809,661
809,954
809,563
809,233
809,871
809,1
809,41
809,246
809,888
809,330
809,454
809,579
809,527
809,368
809,450
809,308
809,729
809,64
809,42
809,691
809,132
809,683
809,672
809,528
809,14
809,601
809,214
809,366
809,381
809,916
809,381
809,697
809,667
809,259
809,182
809,565
809,273
809,465
809,694
809,517
809,395
809,863
809,63
809,5
809,755
809,230
809,36
809,305
809,596
809,908
809,460
809,924
809,323
809,591
809,318
808,56
808,592
808,987
808,844
808,18
808,650
808,415
808,316
808,483
808,519
808,934
808,90
808,449
808,465
808,777
808,810
808,707
808,472
808,103
808,647
808,387
808,273
808,785
808,864
808,644
808,227
808,11
808,463
808,856
808,866
808,864
808,264
808,968
808,991
808,878
808,615
808,220
808,500
808,321
808,98
808,638
808,454
808,419
808,224
808,713
808,82
808,115
808,222
808,853
808,836
808,718
808,562
808,150
808,330
808,790
808,270
808,102
808,876
808,342
808,419
808,334
808,366
808,101
808,709
808,496
808,856
808,141
808,259
808,425
808,690
808,58
808,554
808,9
808,510
808,946
808,416
808,936
808,705
808,383
808,354
807,739
807,185
807,211
807,109
807,411
807,198
807,835
807,512
807,629
807,267
807,708
807,703
807,666
807,613
807,588
807,502
807,895
807,962
807,753
807,950
807,942
807,311
807,246
807,439
807,127
807,438
807,617
807,727
807,270
807,613
807,112
807,926
807,518
807,397
807,787
807,937
807,619
807,703
807,149
807,453
807,35
807,399
807,746
807,870
807,166
807,547
807,6
807,188
807,149
807,250
807,45
807,717
807,983
807,351
807,561
807,541
807,616
807,737
807,829
807,543
807,232
807,474
807,801
807,213
807,400
807,520
807,368
807,511
807,204
807,807
807,434
807,908
807,200
807,667
807,224
807,170
807,836
807,428
807,97
807,490
807,68
807,831
807,554
807,497
807,918
806,390
806,837
806,902
806,727
806,278
806,306
806,732
806,75
806,936
806,903
806,547
806,658
806,944
806,766
806,783
806,139
806,466
806,196
806,888
806,731
806,628
806,65
806,967
806,19
806,459
806,710
806,480
806,581
806,813
806,679
806,116
806,851
806,766
806,68
806,405
806,668
806,177
806,920
806,870
806,139
806,885
806,467
806,737
806,44
806,231
806,463
806,654
806,403
806,296
806,996
806,845
806,700
806,250
806,361
806,50
806,308
806,893
806,858
806,440
806,351
806,946
806,679
806,167
806,955
806,427
806,165
806,775
806,440
806,76
806,426
806,609
806,80
806,530
806,482
806,433
806,838
806,601
806,767
806,459
805,223
805,247
805,701
805,921
805,236
805,77
805,437
805,813
805,835
805,813
805,753
805,229
805,497
805,620
805,333
805,807
805,90
805,420
805,333
805,145
805,30
805,499
805,484
805,999
805,371
805,802
805,716
805,132
805,214
805,81
805,439
805,360
805,186
805,99
805,200
805,345
805,716
805,283
805,923
805,365
805,22
805,394
805,855
805,495
805,411
805,729
805,931
805,82
805,640
805,220
805,323
805,437
805,297
805,251
805,126
805,155
805,815
805,260
805,146
805,134
805,717
805,466
805,683
805,264
805,345
805,17
805,51
805,720
805,852
805,337
805,973
805,256
805,466
805,421
805,414
805,852
805,105
805,436
805,903
805,71
805,700
805,775
805,206
805,902
805,808
804,250
804,190
804,149
804,964
804,453
804,212
804,483
804,262
804,248
804,982
804,652
804,863
804,989
804,974
804,730
804,51
804,88
804,349
804,188
804,473
804,252
804,589
804,899
804,64
804,887
804,642
804,823
804,680
804,469
804,135
804,678
804,25
804,198
804,351
804,928
804,685
804,13
803,139
803,479
803,430
803,816
803,958
803,38
803,156
803,251
803,623
803,369
803,408
803,185
803,604
803,62
803,758
803,129
803,545
803,208
803,25
803,332
803,249
803,510
803,955
803,460
803,356
803,21
803,651
803,644
803,932
803,995
803,967
803,433
803,518
803,405
803,148
803,833
803,562
803,873
803,799
803,932
803,298
803,813
803,372
803,10
803,95
803,342
803,38
803,864
803,177
803,196
803,997
803,936
803,47
803,477
803,54
803,753
803,178
803,368
803,973
803,728
803,705
803,304
803,393
803,943
803,904
803,149
803,891
803,286
803,28
803,893
803,328
802,220
802,717
802,998
802,933
802,280
802,379
802,556
802,14
802,413
802,329
802,531
802,605
802,32
802,74
802,884
802,965
802,58
802,207
802,626
802,826
802,182
802,843
802,961
802,779
802,57
802,7
802,522
802,973
802,52
802,793
802,399
802,527
802,893
802,825
802,846
802,61
802,443
802,686
802,918
802,390
802,209
802,155
802,570
802,831
802,167
802,155
802,365
802,49
802,16
802,398
802,339
802,614
802,919
802,163
802,925
802,557
802,25
802,433
802,557
802,244
802,414
802,764
802,392
802,260
801,926
801,535
801,188
801,508
801,867
801,261
801,856
801,553
801,336
801,718
801,3
801,763
801,487
801,38
801,493
801,837
801,221
801,722
801,219
801,636
801,868
801,318
801,131
801,732
801,271
801,127
801,124
801,3
801,461
801,919
801,630
801,679
801,421
801,896
801,609
801,490
801,35
801,832
801,558
801,882
801,385
801,381
801,174
801,564
801,572
801,416
801,551
801,894
801,717
801,257
801,131
801,272
801,181
801,91
801,942
801,515
801,788
801,984
801,30
801,737
801,111
801,177
801,787
801,749
801,902
801,483
801,45
801,998
801,578
801,701
801,126
801,126
801,711
801,498
801,33
801,784
801,108
801,808
801,156
800,433
800,388
800,623
800,678
800,496
800,639
800,855
800,748
800,116
800,731
800,238
800,848
800,1
800,355
800,451
800,852
800,354
800,7
800,487
800,620
800,246
800,208
800,994
800,526
800,194
800,532
800,917
800,37
800,839
800,153
800,320
800,450
800,435
800,84
800,984
800,294
800,848
800,850
800,281
800,880
800,124
800,107
800,635
800,549
800,926
800,36
800,711
800,69
800,3
800,972
800,25
800,597
800,305
800,185
800,386
800,75
800,93
800,567
800,193
800,820
800,91
800,694
800,460
800,95
799,474
799,150
799,319
799,651
799,798
799,615
799,706
799,893
799,282
799,320
799,460
799,264
799,119
799,193
799,379
799,639
799,431
799,284
799,181
799,949
799,631
799,383
799,664
799,643
799,799
799,665
799,562
799,213
799,441
799,738
799,590
799,215
799,693
799,309
799,45
798,493
798,531
798,753
798,219
798,648
798,460
798,498
798,661
798,638
798,465
798,315
798,769
798,89
798,763
798,100
798,855
798,59
798,836
798,570
798,31
798,484
798,664
798,424
798,658
798,343
798,32
798,504
798,257
798,231
798,477
798,433
798,539
798,975
798,573
798,580
798,162
798,708
798,708
798,960
798,749
798,508
798,413
798,790
798,694
798,31
798,16
798,772
798,644
798,439
798,607
798,350
798,109
798,823
798,455
798,962
798,395
798,866
798,990
798,758
798,167
798,177
798,638
798,354
798,933
798,14
798,317
798,765
798,902
798,248
798,321
798,355
798,717
798,771
797,0
797,852
797,757
797,68
797,591
797,764
797,838
797,859
797,639
797,917
797,347
797,174
797,910
797,599
797,397
797,380
797,895
797,929
797,638
797,650
797,948
797,92
797,51
797,376
797,45
797,346
797,800
797,661
797,651
797,339
797,107
797,889
797,20
797,167
797,201
797,490
797,406
797,868
797,220
797,629
797,656
797,227
797,240
797,256
797,217
797,996
797,175
797,568
797,334
797,213
797,636
797,57
797,735
797,330
797,737
797,441
797,36
797,927
797,40
797,375
797,134
797,790
797,803
797,657
797,710
797,259
797,169
797,907
797,523
797,401
797,250
797,823
797,249
797,744
797,834
797,666
797,391
797,722
797,945
797,67
797,263
797,764
797,567
797,683
797,958
797,654
796,568
796,338
796,397
796,309
796,126
796,192
796,786
796,315
796,894
796,540
796,102
796,133
796,979
796,81
796,685
796,430
796,60
796,998
796,921
796,797
796,654
796,762
796,707
796,482
796,305
796,963
796,423
796,971
796,40
796,681
796,725
796,28
796,344
796,582
796,522
796,849
796,65
796,274
796,335
796,867
796,508
796,460
796,741
796,444
796,643
796,437
796,261
796,958
796,186
796,977
796,75
796,62
796,636
796,179
796,941
796,916
796,199
796,510
796,571
796,90
796,545
796,355
796,731
796,858
796,38
796,357
796,538
796,474
796,558
795,85
795,440
795,14
795,335
795,248
795,158
795,499
795,765
795,177
795,136
795,496
795,827
795,148
795,730
795,565
795,123
795,14
795,156
795,936
795,988
795,211
795,244
795,931
795,515
795,627
795,333
795,336
795,549
795,75
795,974
795,74
795,182
795,89
795,163
795,473
795,174
795,161
795,201
795,858
795,586
795,346
795,262
795,361
795,639
795,804
795,797
795,403
795,579
795,820
795,674
795,104
795,370
795,232
795,706
795,455
795,733
795,242
795,913
795,944
795,183
795,169
795,54
795,861
795,790
795,417
795,461
795,401
795,263
795,814
795,676
795,708
795,539
795,788
795,490
795,646
795,113
795,75
795,942
795,407
795,457
795,760
795,117
795,478
795,825
795,551
795,15
795,268
795,538
795,760
795,133
795,894
795,357
794,766
794,397
794,677
794,192
794,139
794,629
794,340
794,316
794,571
794,353
794,157
794,854
794,474
794,327
794,481
794,166
794,612
794,17
794,777
794,621
794,793
794,677
794,892
794,81
794,539
794,474
794,90
794,462
794,182
794,990
794,551
794,691
794,241
794,870
794,999
794,252
794,709
794,888
794,681
794,893
794,259
794,572
794,78
794,794
794,342
794,120
794,690
794,339
794,46
794,970
794,749
794,854
794,626
794,332
794,339
794,797
794,353
794,504
794,752
794,323
794,218
794,988
794,559
794,739
794,931
794,179
794,201
793,608
793,913
793,887
793,90
793,778
793,409
793,543
793,169
793,960
793,805
793,758
793,741
793,288
793,396
793,108
793,364
793,552
793,32
793,567
793,685
793,245
793,792
793,489
793,418
793,807
793,926
793,822
793,307
793,687
793,749
793,35
793,577
793,108
793,379
793,642
793,506
793,979
793,729
793,761
793,9
793,904
793,956
793,482
793,637
793,815
793,630
793,513
793,132
793,325
793,152
793,933
793,901
793,51
793,839
793,490
793,760
793,540
793,629
792,104
792,408
792,871
792,712
792,341
792,145
792,106
792,135
792,905
792,872
792,981
792,897
792,415
792,409
792,824
792,681
792,694
792,220
792,645
792,225
792,647
792,624
792,939
792,553
792,204
792,770
792,918
792,98
792,882
792,646
792,600
792,812
792,532
792,602
792,51
792,891
792,753
792,630
792,171
792,451
792,783
792,301
792,738
792,732
792,692
792,610
792,857
792,384
792,563
792,507
792,890
792,646
792,430
792,946
792,370
792,664
792,386
792,169
792,326
792,310
792,607
792,669
792,415
792,488
792,590
792,684
792,695
792,454
792,119
792,394
792,644
792,445
792,431
792,577
792,807
792,26
792,643
792,229
791,860
791,612
791,655
791,933
791,818
791,758
791,934
791,395
791,719
791,234
791,822
791,821
791,712
791,957
791,875
791,601
791,463
791,591
791,320
791,175
791,949
791,890
791,744
791,212
791,493
791,463
791,937
791,809
791,537
791,460
791,464
791,466
791,301
791,91
791,25
791,110
791,655
791,564
791,292
791,844
791,334
791,503
791,841
791,924
791,808
791,297
791,989
791,557
791,522
791,798
791,520
791,742
791,132
790,985
790,704
790,218
790,112
790,685
790,523
790,592
790,532
790,660
790,284
790,439
790,402
790,329
790,482
790,323
790,641
790,581
790,355
790,403
790,860
790,531
790,556
790,50
790,259
790,275
790,437
790,501
790,522
790,881
790,612
790,483
790,829
790,594
790,273
790,874
790,445
790,950
789,580
789,65
789,698
789,678
789,492
789,130
789,480
789,434
789,641
789,886
789,430
789,881
789,625
789,398
789,401
789,834
789,131
789,655
789,967
789,469
789,683
789,71
789,52
789,401
789,539
789,680
789,788
789,191
789,245
789,400
789,625
789,491
789,285
789,617
789,476
789,711
789,69
789,519
789,634
789,946
789,872
788,85
788,461
788,321
788,160
788,800
788,266
788,158
788,447
788,547
788,334
788,211
788,386
788,547
788,822
788,560
788,703
788,937
788,293
788,414
788,161
788,525
788,533
788,629
788,414
788,524
788,435
788,218
788,79
788,29
788,71
788,557
788,239
788,719
788,394
788,872
788,247
788,639
788,152
788,81
788,987
788,171
788,323
788,268
788,436
788,170
788,889
788,977
788,803
788,931
788,407
788,114
788,51
788,888
788,829
788,92
788,836
788,946
788,879
788,422
788,197
788,463
788,398
788,870
788,55
788,85
788,460
788,573
788,683
788,976
788,360
788,83
788,890
788,435
788,792
788,977
788,819
788,699
788,683
788,201
788,645
788,483
788,793
788,457
788,708
788,593
788,93
788,202
788,981
788,497
788,29
788,296
788,185
788,665
787,514
787,640
787,303
787,960
787,861
787,298
787,483
787,682
787,540
787,82
787,677
787,9
787,393
787,672
787,237
787,927
787,55
787,248
787,966
787,79
787,981
787,229
787,348
787,555
787,954
787,708
787,838
787,958
787,246
787,351
787,966
787,575
787,618
787,100
787,111
787,112
787,242
787,923
787,360
787,315
787,943
787,855
787,603
787,410
787,413
787,257
787,717
787,678
787,719
787,250
787,860
787,487
787,221
787,419
787,460
787,664
787,289
787,879
787,234
787,898
787,616
787,318
787,877
787,63
787,693
787,432
787,940
787,165
787,16
787,295
787,336
787,686
787,826
787,292
787,769
786,177
786,718
786,803
786,130
786,468
786,781
786,743
786,648
786,15
786,532
786,148
786,914
786,519
786,990
786,603
785,317
785,564
785,630
785,346
785,565
785,906
785,522
785,948
785,315
785,111
785,812
785,816
785,339
785,762
785,426
785,528
785,231
785,381
785,558
785,548
785,494
785,460
785,219
785,867
785,16
785,391
785,137
785,746
785,825
785,709
785,262
785,547
785,624
785,656
785,583
785,862
785,621
785,320
785,567
785,455
785,771
785,47
785,899
785,152
785,513
785,133
785,676
785,662
785,217
785,645
785,821
785,910
785,127
785,207
785,165
785,562
785,322
785,989
785,819
785,186
785,322
785,71
785,895
785,583
785,912
785,20
785,999
785,594
785,685
785,361
785,602
785,358
785,282
785,206
785,346
785,252
785,484
785,769
785,588
785,266
785,657
785,13
784,764
784,289
784,112
784,778
784,283
784,224
784,921
784,868
784,287
784,739
784,115
784,654
784,244
784,522
784,856
784,612
784,477
784,7
784,433
784,95
784,371
784,336
784,637
784,339
784,264
784,614
784,371
784,295
784,998
784,172
784,230
784,112
784,378
784,623
784,1
784,409
784,64
784,85
784,172
784,777
784,114
784,96
784,750
784,985
784,643
784,881
784,522
784,332
784,74
784,613
784,430
784,300
784,560
784,635
784,79
784,150
784,489
784,136
784,996
784,56
784,362
784,705
784,485
784,178
784,660
784,24
784,628
784,985
784,961
784,71
784,80
784,192
784,756
784,136
784,850
784,548
784,534
784,230
783,932
783,857
783,93
783,87
783,700
783,966
783,540
783,228
783,635
783,138
783,796
783,643
783,180
783,602
783,767
783,795
783,631
783,726
783,725
783,409
783,129
783,766
783,879
783,58
783,548
783,960
783,221
783,223
783,620
783,278
783,237
783,715
783,641
783,309
783,256
783,527
783,69
783,811
783,160
783,119
783,484
783,730
783,528
783,792
783,546
783,893
783,580
783,829
783,600
783,881
783,436
783,451
783,519
783,247
783,729
783,672
783,180
783,34
783,473
783,78
783,268
783,643
783,718
783,703
783,45
783,753
783,253
783,329
783,502
783,779
783,569
783,671
783,770
783,855
783,842
783,599
783,655
783,660
783,200
783,823
783,7
783,642
783,486
783,749
783,926
783,563
783,241
782,998
782,312
782,833
782,580
782,432
782,98
782,610
782,856
782,680
782,340
782,648
782,30
782,915
782,28
782,359
782,301
782,598
782,392
782,910
782,777
782,767
782,237
782,278
782,309
782,949
782,398
782,911
782,818
782,816
782,579
782,66
782,646
782,158
782,289
782,886
782,797
782,880
782,243
782,596
782,331
782,91
782,372
782,616
782,576
782,552
782,858
781,669
781,193
781,414
781,324
781,633
781,312
781,96
781,696
781,531
781,88
781,441
781,690
781,755
781,370
781,435
781,747
781,2
781,173
781,285
781,781
781,770
781,300
781,112
781,385
781,688
781,655
781,68
781,227
781,50
781,591
781,702
781,918
781,148
781,481
781,546
781,194
781,799
781,638
781,387
781,261
781,213
781,621
781,575
781,895
781,684
781,810
781,651
781,257
781,595
781,597
781,874
781,536
781,785
781,743
781,483
781,43
781,248
781,524
781,251
781,429
781,429
781,191
781,897
781,601
781,508
781,90
781,991
781,616
781,831
781,896
781,138
781,689
781,679
781,149
781,972
781,559
781,98
781,396
781,247
781,683
781,423
781,339
781,46
780,334
780,491
780,267
780,384
780,925
780,244
780,205
780,947
780,278
780,358
780,666
780,890
780,821
780,114
780,413
780,679
780,183
780,114
780,519
780,707
780,940
780,468
780,351
780,239
780,7
780,888
780,206
780,13
780,617
780,734
780,497
780,834
780,889
780,378
780,262
780,219
780,519
780,745
780,133
780,355
780,44
780,614
780,971
780,501
780,932
780,673
780,875
780,437
780,858
780,793
780,908
780,988
780,951
780,456
780,556
780,843
780,513
780,828
780,682
780,437
780,530
780,323
780,130
780,38
780,904
780,470
780,611
780,196
780,682
780,207
780,926
780,785
780,702
780,357
780,196
780,790
780,627
780,430
780,754
780,134
780,665
780,982
780,627
780,184
780,611
780,828
780,965
780,188
780,298
780,986
780,262
780,484
780,42
780,291
780,692
780,536
780,528
780,847
779,121
779,25
779,679
779,646
779,643
779,556
779,587
779,678
779,170
779,501
779,582
779,352
779,62
779,214
779,407
779,772
779,66
779,940
779,871
779,185
779,319
779,462
779,795
779,641
779,109
779,847
779,302
779,439
779,788
779,904
779,104
779,635
779,272
779,661
779,374
779,34
779,805
779,984
779,899
779,214
778,
777,901
777,349
777,358
777,41
777,442
777,459
777,613
777,744
777,904
777,876
777,484
777,474
777,985
777,668
777,858
777,798
777,730
776,573
776,113
776,694
776,450
776,89
776,670
776,977
776,688
776,264
776,144
776,120
776,158
776,195
776,366
776,791
776,608
776,47
776,267
776,301
776,91
776,164
776,255
776,284
776,809
776,731
776,775
776,956
776,821
776,376
776,621
776,120
776,991
776,82
776,417
776,942
775,743
775,600
775,492
775,479
774,983
774,673
774,683
774,17
774,820
774,470
774,157
774,377
774,346
774,203
774,751
774,599
774,444
774,488
774,426
774,480
774,500
774,450
774,377
774,78
774,269
774,431
774,398
774,451
774,878
774,555
774,635
774,399
774,340
774,17
774,645
774,807
774,944
774,365
774,961
774,657
774,464
774,261
774,170
774,842
774,91
774,534
774,362
774,431
774,847
774,911
774,653
774,133
774,793
774,908
774,660
774,720
774,283
774,894
774,28
774,961
774,859
774,790
774,624
774,241
774,154
774,176
774,938
774,771
774,661
774,593
774,371
774,767
774,221
774,320
773,754
773,879
773,594
773,805
773,788
773,478
773,439
773,705
773,270
773,926
773,346
773,487
773,104
773,68
773,696
773,917
773,96
773,759
773,453
773,701
773,946
773,544
773,946
773,961
773,417
773,446
773,281
773,754
773,701
773,609
773,405
773,997
773,950
773,892
773,553
773,802
773,403
773,226
773,942
773,155
773,908
773,242
773,36
773,69
773,163
773,261
773,994
773,30
773,321
773,992
773,131
773,562
773,950
772,414
772,613
772,216
772,638
772,399
772,40
772,267
772,484
772,639
772,75
772,73
772,448
772,857
772,209
772,576
772,167
772,886
772,58
772,623
772,711
772,47
772,645
772,964
772,936
772,472
772,26
772,210
772,105
772,588
772,201
772,914
772,777
772,996
772,953
772,1
772,695
772,558
772,59
772,683
772,568
772,308
772,837
772,155
772,669
772,298
772,984
772,636
772,281
771,24
771,990
771,103
771,730
771,602
771,37
771,44
771,843
771,142
771,701
771,543
771,109
771,777
771,142
771,234
771,202
771,715
771,927
771,797
771,434
771,13
771,787
771,608
770,
769,24
769,209
769,503
769,698
769,861
769,534
769,412
769,872
769,820
769,462
769,360
769,921
769,239
769,491
769,276
769,963
769,203
769,253
769,397
769,0
769,485
769,786
769,297
769,768
769,76
769,161
769,798
769,643
769,419
769,26
769,382
769,848
769,556
769,942
769,643
769,105
769,955
769,960
769,641
769,263
769,606
769,344
769,415
769,707
769,112
769,950
769,763
769,624
769,610
769,582
769,776
768,213
768,994
768,728
768,969
768,887
768,378
768,447
768,579
768,52
768,590
768,913
768,918
768,302
768,543
768,561
768,797
768,777
768,92
768,948
768,1
768,149
768,227
768,33
768,354
768,395
768,632
768,709
768,170
768,51
768,141
768,166
768,303
768,14
768,159
768,61
768,988
768,220
768,729
768,243
768,501
768,834
768,253
768,211
768,45
768,298
768,150
768,155
768,907
768,377
768,566
768,925
768,624
768,619
768,333
768,165
768,180
768,222
768,611
768,81
768,544
768,686
768,571
768,902
768,921
768,473
768,199
768,615
768,415
768,103
768,653
767,86
767,870
767,463
767,163
767,560
767,656
767,245
767,779
767,52
767,470
767,209
767,566
767,210
767,228
767,734
767,952
767,511
767,761
767,22
767,168
767,912
767,396
767,167
767,278
766,778
766,546
766,698
766,438
766,45
766,524
766,574
766,258
766,158
766,943
766,967
766,526
766,644
766,75
766,376
766,345
766,761
766,29
766,563
766,528
766,261
766,714
766,638
766,957
766,285
766,521
766,644
766,353
766,750
766,270
766,851
766,602
766,592
766,220
766,368
766,228
766,478
766,457
766,288
766,976
765,904
765,944
765,765
765,303
764,195
764,774
764,779
764,122
764,47
764,527
764,79
764,584
764,805
764,818
764,209
764,156
764,470
764,929
764,636
764,941
764,709
764,66
764,855
764,959
764,928
764,468
764,510
764,791
764,270
764,71
764,709
764,179
764,679
764,393
764,34
764,947
764,447
764,634
764,230
764,569
764,991
764,155
764,441
764,600
764,165
764,303
764,758
764,190
764,300
764,19
764,113
764,750
763,615
763,686
763,495
763,122
763,982
763,134
763,115
763,799
763,89
763,230
763,994
763,569
763,713
763,977
763,19
763,916
763,444
763,719
763,269
763,760
762,379
762,977
762,308
762,191
762,165
762,678
762,542
762,42
762,356
762,778
762,465
762,814
762,376
762,949
762,503
762,272
762,570
762,916
762,814
762,206
762,992
762,908
762,459
762,132
762,17
762,531
762,558
762,19
762,521
762,264
761,744
761,811
761,618
761,317
761,367
761,845
761,430
761,501
761,712
761,837
761,843
761,287
761,546
761,576
761,510
761,268
761,428
761,852
761,372
761,142
761,610
761,29
761,861
761,822
761,285
761,897
761,210
761,539
761,201
761,555
761,500
761,508
761,88
761,360
761,413
761,268
761,161
761,458
761,63
761,945
761,652
761,134
761,454
761,30
761,618
761,581
761,868
761,29
761,538
761,444
761,797
761,18
761,583
761,660
761,600
761,544
761,191
761,734
761,987
761,24
761,252
761,643
761,645
761,397
761,235
761,325
761,401
761,856
761,595
761,432
761,601
761,377
761,132
761,145
761,510
761,545
761,792
761,356
761,740
761,805
761,543
761,212
761,564
761,467
761,658
761,718
761,668
761,882
761,474
761,632
761,378
761,719
761,744
761,1
761,717
760,381
759,619
759,619
759,431
759,480
759,277
759,624
759,162
759,841
759,253
759,108
759,40
759,797
759,348
759,647
759,727
759,706
759,394
759,537
759,597
759,296
759,518
759,466
759,144
759,139
759,685
759,664
759,790
759,955
759,67
759,94
759,941
759,104
759,775
759,770
759,797
759,968
759,817
759,632
759,925
759,770
759,262
759,446
759,564
759,90
758,455
758,541
758,390
758,394
758,740
758,942
758,631
758,368
758,714
758,853
758,277
758,510
758,995
758,925
758,34
758,156
758,769
758,688
758,825
758,717
758,167
758,61
758,4
758,322
758,585
758,556
758,683
758,594
758,900
758,380
758,744
758,481
758,228
758,122
758,684
758,740
758,947
758,369
758,357
758,614
758,271
758,703
758,689
758,958
758,524
758,168
758,980
758,16
758,849
758,730
758,869
758,174
758,489
758,631
757,344
757,793
757,411
757,720
757,325
757,337
757,867
757,480
757,119
757,659
757,480
757,157
757,402
757,662
757,496
757,69
757,147
757,733
757,684
757,166
757,107
757,891
756,704
756,47
756,465
756,469
756,973
756,766
756,936
756,283
756,379
756,181
756,382
756,952
756,739
756,346
755,366
755,674
755,880
755,105
755,370
755,638
755,973
755,316
755,338
755,188
755,970
755,830
755,268
755,745
755,163
755,697
755,8
755,114
755,413
755,182
755,388
755,682
755,221
755,944
755,651
755,55
755,182
755,654
755,738
755,871
755,640
755,104
755,844
755,660
755,312
755,29
755,590
755,748
755,150
755,84
755,641
755,431
755,574
755,291
755,377
755,794
755,501
755,53
755,809
755,499
755,843
755,268
755,615
755,717
755,111
755,580
755,899
755,839
755,234
755,843
755,493
755,171
755,200
755,538
755,192
755,647
755,960
755,246
755,132
755,100
755,559
755,478
755,181
755,972
754,921
754,50
754,535
754,774
754,426
754,815
754,268
754,55
754,553
754,234
754,692
754,42
754,667
754,484
754,44
754,958
754,928
754,491
754,726
754,513
754,607
754,840
754,915
754,148
754,830
754,0
754,363
754,183
754,529
754,787
754,709
754,610
754,284
754,954
754,797
754,487
754,77
754,685
754,632
754,863
754,751
754,506
754,695
754,154
754,808
754,666
754,341
754,64
754,80
754,153
754,542
754,218
754,195
754,964
754,389
754,866
754,558
754,456
753,867
753,340
753,936
753,1
753,608
753,52
753,356
753,124
753,932
753,982
753,593
753,920
753,874
753,43
753,170
753,780
753,807
753,226
753,95
753,255
753,853
753,425
753,832
753,287
753,87
753,861
753,351
753,66
753,677
753,302
753,16
753,831
753,970
753,282
753,596
753,917
753,704
753,935
753,514
753,805
753,846
753,602
753,459
753,657
753,772
753,121
753,680
753,898
753,254
753,284
753,640
753,691
753,837
753,435
753,254
753,172
753,287
753,176
753,895
752,717
752,811
752,670
752,969
752,43
752,500
752,285
752,646
752,19
752,790
752,790
752,680
752,342
752,203
752,836
752,270
752,36
752,329
752,525
752,975
752,650
752,343
752,810
752,636
752,723
752,88
752,729
752,938
752,964
752,128
752,956
752,613
752,87
752,638
752,838
752,859
752,246
752,584
752,199
752,45
752,238
752,341
752,138
752,5
752,104
752,149
752,441
752,512
752,380
752,55
752,702
752,493
752,57
752,42
752,73
751,992
751,808
751,527
751,257
751,934
751,929
751,687
751,958
750,452
750,518
750,177
750,725
750,112
750,963
750,131
750,480
750,958
750,465
750,21
750,365
750,134
750,809
750,980
750,860
750,512
750,133
750,562
750,29
750,241
750,67
750,988
750,568
750,147
750,386
750,970
750,18
750,203
750,562
750,43
750,62
750,640
750,138
750,687
750,912
750,476
750,811
750,908
750,221
750,465
750,906
750,449
750,645
750,679
750,732
749,137
749,489
749,341
749,636
749,858
749,283
749,419
749,656
749,421
749,380
749,835
749,508
749,328
749,99
749,593
749,380
749,826
749,117
749,582
749,8
749,629
749,996
749,973
749,344
749,760
749,686
749,818
749,997
749,124
749,93
749,499
749,907
749,367
749,540
749,200
749,889
749,751
749,277
749,932
749,296
749,417
749,614
749,60
749,881
749,446
749,131
749,847
749,253
749,164
749,217
749,711
749,594
749,661
749,703
749,126
749,953
749,3
749,47
749,722
749,343
749,612
749,431
749,864
749,919
749,186
749,223
749,493
749,426
749,477
749,720
748,613
748,993
748,976
748,631
748,942
748,633
748,946
748,931
748,332
748,452
748,997
748,871
748,250
748,737
748,385
748,256
748,262
748,810
748,40
748,669
748,567
748,101
748,897
748,404
748,387
748,198
748,935
748,886
748,141
748,789
748,424
747,189
747,477
747,540
747,332
747,19
747,649
747,461
747,52
747,470
747,294
747,804
747,27
747,814
747,729
747,591
747,73
747,615
747,800
747,324
747,514
747,675
747,913
747,138
747,638
747,959
747,456
747,722
747,293
747,459
746,449
746,485
746,295
746,246
746,542
746,219
746,38
746,496
746,758
746,754
746,74
746,305
746,771
746,469
746,514
746,933
746,132
746,169
746,580
745,527
745,864
745,496
745,203
745,622
745,764
745,974
745,444
745,743
745,682
745,880
745,422
745,686
745,365
745,80
745,722
745,573
745,540
745,704
745,736
745,194
745,48
745,575
745,914
745,485
745,687
745,208
745,933
745,90
745,646
745,179
745,587
745,641
745,755
745,897
745,25
745,492
745,701
745,573
745,340
745,358
745,588
745,581
745,742
745,947
745,338
745,920
745,995
745,420
745,680
745,845
745,686
745,676
745,155
744,445
744,250
744,902
744,677
744,0
744,263
744,670
744,969
744,866
744,695
744,980
744,721
744,380
744,789
744,665
744,790
744,940
744,265
744,237
744,790
744,437
744,633
744,638
744,292
744,472
744,826
744,896
744,345
744,712
743,30
743,943
743,289
743,476
743,825
743,575
743,831
743,855
743,54
743,766
743,847
743,283
743,753
743,693
743,285
743,798
743,655
743,252
743,87
743,942
743,368
743,159
743,677
743,864
743,767
743,986
743,722
743,612
743,565
743,789
743,731
743,462
743,257
743,227
743,591
743,57
743,351
743,918
743,803
743,861
743,643
743,435
743,379
743,54
743,160
743,759
743,949
743,360
743,601
743,319
743,754
743,277
743,627
743,308
743,130
743,907
743,750
743,965
743,510
743,31
742,922
742,786
742,200
742,788
742,448
742,763
742,694
742,778
742,678
742,94
742,948
742,676
742,698
742,112
742,493
742,279
742,573
742,445
742,989
742,158
742,434
742,193
742,27
742,408
742,46
742,804
742,179
742,293
742,664
742,585
742,579
742,201
742,526
742,927
742,948
742,379
742,751
742,69
742,547
742,90
742,684
742,589
742,212
742,474
742,288
742,689
742,117
742,823
742,426
742,623
742,98
742,463
742,212
742,223
742,259
742,785
742,152
742,377
742,739
742,454
742,612
742,308
742,109
742,981
742,898
742,419
742,273
742,141
742,785
742,504
742,100
742,819
742,311
742,517
742,997
742,462
742,234
742,804
742,655
742,582
742,454
742,634
742,900
742,899
742,238
742,429
741,935
741,270
741,317
741,455
741,658
741,93
741,521
741,386
740,306
740,208
740,626
740,178
740,191
740,329
740,331
740,870
740,932
740,511
740,555
740,374
740,599
740,770
740,126
740,201
740,217
740,872
740,872
740,733
740,221
740,557
740,89
740,298
740,903
740,441
740,569
740,678
740,763
740,484
740,955
740,582
740,529
740,813
740,378
740,331
740,370
740,511
740,330
740,882
740,651
740,143
740,209
740,684
740,855
740,446
740,289
740,905
740,456
740,276
740,623
740,812
740,125
740,60
740,77
740,427
740,598
740,122
740,693
740,31
739,755
739,850
739,753
739,325
739,505
739,478
739,527
739,45
739,852
739,742
739,370
739,424
739,794
739,947
739,507
739,818
739,61
739,561
739,479
739,575
739,836
739,244
739,658
739,596
739,112
739,413
739,606
739,204
739,219
739,597
738,922
738,734
738,669
738,210
738,232
738,105
738,473
738,32
738,136
738,224
738,50
738,765
738,460
738,896
738,24
738,255
738,918
738,477
738,114
738,913
738,444
738,312
738,927
738,464
738,471
738,738
738,217
738,729
738,840
738,794
738,71
738,979
738,612
738,883
738,891
738,729
738,291
738,117
738,973
738,530
738,889
738,346
738,679
738,243
738,690
738,973
738,258
738,723
738,589
738,980
738,172
738,681
738,47
738,196
738,339
738,185
738,554
738,545
738,619
738,570
738,529
738,237
738,615
738,193
738,481
738,324
738,334
738,579
738,396
738,959
738,818
738,968
738,5
738,121
738,479
738,38
738,148
738,507
738,171
737,257
737,599
737,572
737,671
737,498
737,447
737,567
737,419
737,480
737,372
737,939
737,773
737,166
737,513
737,473
737,617
737,483
737,168
737,801
737,429
737,562
737,719
737,17
737,26
737,843
737,664
737,625
737,116
737,306
737,828
737,264
737,433
737,156
737,301
737,870
737,166
737,272
737,15
737,491
737,882
737,811
737,730
737,37
737,690
737,517
737,643
737,624
737,37
737,727
737,766
737,691
737,639
737,376
737,426
737,776
737,873
737,967
737,699
737,865
737,61
737,633
737,58
737,779
737,112
737,118
737,565
736,177
736,827
736,241
736,561
736,468
736,511
736,108
736,229
736,182
736,905
736,889
736,939
736,579
736,441
736,511
736,952
736,643
736,503
735,904
735,937
735,726
735,958
735,831
735,523
735,235
735,339
735,334
735,671
735,390
735,40
735,230
735,981
735,377
735,970
735,233
735,51
734,302
734,565
734,765
734,128
734,753
734,847
734,121
734,665
734,931
734,363
734,834
734,836
734,298
734,21
734,399
734,911
734,778
734,436
734,945
734,339
734,582
734,155
734,493
734,851
734,111
734,561
734,93
734,40
734,280
734,583
734,166
734,153
734,236
734,162
734,391
733,27
733,404
733,171
733,681
733,112
733,895
733,573
733,950
733,310
733,635
733,276
733,880
733,258
733,878
733,249
733,279
733,162
733,442
733,724
733,512
733,139
733,256
733,193
733,83
733,519
733,57
733,827
733,660
733,443
733,442
733,48
733,843
733,375
733,200
733,880
733,804
733,313
733,484
733,928
733,683
733,585
733,821
733,197
733,277
733,902
733,150
733,909
733,877
733,452
733,104
733,807
733,488
733,940
733,404
733,987
733,69
733,863
733,626
733,838
733,329
733,978
733,124
733,216
733,267
733,369
733,82
733,110
733,261
733,673
733,638
733,500
733,681
733,678
733,22
733,900
733,352
733,874
733,293
733,596
733,63
733,774
733,368
733,413
733,619
733,159
733,164
733,59
732,566
732,956
732,516
732,538
732,669
732,163
732,858
732,969
732,708
732,358
732,798
732,507
732,765
732,82
732,970
732,597
732,206
732,957
732,176
732,444
732,526
732,356
732,265
732,219
732,660
732,271
732,322
732,147
732,790
732,118
732,384
732,629
732,218
732,836
732,37
732,569
732,246
732,534
732,57
732,683
732,572
732,547
732,460
732,211
731,513
731,406
731,712
731,830
731,488
731,616
731,696
731,338
731,623
731,33
731,17
731,758
731,757
731,294
731,236
731,316
731,181
731,590
731,797
731,319
731,765
731,939
731,581
731,112
731,434
731,425
731,461
730,345
730,119
730,138
730,819
730,336
730,78
730,814
730,162
730,892
730,192
730,360
730,398
730,540
730,94
730,284
730,625
730,575
730,364
730,585
730,411
730,153
730,92
730,636
730,381
730,948
730,885
730,222
730,334
730,586
730,817
730,768
730,555
730,535
730,352
730,498
730,355
730,99
730,246
730,225
730,383
730,342
730,920
730,898
730,693
730,855
730,525
730,828
730,515
730,679
730,903
730,558
730,613
730,150
730,200
730,900
730,546
730,703
730,391
730,691
730,278
730,945
730,547
730,196
730,324
730,793
730,620
730,481
730,501
730,964
730,381
730,521
730,157
730,868
730,931
730,182
729,185
729,640
729,197
729,629
729,234
729,549
729,296
729,170
729,636
729,950
729,770
729,680
729,760
729,708
729,126
729,57
729,41
729,715
729,497
729,182
729,164
729,796
729,948
729,353
729,521
729,127
729,771
729,606
729,971
729,861
729,550
729,623
729,784
729,622
729,272
729,671
729,569
729,299
729,811
729,385
729,305
729,207
729,837
729,305
729,955
729,517
729,2
729,480
729,2
729,785
729,710
729,671
729,776
729,89
729,887
729,90
729,422
729,257
729,956
729,791
729,620
729,783
729,583
729,507
729,714
729,180
729,443
729,171
729,364
729,37
729,459
729,873
729,197
729,378
729,176
729,991
729,800
729,849
729,100
728,775
728,618
728,174
728,435
728,913
728,16
728,928
728,918
728,277
728,972
728,429
728,530
728,656
728,553
728,831
728,68
728,481
728,831
728,879
728,166
728,235
728,742
728,10
728,391
728,598
728,966
728,798
728,470
728,308
728,690
728,322
728,12
728,285
728,571
728,610
728,275
728,280
728,717
728,573
728,729
728,852
728,372
728,759
728,276
728,572
728,568
728,425
728,929
728,798
728,751
728,523
728,999
728,665
728,22
728,437
728,956
727,134
727,683
727,718
727,932
727,716
727,109
727,392
727,904
727,685
727,50
727,44
727,36
727,923
727,281
727,196
727,696
727,925
727,286
727,293
727,101
727,204
727,65
727,550
727,398
727,38
727,909
727,677
727,733
727,222
727,295
727,507
727,11
727,255
727,33
727,955
727,373
727,828
727,175
727,632
727,295
727,111
727,495
727,489
727,23
727,0
727,368
727,117
727,122
727,770
727,43
727,335
727,774
727,201
727,893
727,524
727,567
727,943
727,738
727,835
727,969
727,282
727,431
727,497
727,343
727,877
727,958
727,784
727,652
727,76
727,312
727,734
727,556
727,400
727,698
727,288
727,569
727,487
727,322
727,135
727,680
727,228
727,440
727,34
727,902
727,882
727,502
727,717
727,559
727,371
726,381
726,140
726,451
726,1
726,471
726,964
726,896
726,585
726,725
726,402
726,28
726,412
726,144
725,182
725,261
725,823
725,708
725,643
725,580
725,425
725,122
725,370
725,784
725,224
725,883
725,892
725,850
725,795
725,742
725,826
725,405
725,425
725,316
725,811
725,528
725,899
725,115
725,311
725,717
725,949
725,260
725,877
725,88
725,695
725,983
725,406
725,877
725,438
725,178
725,280
725,515
725,66
725,32
725,851
725,447
725,343
725,148
725,498
725,653
725,676
725,211
725,532
725,697
725,290
725,999
725,3
725,727
725,828
725,437
725,226
725,313
725,91
725,513
725,937
725,473
725,19
725,815
725,618
725,958
725,720
725,299
725,313
725,267
725,685
725,916
725,925
725,938
725,583
725,562
725,139
725,588
725,763
725,530
725,966
725,111
725,72
725,972
725,18
725,531
725,576
725,906
725,358
725,219
725,348
725,271
725,360
725,931
725,980
725,659
725,623
725,790
725,831
724,144
724,737
724,660
724,695
724,106
724,206
724,445
724,803
724,479
724,586
724,947
724,597
724,53
724,944
724,273
724,141
724,696
724,977
724,450
724,668
724,591
724,346
724,516
724,85
724,393
724,493
724,997
724,246
724,618
724,56
724,457
724,813
724,241
724,243
724,276
724,49
724,649
724,167
724,485
724,427
724,603
724,903
724,90
724,205
724,985
724,94
724,492
724,69
724,287
724,882
724,630
724,218
724,821
724,976
724,972
724,121
724,538
724,442
724,972
724,792
724,524
724,289
724,917
724,175
724,381
724,37
724,97
724,907
724,893
724,683
724,43
724,766
724,348
724,836
724,42
724,584
724,197
724,272
724,971
724,493
724,916
724,248
724,977
724,299
724,2
724,392
724,693
723,49
723,450
723,332
723,24
723,577
723,454
723,653
723,481
723,701
723,550
723,383
723,710
723,999
723,105
723,113
723,247
723,998
723,430
723,641
723,231
723,580
723,89
723,350
723,32
723,441
723,1
723,754
723,475
723,316
723,29
723,925
723,782
723,224
723,701
723,137
723,862
723,841
723,666
723,112
723,461
723,517
723,592
723,395
723,778
723,922
723,389
723,576
723,529
723,996
723,309
723,675
723,481
723,842
723,120
723,512
723,856
723,462
723,821
723,115
723,422
723,38
723,256
723,69
723,502
723,531
723,689
723,645
723,694
723,458
723,407
723,866
723,569
723,777
723,497
723,367
722,392
722,809
722,910
722,132
722,162
722,199
722,145
722,134
722,122
722,148
722,711
722,272
722,340
722,330
722,797
722,218
722,473
722,553
722,988
722,333
722,980
722,857
722,534
722,784
722,761
722,773
722,482
722,621
722,605
722,538
722,36
722,613
722,935
722,12
722,550
722,867
722,452
722,431
722,350
722,115
722,403
722,823
722,206
722,502
722,325
722,251
722,850
722,190
722,653
722,186
722,30
722,738
722,913
722,636
722,237
722,120
722,925
722,840
722,929
722,62
722,576
722,322
722,421
722,227
722,454
722,756
722,224
722,900
722,882
722,138
722,176
722,324
722,531
722,485
722,223
722,881
722,983
722,438
721,925
721,697
721,278
721,412
721,596
721,339
721,305
721,562
721,9
721,995
721,802
721,82
721,105
721,932
721,756
721,681
721,75
721,949
721,599
721,975
721,462
721,143
721,241
721,854
721,517
721,935
721,801
721,677
721,921
721,842
721,726
721,156
721,538
721,532
721,869
721,903
721,251
721,374
721,736
721,386
721,501
721,557
721,109
720,92
720,825
720,848
720,157
720,610
720,193
720,804
720,272
720,940
720,220
720,898
720,128
720,147
720,746
720,279
720,617
720,146
720,388
720,771
720,900
720,109
720,253
720,346
720,231
720,335
720,902
720,756
720,127
720,602
720,513
720,756
720,956
720,70
720,800
720,173
720,597
720,709
720,13
720,999
720,126
720,154
720,26
720,790
720,589
720,52
720,360
720,884
720,790
720,656
720,24
720,748
720,524
720,77
720,939
720,868
720,216
720,167
720,548
720,378
720,874
720,237
720,581
720,196
720,360
720,631
720,274
720,547
720,1
720,250
720,674
720,708
720,236
720,216
720,579
720,51
720,752
720,729
720,764
720,491
720,713
720,533
720,247
720,401
720,527
720,799
720,495
720,790
720,149
720,576
720,877
720,745
720,88
720,147
720,739
720,868
720,385
720,558
720,822
720,123
719,568
719,392
719,344
719,951
719,442
719,605
719,619
719,490
719,556
719,884
719,614
719,572
719,702
719,818
719,854
719,348
719,603
719,819
719,592
719,769
719,280
719,53
719,997
719,536
719,963
719,55
719,870
719,939
719,991
719,159
719,166
719,850
719,461
719,350
719,708
719,777
719,93
719,794
719,483
719,291
719,671
719,716
719,273
719,968
719,732
719,527
719,860
719,40
719,893
719,180
719,994
719,447
719,660
719,210
719,943
719,128
719,111
719,979
719,140
719,917
719,21
719,562
719,826
719,327
719,890
719,370
719,662
719,521
719,192
719,721
719,389
719,588
719,304
719,257
719,701
719,903
718,356
718,397
718,552
718,603
718,237
718,555
718,529
718,310
718,237
718,712
718,655
718,840
718,578
718,152
718,974
718,975
718,810
718,371
718,206
718,11
718,560
718,632
718,446
718,238
718,426
718,93
718,603
718,988
718,729
718,237
718,516
718,809
718,848
718,304
718,117
718,330
718,380
718,76
717,426
717,126
717,568
717,468
717,985
717,116
717,736
717,0
717,637
717,193
717,430
717,892
717,451
717,578
717,203
717,942
717,760
717,612
717,345
717,536
717,318
717,838
717,746
717,885
717,254
717,691
717,228
717,760
717,349
717,470
717,366
716,661
716,186
716,239
716,577
716,963
716,555
716,977
716,461
716,432
716,482
716,326
716,976
716,590
716,44
716,828
716,479
716,37
716,601
716,734
716,225
716,318
716,658
716,576
716,939
716,86
716,627
716,487
716,932
716,322
716,465
716,434
716,715
716,257
716,650
716,328
716,175
716,481
716,51
716,291
716,865
716,461
716,71
716,242
716,426
716,558
715,906
715,970
715,230
715,92
715,314
715,929
715,607
715,572
715,284
715,592
715,361
715,764
715,625
715,273
715,336
715,218
715,845
715,963
715,454
715,145
715,264
715,732
715,471
715,551
715,282
715,91
715,162
715,287
715,190
715,350
715,425
715,223
715,342
715,701
715,11
715,356
715,83
715,999
715,563
715,798
715,23
715,643
715,59
715,511
715,339
715,885
715,609
715,827
715,5
715,171
715,26
714,575
714,487
714,433
714,848
714,812
714,114
714,12
714,155
714,86
714,110
714,750
714,716
714,613
714,115
714,141
714,630
714,839
714,931
714,748
714,958
714,61
714,214
714,235
714,468
714,800
714,829
714,243
714,690
714,415
714,181
714,338
714,231
714,443
713,634
712,714
712,127
712,762
712,616
712,229
712,217
712,47
712,620
712,937
712,631
712,545
712,512
712,261
712,618
712,574
712,171
712,794
712,831
712,553
712,795
712,526
712,495
712,624
712,258
712,19
712,140
712,880
712,287
712,689
712,550
712,478
712,566
712,747
711,638
711,784
711,450
711,387
711,929
711,47
711,21
711,482
711,157
711,251
711,185
711,881
711,686
711,464
711,769
711,29
711,795
711,146
711,551
711,246
711,172
711,852
711,778
711,320
711,442
711,417
711,812
711,589
711,659
711,636
711,590
711,430
711,849
711,981
711,589
711,924
711,270
711,962
711,627
711,559
711,798
711,946
711,830
711,247
710,441
710,69
710,935
710,863
710,128
710,652
710,101
710,982
710,174
710,985
710,87
710,748
710,727
710,732
710,487
710,28
710,935
710,392
710,357
710,740
710,785
710,207
710,437
710,340
710,321
710,244
710,15
710,242
710,613
710,316
710,634
710,776
710,700
710,577
710,182
710,464
710,207
710,425
710,641
710,232
710,639
710,959
710,638
710,142
710,276
710,771
710,156
710,352
710,696
710,863
710,161
710,414
710,347
710,23
710,561
710,701
710,254
710,453
710,875
710,117
710,671
710,3
710,38
710,823
710,114
710,614
710,49
710,78
710,258
710,99
710,237
710,983
710,12
710,841
710,310
710,607
710,726
710,512
710,801
710,355
710,994
710,35
710,960
710,172
710,349
709,25
709,739
709,44
709,225
709,560
709,992
709,68
709,353
709,14
709,216
709,135
709,45
709,242
709,740
709,769
709,611
709,80
709,994
709,368
709,888
709,262
709,968
709,109
709,502
709,670
709,137
709,265
709,237
709,398
709,240
709,70
709,10
709,907
709,694
709,866
709,748
709,453
709,879
709,408
709,470
709,282
709,114
709,448
709,186
709,291
709,619
709,770
709,51
709,65
709,826
709,135
709,338
709,748
709,613
709,368
709,16
709,728
709,53
709,212
709,740
709,641
709,687
709,522
709,517
709,349
709,142
709,145
709,94
709,15
709,766
709,430
709,175
709,659
709,767
709,565
709,950
709,936
709,381
709,430
709,664
709,49
709,464
709,536
709,716
709,993
709,243
709,444
709,452
709,148
709,309
708,52
708,77
708,118
708,955
708,381
708,990
708,896
708,649
708,402
708,431
708,400
708,43
708,553
708,207
708,533
708,21
708,246
708,619
708,667
708,958
708,494
708,153
708,772
708,728
708,648
708,309
708,215
708,347
708,872
708,101
708,156
708,490
708,879
708,798
708,737
708,973
708,307
708,232
708,982
708,465
708,938
708,579
708,551
708,724
708,770
708,799
708,719
708,510
708,777
708,338
708,484
708,599
708,337
708,83
708,579
708,997
708,393
708,195
708,502
708,454
708,80
708,360
708,235
708,983
708,990
708,100
707,117
707,205
707,677
707,542
707,608
706,533
706,710
706,728
706,744
706,229
706,541
706,781
706,547
705,720
705,280
705,386
705,959
705,863
705,836
705,43
705,115
705,649
705,857
705,187
705,289
705,283
705,778
705,370
705,487
705,222
705,829
705,154
705,800
705,81
705,669
705,748
705,477
705,440
705,294
705,232
705,901
705,289
705,288
705,714
705,114
705,425
705,638
705,554
705,635
705,690
705,502
705,590
705,283
705,304
705,779
705,563
705,455
705,12
705,96
705,566
705,183
705,11
705,443
705,90
705,883
705,5
705,170
705,503
705,815
704,564
704,182
704,98
704,74
704,414
704,753
704,434
704,323
704,169
704,243
704,329
704,306
704,870
704,503
704,566
704,603
704,894
704,4
704,129
704,990
704,764
704,113
704,859
704,791
704,729
704,658
704,922
704,340
704,325
704,952
704,268
704,236
704,15
704,782
704,414
704,968
704,307
704,737
704,410
704,110
704,204
704,371
704,559
704,66
704,112
704,915
704,132
704,699
704,654
704,698
704,291
704,263
704,397
704,448
704,295
704,903
704,249
704,483
704,319
704,386
704,743
704,138
704,854
704,925
704,430
704,136
704,675
704,824
704,640
704,95
704,198
704,869
704,16
704,713
704,191
704,862
704,21
704,446
704,348
704,33
704,263
704,398
704,694
704,143
704,410
704,523
704,718
704,553
703,507
703,175
703,383
703,65
703,598
703,732
703,605
703,521
703,336
703,910
703,475
703,252
703,767
703,183
703,574
703,716
703,706
703,976
703,424
703,807
703,641
703,303
703,745
703,858
703,939
703,171
703,24
703,925
703,145
703,639
703,684
703,484
703,231
703,690
703,805
703,467
703,955
703,438
703,121
703,445
703,910
703,38
703,826
703,621
703,393
703,472
703,523
703,272
703,751
703,597
703,126
703,939
703,781
703,406
703,536
703,907
703,339
703,349
703,175
703,604
703,380
702,225
702,642
702,881
702,160
702,473
702,245
702,536
702,900
702,517
702,769
702,733
702,987
702,181
702,265
702,737
702,976
702,914
702,215
702,639
702,17
702,208
702,890
702,613
702,558
702,64
702,397
702,538
702,315
702,565
702,970
702,554
702,861
702,281
702,65
702,167
702,251
702,198
702,157
702,687
702,411
702,741
702,832
702,409
702,860
702,343
702,130
702,898
702,975
702,283
702,326
702,737
702,73
702,169
702,192
702,347
702,669
702,77
702,209
702,922
702,576
702,130
702,412
702,886
702,320
702,647
702,468
702,896
702,21
702,162
702,573
702,252
702,670
702,730
702,147
702,821
702,933
702,808
702,849
702,236
702,964
702,784
702,146
702,440
702,654
702,979
702,890
702,367
702,759
702,845
702,520
702,167
702,622
702,240
702,138
702,165
702,599
702,983
702,494
702,185
701,562
701,432
701,612
701,934
701,731
701,507
701,160
701,155
701,27
701,230
701,878
701,634
701,979
701,644
701,239
701,440
701,812
701,872
701,76
701,551
701,616
701,227
701,771
701,4
701,748
701,39
701,557
701,815
701,499
701,666
701,195
701,535
701,892
701,995
701,979
701,30
701,701
701,111
701,646
701,493
701,171
701,736
701,735
701,832
701,317
701,305
701,892
701,741
701,433
701,183
701,261
701,314
701,906
701,273
701,249
701,185
701,122
701,873
701,450
701,832
701,514
701,152
701,856
701,489
701,311
701,682
701,952
701,503
701,218
701,755
701,736
701,878
701,953
701,442
701,664
701,849
701,430
701,530
701,143
701,323
701,709
701,458
700,758
700,446
700,300
700,833
700,712
700,497
700,955
700,106
700,859
700,506
700,923
700,544
700,983
700,562
700,872
700,741
700,143
700,142
700,82
700,977
700,480
700,675
700,557
700,286
700,381
700,985
700,11
700,583
700,833
700,229
699,440
699,486
699,359
699,968
699,419
699,653
699,629
699,422
699,791
699,282
699,456
699,467
699,480
699,757
699,772
699,545
699,471
699,433
699,935
699,724
699,400
699,671
699,505
699,823
699,15
699,227
699,377
699,900
699,654
699,68
699,819
699,672
699,387
699,935
699,181
699,455
699,566
699,920
699,827
699,818
699,993
699,681
699,587
699,978
699,710
699,4
699,61
699,343
699,215
699,156
699,518
699,658
699,450
699,822
699,2
699,868
699,115
699,425
699,764
699,100
699,95
699,448
699,381
699,732
699,42
699,265
699,813
699,595
699,431
699,649
699,238
699,15
699,125
699,615
699,828
699,392
699,121
699,741
699,957
699,743
699,100
699,260
699,780
699,48
698,480
698,254
698,663
698,929
698,616
698,151
698,127
698,658
698,189
698,109
698,109
698,737
698,676
698,977
698,132
698,153
697,524
697,970
697,528
697,742
697,857
697,923
697,733
697,321
697,496
697,5
697,604
697,530
697,348
697,450
697,141
697,722
697,707
697,716
697,533
697,137
697,477
697,124
697,727
697,801
697,328
697,7
697,349
697,137
697,243
697,688
697,243
697,415
697,795
697,761
697,878
697,36
697,830
697,689
697,843
697,878
697,710
697,925
697,637
697,265
697,14
697,948
697,94
697,630
697,699
697,857
697,4
697,62
697,25
697,62
697,209
697,787
697,623
697,43
696,512
696,652
695,354
695,500
695,754
695,725
695,84
695,567
695,346
695,357
695,664
695,29
695,305
695,188
695,948
695,606
695,767
695,208
695,204
695,619
695,587
695,146
695,830
695,486
695,738
695,659
695,585
695,544
695,12
695,555
695,18
695,323
695,875
695,174
695,628
695,516
695,779
695,644
695,663
695,697
695,217
695,557
695,26
695,449
695,390
695,725
695,724
695,990
695,483
695,350
695,520
695,824
695,267
695,189
695,420
695,626
695,702
695,130
695,619
695,719
695,750
695,329
695,584
695,963
695,852
695,665
695,53
695,384
695,329
695,562
695,644
695,70
695,586
695,650
695,800
695,114
695,423
695,382
695,259
695,981
695,636
695,211
695,653
695,789
695,628
695,776
695,252
695,970
695,314
695,298
695,541
695,605
694,647
694,770
694,282
694,592
694,869
694,194
694,941
694,95
694,372
694,131
694,741
694,449
694,879
694,37
694,122
694,525
694,700
694,447
694,197
694,274
694,815
694,545
694,215
694,500
694,930
694,490
694,65
694,370
694,47
694,350
694,148
694,152
694,527
694,448
694,403
694,644
694,776
694,258
694,667
694,129
694,60
694,383
694,291
694,156
694,39
694,784
694,551
694,117
694,938
694,305
694,773
694,65
694,605
694,591
694,498
694,349
693,478
693,866
693,165
693,740
693,489
693,110
693,548
693,482
693,144
693,612
693,311
693,901
693,345
693,504
693,625
693,769
693,790
693,855
693,204
693,840
693,313
693,420
693,470
693,490
693,433
693,156
693,390
693,142
693,559
693,499
693,220
693,117
693,13
693,482
693,319
693,501
693,326
693,478
693,778
693,640
692,520
692,200
692,531
692,15
692,147
692,370
692,630
692,530
692,857
692,485
692,462
692,664
692,446
692,252
692,453
692,562
692,9
692,27
692,90
692,719
692,803
692,717
692,778
692,523
692,99
692,14
692,242
692,448
692,457
692,434
692,959
692,365
692,577
692,196
692,985
692,667
692,309
692,309
692,100
692,211
692,781
692,472
692,175
692,660
692,384
692,864
691,924
691,773
691,770
691,50
691,852
691,184
691,254
691,782
691,81
691,90
691,628
691,260
690,172
690,415
690,7
690,158
690,374
690,540
690,182
690,304
690,776
690,218
690,133
690,773
690,245
690,35
690,410
690,115
690,52
690,869
690,80
690,441
690,885
690,995
690,744
689,584
689,5
689,196
689,765
689,652
689,402
689,494
689,737
689,130
689,349
689,447
689,303
689,345
689,674
689,442
689,149
689,892
689,968
689,529
689,922
689,760
689,228
689,107
689,157
689,380
689,459
689,224
689,87
689,83
689,768
689,789
689,668
689,289
689,182
689,765
689,146
689,256
689,38
689,850
689,946
689,986
689,845
689,691
689,707
689,769
689,167
688,832
688,446
688,941
688,275
688,433
688,952
688,640
688,703
688,373
688,480
688,403
688,806
688,309
688,615
688,919
688,430
688,634
688,848
688,756
688,754
688,112
688,602
688,445
688,72
688,924
688,534
688,935
688,226
688,310
688,335
688,71
688,577
688,796
688,826
688,322
688,392
688,889
688,303
688,667
688,403
688,228
688,466
688,934
688,419
688,495
688,496
688,938
688,248
688,127
688,7
688,624
688,621
688,880
688,740
688,822
688,765
688,95
688,516
688,453
688,391
688,279
688,948
688,220
688,313
688,578
688,772
688,324
688,474
688,525
688,538
688,236
688,641
688,534
688,54
687,586
687,106
687,130
687,112
687,153
687,418
687,578
687,139
687,675
687,747
687,576
687,187
687,488
687,871
687,816
687,68
687,673
687,73
687,518
687,249
687,922
687,131
687,767
687,162
687,844
687,160
687,931
687,547
687,253
687,536
687,435
687,121
687,914
687,99
687,425
687,615
687,166
687,663
687,348
687,696
687,266
687,166
687,756
687,326
687,629
687,49
687,835
687,344
687,779
687,796
687,180
687,349
687,94
687,445
687,780
687,307
687,62
687,919
687,294
687,509
687,799
687,769
687,488
687,504
687,315
687,444
687,375
687,693
687,115
687,93
687,944
687,679
687,362
687,377
687,739
687,489
687,805
687,93
687,25
687,933
687,117
687,430
687,308
687,860
687,602
687,931
687,294
687,115
687,256
687,922
687,366
687,623
687,110
687,437
687,324
687,703
687,798
687,908
686,295
686,810
686,847
686,50
686,623
685,428
685,74
685,886
685,331
685,636
685,491
685,654
685,217
685,971
685,77
685,953
685,691
685,516
685,610
685,831
685,322
685,533
685,300
685,52
685,110
685,850
685,243
685,923
685,521
685,305
685,981
685,697
685,863
685,19
685,605
685,445
685,377
685,213
685,855
685,166
685,978
685,141
685,712
685,706
685,32
685,900
684,579
684,707
684,712
684,373
684,672
684,618
684,376
684,975
684,977
684,983
684,867
684,184
684,825
684,145
684,283
684,831
684,60
684,378
684,276
684,572
684,922
684,821
684,14
684,414
684,945
684,235
684,150
684,1
684,953
684,29
684,941
684,118
684,923
684,485
684,904
684,157
684,419
684,893
684,426
684,986
684,42
684,41
684,592
684,343
684,911
684,825
684,79
684,935
684,916
683,504
683,773
683,871
683,412
683,281
683,595
683,451
683,994
683,229
683,531
683,205
683,690
683,446
683,621
683,404
683,733
683,341
683,96
683,896
683,195
683,409
683,507
683,376
683,703
683,592
683,867
682,684
682,781
682,898
682,313
682,571
682,821
682,734
682,555
681,990
681,609
681,419
681,894
681,491
681,464
681,619
681,43
681,91
681,674
681,140
681,73
681,357
681,124
681,459
681,608
681,386
681,93
681,934
681,252
681,410
681,80
681,455
681,489
681,602
681,585
681,587
681,963
681,583
681,117
681,35
681,379
681,385
681,815
681,220
681,795
681,595
681,948
681,411
681,758
680,360
680,819
680,21
680,889
680,110
680,926
680,610
680,728
680,453
680,550
680,221
680,299
680,862
680,329
680,967
680,139
680,26
680,612
680,364
680,119
680,294
680,758
680,848
680,769
680,293
680,579
680,49
680,618
680,343
680,931
680,821
680,617
680,537
680,780
680,114
680,349
680,850
680,967
680,204
680,736
680,72
680,219
680,688
680,506
680,541
680,528
680,87
680,498
680,478
680,631
680,973
680,49
680,712
680,869
680,272
679,848
679,44
679,943
679,703
679,99
679,890
679,214
679,841
679,841
679,447
678,562
678,829
678,152
678,288
678,892
678,685
678,370
678,838
678,150
678,274
678,494
678,336
678,827
678,316
678,440
677,727
677,614
677,840
677,124
677,610
677,329
677,542
677,514
677,432
677,913
677,412
677,403
677,497
677,525
677,880
677,68
677,172
677,650
677,835
677,973
677,712
677,9
677,245
677,138
677,962
677,375
677,690
677,564
677,966
677,948
677,677
677,576
677,537
677,925
677,648
677,230
677,774
677,334
677,762
677,305
677,717
677,937
677,994
677,208
677,349
677,193
677,56
677,774
677,626
677,760
677,813
677,679
677,390
677,729
677,716
677,444
677,637
677,193
677,805
677,830
677,952
677,861
677,474
677,187
677,94
677,205
676,825
676,117
676,373
676,169
676,476
676,825
676,864
676,785
676,9
676,561
676,412
676,936
676,723
676,621
676,329
676,651
676,282
676,492
676,150
676,200
676,104
676,53
676,706
676,143
676,410
676,174
676,541
676,907
676,442
676,187
676,273
676,753
676,302
676,992
676,167
676,188
676,135
676,709
676,250
676,529
676,264
676,414
676,940
676,240
676,893
676,650
676,354
676,748
676,914
676,495
676,61
676,133
676,29
676,567
676,641
676,103
676,932
676,158
676,78
676,776
676,232
676,93
676,130
676,763
676,152
676,487
676,298
676,450
675,203
675,792
675,173
675,383
675,876
675,174
675,47
675,751
675,633
675,628
675,870
675,265
675,363
675,613
675,80
675,776
675,408
675,616
675,250
675,59
675,385
675,716
675,153
675,323
675,541
675,686
675,204
675,713
675,307
675,466
675,923
675,817
675,569
675,952
675,728
675,605
675,310
675,309
675,399
675,606
675,734
675,530
675,436
675,717
675,619
675,14
675,136
675,466
675,516
675,333
675,502
675,730
675,569
675,94
675,912
675,782
675,377
675,938
675,225
675,424
675,278
675,97
675,314
675,766
675,109
675,807
675,28
675,863
675,749
675,53
675,508
675,393
675,867
675,484
675,182
675,832
675,169
675,920
675,611
675,808
675,262
675,657
675,225
675,876
675,376
675,61
675,459
675,571
675,231
675,568
674,891
674,205
674,44
674,549
674,534
674,576
674,546
674,581
674,511
674,104
674,495
674,28
674,531
674,661
674,624
674,811
674,517
674,958
674,16
674,795
674,808
674,979
673,810
673,537
673,866
673,219
673,488
673,254
673,575
673,550
673,665
673,875
673,205
673,302
673,95
673,561
673,843
673,755
673,333
673,318
673,551
673,642
673,643
673,28
673,473
673,774
673,453
673,269
673,562
673,864
673,563
673,427
673,725
673,850
673,92
673,41
672,533
672,103
671,926
671,136
671,700
671,487
671,159
671,452
671,811
671,974
671,955
671,907
671,733
671,541
671,913
671,105
671,452
671,514
671,396
671,646
671,909
671,371
671,430
671,974
671,263
671,493
671,563
671,598
671,104
671,107
671,774
671,582
671,66
671,695
671,784
671,920
671,770
671,535
671,607
671,938
671,394
671,245
671,773
671,94
671,9
671,767
671,818
671,118
671,237
671,842
671,940
671,944
671,986
671,705
671,252
671,418
671,892
671,936
671,194
671,307
671,704
671,979
671,427
671,104
671,769
671,73
671,659
671,108
671,198
671,884
671,714
671,481
671,598
671,672
671,332
671,898
671,583
671,327
671,328
671,771
671,689
671,512
671,850
671,208
671,786
671,256
671,283
671,212
671,970
671,877
671,52
671,963
671,485
671,531
671,339
671,338
671,496
671,837
671,498
670,284
670,667
670,87
670,992
670,495
670,212
670,446
670,508
670,611
670,250
670,736
670,380
670,259
670,716
670,119
670,161
670,486
670,999
670,315
670,62
670,540
670,115
670,849
670,729
670,186
670,538
670,475
670,66
670,314
670,892
670,659
670,352
670,729
670,987
670,524
670,495
670,893
670,939
670,324
670,5
670,566
670,562
670,404
670,829
670,667
670,387
670,192
670,98
670,814
670,369
670,457
670,958
670,803
670,677
670,1
670,429
670,865
670,474
670,972
670,536
670,151
669,87
669,14
669,793
669,591
669,584
669,667
669,163
669,893
669,279
669,715
669,107
669,901
669,770
669,180
669,273
669,228
669,167
669,967
669,97
669,671
669,540
669,907
669,635
669,887
669,188
669,747
668,127
668,198
668,891
668,613
668,958
668,563
668,466
668,427
668,941
668,817
668,351
668,985
668,560
668,485
668,718
668,805
668,432
668,216
668,451
668,894
668,490
668,555
668,698
668,542
668,456
668,592
668,661
668,646
668,253
668,580
668,670
668,508
668,343
668,369
668,694
668,377
668,700
668,193
668,370
668,808
668,391
668,329
668,894
668,807
668,237
668,904
668,284
668,528
668,532
668,260
668,419
668,827
668,506
668,488
668,233
668,463
668,622
668,355
668,929
668,332
668,206
668,178
668,866
668,707
668,389
668,927
668,983
668,50
668,76
668,704
667,988
667,292
667,481
667,645
667,605
667,966
667,669
667,981
667,637
667,488
667,142
667,182
667,34
667,940
667,687
667,672
667,731
667,140
667,223
667,575
667,463
667,75
667,507
667,236
667,177
667,369
667,416
667,833
667,334
667,809
667,481
667,219
667,827
667,597
667,251
667,353
667,234
667,938
667,997
667,513
667,19
667,395
667,644
667,777
667,795
667,847
667,705
667,867
667,0
667,336
667,584
667,273
667,742
667,724
667,763
667,50
667,256
667,279
667,557
667,337
667,625
667,200
667,9
667,347
667,841
667,370
667,178
667,934
667,287
667,391
667,458
667,237
666,484
666,780
666,0
666,195
666,100
666,958
666,117
666,506
666,761
666,193
666,936
666,327
665,37
665,99
665,465
665,187
665,90
665,565
665,562
665,319
665,269
665,542
665,83
665,276
665,302
665,12
665,945
665,300
665,617
665,509
665,188
665,970
665,813
665,246
665,301
665,532
665,318
665,603
665,407
665,162
665,162
665,977
665,574
665,486
665,348
665,64
665,444
665,826
665,236
665,435
665,423
665,847
665,355
665,267
665,534
665,444
665,312
665,269
665,254
665,380
665,41
665,485
665,247
665,392
665,961
665,231
665,486
665,537
665,928
665,529
665,725
665,364
665,706
664,559
664,747
664,952
664,226
664,289
664,211
664,402
664,141
664,488
664,53
664,401
664,446
664,181
664,486
664,129
664,202
664,651
664,887
664,784
664,687
664,789
664,403
664,830
664,607
664,818
664,874
664,585
664,677
664,429
664,854
664,851
664,640
664,262
664,258
664,627
664,426
664,119
664,48
664,321
664,841
664,177
664,599
664,599
664,101
664,539
664,92
664,190
664,251
664,357
664,933
664,999
664,809
664,751
664,706
664,855
664,947
664,994
664,576
664,868
664,963
664,192
664,537
664,27
664,100
664,176
664,321
664,760
664,519
664,865
664,668
664,676
664,749
664,422
664,616
663,543
663,246
663,329
663,431
663,420
663,414
663,649
663,422
663,672
663,514
663,953
663,523
663,750
663,822
663,243
663,344
663,216
663,955
663,183
663,937
663,753
663,667
663,77
663,171
663,383
663,107
663,175
663,452
663,274
663,453
663,262
663,76
663,356
663,43
662,915
662,199
662,549
662,725
662,309
662,999
662,402
662,35
662,858
662,169
662,64
662,642
662,863
662,868
662,161
662,454
662,361
662,589
662,673
662,319
662,280
662,742
662,226
662,212
662,144
662,398
662,910
662,724
662,524
662,660
662,272
662,500
662,109
662,348
662,766
662,398
662,677
662,917
662,777
662,60
662,108
662,484
662,22
662,726
662,134
662,495
662,857
662,582
662,144
662,969
662,312
662,629
662,612
662,581
662,292
662,545
662,21
662,495
662,826
662,253
662,474
662,570
662,835
662,201
662,831
662,712
662,324
662,133
662,847
662,423
662,643
662,300
662,656
661,976
661,717
661,976
661,33
661,55
661,563
661,301
661,630
661,759
661,134
661,860
661,576
661,926
661,693
661,685
661,235
661,200
661,708
661,634
660,23
660,446
660,248
660,940
660,616
660,441
660,346
660,556
660,381
660,837
660,429
660,660
660,49
660,326
660,307
660,197
660,141
660,387
660,96
660,53
660,284
660,817
660,511
660,152
660,823
660,444
660,318
660,315
660,557
660,795
660,485
660,826
660,642
660,557
660,225
660,361
660,892
659,598
659,738
659,566
659,607
659,770
659,498
659,562
659,568
659,651
659,563
659,663
659,811
659,827
659,184
659,387
659,967
659,521
659,138
659,990
659,257
659,404
659,210
659,638
659,301
658,428
658,852
658,987
658,756
658,169
658,843
658,416
658,807
658,7
658,755
658,53
658,809
658,281
658,190
658,981
658,822
658,297
658,288
658,878
658,521
658,639
658,237
658,425
658,583
658,313
658,305
658,108
658,719
658,800
658,823
658,88
658,782
658,980
657,798
657,782
657,684
657,94
657,144
657,639
657,638
657,384
657,635
657,755
657,688
657,427
657,895
657,132
657,196
657,658
657,547
657,914
657,385
657,955
656,615
656,739
656,80
656,549
656,696
656,461
656,161
656,843
656,832
656,910
656,43
656,920
656,91
655,950
655,648
655,712
655,670
655,507
655,742
655,585
655,357
655,504
655,979
655,15
655,84
655,847
655,377
655,782
655,767
655,242
655,915
655,626
655,178
655,24
655,0
655,87
655,936
655,761
655,52
655,154
655,731
655,682
655,360
655,867
655,804
655,455
655,447
655,203
655,571
655,996
655,29
655,442
655,341
655,912
655,107
655,70
655,660
655,754
655,920
655,291
655,497
655,80
655,426
655,664
655,815
655,27
655,5
655,479
655,409
655,199
655,992
655,639
655,236
655,537
655,406
655,911
655,740
655,943
655,15
655,501
655,431
655,938
655,946
655,875
655,984
655,494
655,653
655,535
655,953
655,49
655,52
655,618
655,722
655,401
655,490
655,136
655,533
654,277
654,24
654,791
654,34
654,757
654,557
654,863
654,510
654,324
654,319
654,737
654,966
654,750
654,159
654,666
654,568
654,764
654,980
654,992
654,70
654,899
654,336
654,946
654,750
654,632
654,254
654,382
654,63
654,248
654,88
654,646
654,30
654,897
654,737
654,383
654,696
654,6
654,536
654,160
654,583
654,106
654,898
654,970
654,305
654,833
654,98
654,66
654,991
654,670
654,571
654,290
654,942
654,861
654,458
654,61
654,76
654,921
653,94
653,887
653,828
653,876
653,897
653,643
653,232
653,944
653,191
653,968
653,348
653,526
653,750
653,357
653,336
653,649
653,182
653,257
653,469
653,7
653,776
653,950
653,537
653,729
653,930
653,841
653,315
653,739
653,280
653,665
653,61
653,321
653,902
653,465
653,740
653,474
653,998
653,636
653,816
653,203
653,454
653,386
653,523
653,867
653,533
653,365
653,588
653,722
653,940
653,830
653,215
653,680
653,709
653,727
653,970
653,962
653,813
653,392
653,826
653,478
653,207
653,830
653,363
653,359
653,182
653,956
653,728
653,960
653,307
653,97
653,213
653,430
653,48
653,688
653,245
653,618
653,679
653,291
653,349
653,358
653,492
653,469
653,665
653,293
653,780
652,97
652,802
652,486
652,863
652,507
652,710
652,92
652,172
652,243
652,333
652,173
652,104
652,597
652,953
652,724
652,594
652,191
652,343
652,4
652,603
652,280
652,780
652,925
652,988
652,662
652,969
652,101
652,402
652,34
652,527
652,858
652,11
652,17
652,668
652,45
652,403
652,336
652,658
652,884
652,499
652,504
652,472
652,5
652,186
652,81
652,58
652,814
652,125
652,411
652,592
651,637
651,414
651,142
651,247
651,399
651,324
651,734
651,738
651,368
651,139
651,81
651,367
651,245
651,585
651,229
651,417
651,205
651,421
651,977
651,164
651,285
651,50
651,171
651,510
651,408
651,886
651,698
651,487
651,641
651,499
651,611
651,358
651,183
651,700
651,881
651,511
651,432
651,427
650,935
650,695
650,126
650,771
650,133
650,791
650,304
650,173
650,999
650,937
650,938
650,691
650,814
650,693
650,612
650,74
650,372
650,708
650,215
650,848
650,758
650,189
650,653
650,684
650,303
650,3
650,474
650,674
650,368
650,371
650,618
650,684
650,770
650,77
650,214
650,780
650,521
650,592
650,643
650,192
650,313
650,524
650,930
650,316
650,640
650,21
650,924
650,503
650,193
650,410
650,448
650,725
650,534
650,115
650,418
650,481
650,345
650,839
650,267
650,237
650,725
650,598
650,903
650,417
650,155
650,953
650,455
650,486
650,454
650,488
650,921
650,259
650,904
650,429
650,590
650,978
650,571
650,839
650,575
650,658
650,275
649,316
649,671
649,323
649,387
649,772
649,237
649,660
649,829
649,450
649,395
649,524
649,933
649,776
649,982
649,939
649,168
649,311
649,652
649,639
649,986
649,346
648,84
648,208
648,655
648,866
648,194
648,101
648,204
648,58
648,663
648,524
648,419
648,999
648,493
648,62
648,460
648,419
648,554
648,827
648,757
648,475
648,675
648,825
648,980
648,562
648,810
648,175
648,348
648,364
648,585
648,172
648,924
648,299
648,314
648,477
648,172
648,86
648,604
648,684
648,999
648,563
648,924
648,675
648,262
648,106
648,614
648,297
648,934
648,491
648,44
648,242
648,691
648,36
648,384
648,64
648,111
648,697
648,783
648,900
648,303
648,58
648,734
648,109
648,799
648,403
648,434
648,225
648,211
648,917
648,121
648,990
648,349
648,218
648,480
648,848
648,143
648,356
648,271
648,518
648,798
648,187
648,505
648,175
648,20
648,221
648,360
647,22
647,915
646,919
646,735
646,853
646,554
646,301
646,208
646,572
646,728
646,222
646,183
646,972
646,562
646,580
646,628
646,409
646,535
646,525
646,260
646,987
646,816
646,694
646,431
646,426
646,819
646,434
646,884
646,831
646,565
646,841
646,408
646,684
646,167
646,71
646,121
646,167
645,662
645,349
645,273
645,467
645,775
645,641
645,559
645,598
645,649
645,776
645,339
645,319
645,748
645,921
645,819
645,469
645,282
645,383
645,651
645,489
645,14
645,29
645,562
645,633
645,246
645,44
645,122
645,82
645,478
645,231
645,481
645,20
645,34
645,802
645,374
645,158
645,559
645,445
645,115
645,762
645,469
645,996
645,901
645,583
645,960
645,225
645,44
645,264
645,836
645,425
645,533
645,18
645,765
645,747
645,609
644,526
644,164
644,209
644,485
644,535
643,99
643,569
643,425
643,188
643,916
643,597
643,840
643,946
643,249
643,401
642,486
642,445
642,301
642,819
642,116
642,30
642,307
642,377
642,166
642,260
642,801
642,636
642,383
642,623
642,28
642,958
642,984
642,41
642,567
642,451
642,657
642,685
642,773
642,993
642,458
642,0
642,545
642,338
642,834
642,109
642,3
642,511
642,147
642,91
642,882
642,362
642,530
642,680
642,219
642,954
642,761
642,388
642,268
642,657
642,21
642,435
642,478
642,118
642,614
641,585
641,640
641,975
641,103
641,198
641,542
641,787
641,274
641,486
641,321
641,725
641,158
641,616
641,674
641,785
641,104
641,640
641,981
641,413
641,178
641,512
641,157
641,867
641,128
641,957
641,637
641,102
641,462
641,248
641,483
641,948
641,86
641,788
641,432
641,797
641,892
641,398
641,818
641,231
641,724
641,279
641,419
641,204
641,171
641,617
641,693
641,157
641,258
641,689
641,326
641,56
640,292
640,385
640,939
640,69
640,759
640,190
640,83
640,741
640,859
640,870
640,507
640,770
640,153
640,705
640,961
640,888
640,525
640,588
640,311
640,633
640,139
640,147
640,723
640,768
640,254
640,817
640,171
640,656
640,161
640,745
640,467
640,281
640,451
640,962
640,902
639,770
639,25
639,76
639,954
639,948
639,634
639,52
639,534
639,331
639,375
639,865
639,567
639,21
639,442
639,417
639,102
639,951
639,698
639,856
639,418
639,264
639,62
639,904
639,934
639,96
639,717
639,291
639,158
639,127
639,359
639,638
639,969
639,381
639,365
639,404
639,720
639,271
639,869
639,88
639,179
639,477
639,491
639,464
639,266
639,68
639,148
639,472
639,727
639,557
639,612
639,117
639,510
639,413
639,811
639,179
639,405
639,842
639,106
639,889
639,642
639,325
639,493
639,712
639,150
639,226
639,228
639,557
639,224
639,43
639,122
639,707
639,30
639,42
639,940
639,630
639,417
639,303
639,739
639,49
639,289
639,356
639,552
639,905
639,1
639,381
639,47
639,532
639,902
639,715
639,763
638,174
638,181
638,723
638,243
638,929
638,656
638,296
638,514
638,573
638,399
638,848
638,756
638,880
638,181
638,907
638,133
638,191
638,468
638,463
638,61
638,653
638,27
638,150
638,126
638,762
638,342
638,711
638,42
638,663
638,472
638,865
638,854
638,230
638,900
638,867
638,37
638,612
638,673
638,630
638,116
638,941
638,552
638,36
638,533
638,860
638,40
638,60
638,986
638,133
638,465
638,203
638,773
638,983
638,943
638,355
638,629
638,797
638,513
638,180
638,665
638,55
638,164
638,727
637,140
637,44
637,227
637,744
637,312
637,75
637,771
637,685
637,569
637,157
637,410
637,648
637,449
637,961
637,582
637,511
637,472
637,952
637,847
637,74
637,786
637,628
637,214
637,681
637,841
637,71
637,321
637,965
637,393
637,133
637,623
637,687
637,756
637,52
637,191
637,942
637,979
637,939
637,92
637,936
637,621
637,210
637,587
637,198
637,178
637,531
637,246
637,329
637,947
637,827
637,353
637,276
637,482
637,332
637,573
637,457
637,860
637,835
637,976
637,302
637,781
637,560
637,372
637,309
636,608
636,402
636,669
635,379
635,923
635,667
635,220
635,729
635,192
635,294
635,187
635,395
635,277
635,774
635,47
635,153
635,915
635,306
634,2
634,875
634,365
634,985
634,59
634,614
633,971
633,302
633,904
633,296
633,418
633,648
633,888
633,51
633,797
633,99
633,701
633,215
633,92
633,292
633,175
633,853
633,407
633,363
633,926
633,549
633,25
633,812
633,260
633,404
633,252
633,379
633,92
633,793
633,836
633,207
633,898
633,839
633,304
633,450
633,223
633,666
633,959
633,895
632,900
632,425
632,492
632,525
632,172
632,910
632,738
632,32
632,243
632,688
632,312
632,481
632,784
632,130
632,710
632,404
632,935
632,550
632,642
632,434
632,393
632,90
632,112
632,574
632,233
632,121
632,611
632,167
632,659
632,115
632,227
632,972
632,513
632,152
632,987
632,320
632,10
632,547
632,707
632,281
632,155
632,182
632,89
632,761
632,267
632,208
632,342
632,703
632,520
632,994
632,20
632,312
632,832
632,477
632,443
632,735
632,613
632,539
631,954
631,378
631,68
631,221
631,795
631,912
631,38
631,7
631,282
631,177
631,603
631,954
631,49
631,604
631,975
631,466
631,158
631,51
631,83
631,480
631,569
631,411
631,375
631,509
631,382
631,72
631,388
631,411
631,551
631,705
631,913
631,841
631,437
631,226
631,726
631,628
631,64
631,732
631,992
631,547
631,34
631,867
631,847
631,49
631,472
631,860
631,886
631,646
631,144
631,456
631,721
631,441
631,162
631,66
631,776
631,587
631,104
631,560
631,568
631,199
631,217
631,311
631,724
631,619
631,166
631,176
631,753
631,249
631,727
631,98
631,636
631,996
631,641
631,112
631,855
630,533
630,868
630,664
630,380
630,301
630,253
630,324
630,956
630,420
630,425
630,826
630,794
630,929
630,368
630,459
630,54
630,912
630,231
630,75
630,874
630,877
630,263
630,861
630,907
630,160
630,312
630,60
630,640
630,408
630,484
630,815
630,350
630,378
630,460
630,348
630,614
630,186
630,626
630,863
630,387
630,842
630,968
630,412
630,985
629,939
629,272
629,985
629,786
629,822
629,518
629,187
629,333
629,768
629,800
629,255
629,190
629,363
629,312
629,251
629,629
629,766
629,437
629,241
629,549
629,982
629,507
629,104
629,295
629,772
629,450
629,503
629,393
629,588
629,92
629,37
629,451
629,82
629,147
629,733
629,193
629,885
629,944
629,137
629,463
629,972
629,449
629,554
629,359
629,51
629,276
629,16
629,102
629,902
629,976
629,976
629,554
629,97
629,6
629,666
629,472
629,186
629,346
629,473
629,913
629,707
629,442
629,817
629,158
629,139
629,20
629,933
629,999
629,826
629,657
629,251
629,998
629,87
629,730
629,369
629,895
629,519
629,960
629,766
629,909
629,972
628,13
628,30
628,712
628,314
628,519
628,578
628,431
628,731
628,663
628,728
628,499
628,311
628,158
628,284
628,324
628,676
628,423
628,604
628,168
628,511
628,892
628,50
628,826
628,731
628,810
628,946
628,55
628,153
628,66
628,729
628,275
628,201
627,684
627,433
627,170
627,155
627,161
627,349
627,915
626,176
626,229
626,179
626,713
626,974
626,758
626,480
626,255
626,720
626,240
625,181
625,794
625,496
624,91
624,682
624,216
624,879
624,723
624,718
624,631
624,580
624,241
624,950
624,302
624,451
624,854
624,336
624,78
624,369
624,579
624,687
624,337
624,726
624,805
624,590
624,169
624,87
624,632
624,624
624,353
624,499
624,644
624,771
624,938
624,418
624,376
624,356
624,860
624,695
624,396
624,487
624,204
624,454
624,221
624,456
624,25
624,537
624,278
624,5
624,371
624,819
624,136
624,381
624,726
624,828
624,372
624,650
624,23
624,597
624,507
624,311
624,881
624,427
624,278
624,812
624,492
624,264
624,81
624,367
624,923
624,851
624,601
624,177
624,622
624,382
624,443
624,596
624,779
624,352
624,513
624,462
624,641
624,101
624,101
624,617
624,179
624,378
624,553
624,624
624,562
624,921
624,874
624,125
624,608
624,635
624,214
624,887
624,80
624,403
624,321
624,524
623,261
623,413
623,596
623,935
623,630
623,891
623,231
623,336
623,436
623,20
623,313
623,251
623,970
623,183
623,276
623,459
623,140
623,625
623,725
623,145
623,61
623,833
623,79
623,976
623,997
623,412
622,226
622,732
622,419
622,266
622,894
622,199
622,47
622,589
622,633
622,568
622,117
622,770
622,199
622,761
622,983
622,695
622,665
622,285
622,222
622,607
622,219
622,225
622,405
622,321
622,257
622,377
622,139
622,495
622,587
622,874
622,152
622,321
622,237
622,957
622,144
622,782
622,453
622,979
622,525
622,785
622,421
622,619
622,795
622,813
622,73
622,305
622,165
622,61
622,784
622,433
622,458
622,921
622,636
622,664
622,101
622,389
622,58
622,128
622,842
622,429
622,551
622,946
622,908
622,470
622,278
622,313
622,448
622,482
622,645
622,897
622,963
622,334
622,382
622,856
622,306
622,301
622,867
622,714
622,860
622,596
622,623
622,829
622,947
622,272
621,996
621,477
621,82
621,219
621,608
621,371
621,82
621,656
621,0
621,907
621,287
621,192
621,682
621,263
621,468
621,242
621,514
621,637
621,237
621,51
621,695
621,154
621,807
621,238
621,360
621,925
621,466
621,169
621,537
621,940
621,770
621,334
621,426
621,898
621,98
621,915
621,502
621,811
621,777
621,844
621,106
621,129
621,410
621,192
621,153
621,381
621,708
621,849
621,40
621,518
621,263
621,441
621,556
621,433
621,586
621,651
621,743
621,337
621,919
621,30
621,41
621,829
621,136
621,338
621,217
621,925
621,121
621,801
621,195
621,792
621,640
621,941
621,329
621,712
621,29
621,270
621,547
621,598
621,130
621,275
621,539
621,666
621,405
621,447
621,306
621,8
621,190
621,349
621,743
621,849
621,74
621,552
621,909
621,145
621,633
621,79
621,567
620,729
620,695
620,321
620,337
620,908
620,555
620,733
620,288
620,851
620,405
620,268
620,749
620,320
620,401
620,517
620,649
620,126
620,100
620,394
620,578
620,72
620,95
620,23
620,194
620,253
620,642
620,490
620,217
620,813
620,413
620,935
620,573
620,318
620,80
620,852
620,151
620,489
620,293
619,405
619,755
619,58
619,504
619,267
619,804
619,138
619,440
619,710
619,635
619,500
619,746
619,822
619,697
619,421
619,967
619,648
619,608
619,913
619,44
619,936
619,121
619,60
619,346
619,992
619,308
619,134
619,405
619,889
619,496
619,713
619,99
619,138
619,743
619,935
619,489
619,563
619,178
619,478
619,598
619,212
619,909
619,648
619,426
619,972
619,218
619,25
619,857
619,756
619,54
619,472
619,51
619,218
619,909
619,295
619,370
619,570
619,975
619,801
619,773
619,882
619,921
618,616
618,212
618,889
618,215
618,959
618,53
618,120
618,835
618,423
617,593
617,57
617,125
617,621
617,866
617,233
617,584
617,165
617,735
617,307
617,323
617,817
617,408
617,457
617,733
617,262
617,59
617,419
617,781
617,273
617,926
617,210
617,593
617,920
617,683
617,788
617,591
617,612
617,978
617,261
617,85
617,767
617,497
617,437
617,479
617,721
617,642
617,380
617,169
617,950
617,281
617,275
617,205
617,220
617,721
617,725
617,837
617,400
617,697
617,967
617,81
617,227
617,303
617,730
617,589
617,405
617,390
617,6
617,314
617,404
617,962
617,195
617,881
617,832
617,930
617,868
617,421
617,943
617,393
617,188
617,654
617,957
617,60
617,782
617,120
617,620
617,825
617,736
617,28
617,671
617,605
617,318
617,239
617,480
617,626
617,994
617,849
617,272
617,413
617,95
617,856
617,75
617,884
617,172
617,309
617,790
617,645
617,437
616,435
616,547
616,696
616,193
616,910
616,135
616,524
616,286
616,500
616,287
616,509
616,16
616,197
616,491
616,425
616,389
616,792
616,800
616,651
616,52
616,892
616,165
616,359
616,497
616,860
616,930
616,157
616,885
616,199
616,60
616,479
616,419
616,428
616,70
616,642
616,524
616,764
616,915
616,884
616,992
616,869
616,104
616,339
616,840
616,951
616,16
616,613
615,347
615,782
615,648
615,254
615,659
615,756
615,343
615,999
615,886
615,772
615,664
615,396
615,841
615,77
615,147
615,747
615,37
615,343
615,141
615,146
615,575
615,492
615,205
615,369
615,314
615,910
615,938
615,15
615,385
615,438
615,205
614,229
614,184
614,265
614,721
614,104
614,102
614,852
614,781
614,559
614,282
614,825
614,707
614,273
614,800
614,782
614,971
614,359
614,169
614,410
614,568
614,851
614,3
614,658
614,46
614,32
614,369
614,440
614,786
614,450
614,312
614,991
614,68
614,324
614,774
614,499
614,454
614,129
614,589
614,514
614,437
614,848
614,591
614,14
614,114
614,263
614,459
614,594
614,419
614,631
614,131
614,896
614,173
614,692
614,147
614,743
614,757
614,722
614,368
614,266
614,237
614,45
614,225
614,599
614,24
614,982
614,589
614,479
614,511
614,523
614,133
614,309
614,882
614,546
614,120
614,843
614,929
614,390
614,408
614,64
614,517
614,431
614,866
613,806
613,677
613,633
613,380
612,613
612,401
612,46
612,737
612,284
612,178
612,962
612,41
612,456
612,402
612,396
612,209
612,493
612,693
612,284
612,360
612,249
612,274
612,591
612,828
612,384
612,630
612,940
612,644
612,461
612,430
612,749
612,203
612,667
612,747
612,955
612,903
612,693
612,664
612,11
612,794
612,99
612,959
612,655
612,204
612,718
612,710
612,274
612,371
612,508
612,616
612,15
612,942
612,980
612,849
612,968
612,860
612,910
612,161
612,309
612,95
612,651
612,309
612,9
612,108
612,288
612,751
612,104
612,341
612,615
612,650
612,225
612,393
612,540
612,130
612,890
612,653
612,250
612,234
612,779
612,846
612,109
612,985
612,0
612,984
612,747
612,455
612,18
612,691
612,897
612,703
611,764
611,75
611,489
611,836
611,286
611,762
611,408
611,372
611,774
611,182
611,311
611,626
611,480
611,983
611,83
611,357
611,166
611,550
611,826
611,836
611,204
611,465
611,702
611,648
611,545
611,201
611,551
611,36
611,978
611,512
611,632
611,528
611,619
611,327
611,818
611,439
611,305
611,434
611,743
611,210
611,388
611,153
611,778
611,96
611,45
611,341
611,354
611,436
611,270
611,286
611,74
611,327
611,80
611,27
611,876
611,52
611,416
611,423
611,631
611,440
611,535
611,242
611,829
611,838
611,140
611,627
611,388
611,914
611,590
611,788
611,869
611,184
611,803
611,326
611,236
611,29
611,123
611,138
611,218
611,386
610,183
610,727
610,485
610,12
610,538
610,670
610,669
610,633
610,559
610,215
610,719
610,301
610,775
610,757
610,568
610,916
610,235
610,248
610,771
610,479
610,375
610,314
610,768
610,420
610,764
610,263
610,637
610,283
610,530
610,219
610,942
610,802
610,338
610,239
610,370
610,512
610,605
610,374
610,477
610,796
610,143
610,939
610,194
610,49
610,839
610,774
610,196
610,624
610,621
610,665
610,942
609,6
609,518
609,648
609,672
609,558
609,294
609,366
609,235
609,162
609,501
609,896
609,688
609,867
609,916
609,973
608,456
608,184
608,666
608,796
608,412
608,947
608,720
608,329
608,680
608,872
608,324
608,261
608,453
608,787
608,356
608,194
608,226
608,243
608,373
608,160
608,467
608,182
608,293
608,432
608,708
608,759
608,4
608,946
608,760
608,969
608,754
608,71
608,128
608,450
608,259
608,584
608,618
608,6
608,739
608,30
608,212
608,759
608,170
608,306
608,602
608,170
608,37
608,294
608,996
608,975
608,242
608,258
608,57
608,661
608,428
608,176
608,908
608,143
608,139
608,405
608,385
608,77
608,529
608,121
608,165
608,933
608,729
608,884
608,377
608,972
608,909
608,951
608,737
608,899
608,304
608,176
608,804
608,421
608,999
608,418
608,421
608,394
608,546
608,861
608,737
608,796
608,46
608,29
608,438
608,734
608,38
608,704
608,349
608,576
608,207
608,448
608,486
607,162
607,943
607,358
607,978
607,932
607,400
607,952
607,565
607,931
607,125
607,48
607,104
607,937
607,151
607,481
607,574
607,706
607,982
607,862
607,861
607,776
607,210
607,636
607,610
607,871
607,912
607,824
607,225
607,22
607,543
607,947
607,859
607,250
607,516
607,66
607,857
607,794
607,883
607,511
607,597
607,739
607,493
607,873
607,152
607,581
607,768
607,826
607,867
607,317
607,770
607,660
607,472
607,781
607,424
607,714
607,887
607,229
607,734
607,723
607,842
607,403
607,310
607,699
607,703
607,539
607,34
607,161
607,652
607,218
607,803
607,375
607,247
607,333
607,290
607,748
607,122
607,304
606,337
606,128
606,489
606,121
606,383
606,969
606,118
606,169
606,526
606,171
606,840
606,228
606,235
606,612
606,940
606,971
606,685
606,723
606,789
606,140
606,130
606,258
606,900
606,201
606,108
606,44
606,532
606,212
606,959
606,60
606,686
606,213
606,674
606,695
606,88
606,678
606,48
606,928
606,228
606,422
606,148
606,232
606,275
606,14
606,193
606,410
606,497
606,777
606,748
606,871
606,716
606,372
606,184
606,796
606,940
606,132
606,857
606,800
606,192
606,359
606,386
606,875
606,694
606,49
605,543
605,758
605,399
605,952
605,339
605,669
605,659
605,793
605,171
605,597
605,858
604,205
604,747
604,824
604,499
604,588
604,693
604,805
604,865
604,111
604,888
604,488
604,476
604,588
604,110
604,497
604,695
604,33
604,49
604,995
604,865
604,860
604,2
604,926
604,943
604,132
604,471
604,910
604,164
604,836
604,229
604,760
604,466
604,83
604,382
604,563
604,230
604,593
604,490
604,755
604,408
604,310
604,129
604,102
604,958
604,821
604,160
604,962
604,805
604,329
604,783
604,5
604,390
604,28
604,803
604,292
604,445
604,712
604,183
604,306
604,833
604,326
604,335
604,447
604,775
604,693
604,9
604,752
604,234
604,592
604,363
604,978
604,267
604,597
604,992
604,245
604,273
604,265
604,529
604,763
604,520
604,228
604,939
604,283
604,849
604,553
604,833
604,365
604,348
604,726
604,916
604,355
604,169
604,401
604,265
604,671
604,752
604,32
604,415
603,997
603,186
603,951
603,567
603,224
603,639
603,352
603,322
603,796
603,75
603,509
603,714
603,175
603,558
603,55
603,893
603,851
603,140
603,471
603,305
603,297
603,561
603,323
603,370
603,99
603,823
603,55
603,87
603,505
603,194
603,319
603,370
603,213
603,386
603,539
603,502
603,61
603,515
603,197
603,578
603,846
603,527
603,416
603,780
603,944
603,60
603,954
603,520
603,967
603,683
603,894
602,752
602,698
602,159
602,254
602,838
602,668
602,125
602,580
602,180
602,715
602,209
602,897
602,583
602,438
602,680
602,343
602,790
602,664
602,995
602,310
602,231
602,387
602,498
601,618
601,349
601,648
601,456
601,949
601,583
601,329
601,430
601,113
601,136
601,293
601,492
601,849
601,0
601,477
601,239
601,121
601,241
601,427
601,931
601,857
600,485
600,225
600,337
600,430
600,520
600,51
600,197
600,764
600,797
600,851
600,336
600,11
599,269
599,591
599,697
599,324
599,693
599,509
599,890
599,985
599,30
599,591
599,638
599,877
599,922
599,244
599,206
599,957
599,68
599,862
599,407
599,622
599,564
599,622
599,544
599,500
599,698
599,986
599,583
599,716
599,48
599,483
599,359
598,601
598,862
598,33
598,994
598,430
597,469
597,551
597,790
597,204
597,420
597,730
597,931
597,984
597,136
597,513
597,687
597,407
597,430
597,30
597,902
597,394
597,325
597,981
597,171
597,836
597,321
597,759
597,424
597,430
597,956
597,946
597,76
597,754
597,707
597,630
597,980
597,360
597,695
597,526
597,459
597,840
597,13
597,226
597,675
597,774
597,633
597,328
597,846
597,96
597,881
597,721
597,929
597,371
597,849
597,860
597,210
597,20
596,576
596,726
596,612
596,305
596,628
596,677
596,57
596,57
596,845
596,890
596,554
596,839
596,953
596,645
596,37
596,939
596,13
596,126
596,35
596,407
596,570
596,782
596,297
596,703
596,767
596,965
596,405
596,109
596,922
596,474
596,621
596,10
596,428
596,871
596,409
596,7
596,63
596,954
596,818
596,853
596,938
596,457
596,364
596,604
596,653
596,505
596,831
596,751
596,231
596,880
596,396
596,591
596,59
596,420
596,61
596,73
596,710
596,300
595,855
595,270
595,169
595,235
595,400
595,349
595,28
595,751
595,332
595,576
595,551
595,859
595,84
595,595
595,392
595,709
595,7
595,478
595,386
595,227
595,584
595,144
595,656
595,103
595,7
595,744
595,619
594,310
594,784
594,444
594,693
594,993
594,925
594,574
594,612
594,340
594,510
594,425
594,858
594,327
594,560
594,889
594,797
594,814
594,968
594,925
594,591
594,60
594,208
594,734
594,265
594,93
594,411
594,95
594,5
594,981
594,140
594,592
594,268
594,184
594,889
594,751
594,284
594,329
594,153
594,872
594,548
594,676
594,548
594,814
594,811
594,60
594,721
594,24
594,855
594,756
594,659
594,462
593,31
593,631
593,138
593,639
593,193
593,63
593,512
593,140
593,340
593,282
593,346
593,321
593,695
593,184
593,118
593,676
593,764
593,423
592,538
592,25
592,708
592,485
592,422
592,786
592,370
592,991
592,636
592,952
592,79
592,172
592,750
592,986
592,699
592,514
592,25
592,417
592,513
592,437
592,908
592,705
592,125
592,331
592,257
592,323
591,682
591,891
591,494
591,878
591,755
591,121
591,522
591,462
591,244
591,533
591,949
591,679
591,987
591,855
591,702
591,116
591,574
591,512
591,357
591,263
591,779
591,503
591,879
591,387
591,339
591,416
591,621
591,51
591,327
591,871
591,392
591,266
591,853
591,740
591,717
591,990
591,861
591,880
591,794
591,126
591,520
591,979
591,958
591,790
591,559
591,298
591,490
591,10
590,790
589,890
588,526
588,721
588,412
588,837
588,502
588,861
588,557
588,173
588,616
588,531
588,974
588,45
588,88
588,455
588,890
588,760
588,111
588,78
588,858
588,415
588,397
588,478
588,646
588,316
588,437
588,637
588,994
588,998
588,236
588,642
588,549
588,743
587,705
587,478
587,820
587,352
587,152
587,739
587,971
587,276
587,578
587,242
587,696
587,844
587,240
587,785
587,20
587,111
587,224
587,577
587,65
587,610
587,711
587,306
587,445
587,407
587,359
587,321
587,360
587,689
587,854
587,653
587,40
587,906
587,101
587,194
587,815
587,613
587,834
587,287
587,48
587,675
587,667
587,217
587,266
587,358
587,742
587,554
587,472
587,286
587,121
587,314
587,778
587,45
587,874
587,387
587,902
587,313
587,9
587,299
587,385
587,585
587,561
587,857
587,464
587,775
587,232
587,235
587,897
587,59
587,576
587,343
587,115
587,47
587,174
587,26
587,562
587,306
587,212
587,43
587,408
587,682
587,198
587,596
587,47
587,369
587,121
587,875
587,484
587,389
587,238
587,308
587,327
587,28
587,54
587,904
587,623
586,62
586,184
586,588
586,9
586,14
586,966
585,498
585,449
585,0
585,85
585,368
585,785
584,557
584,302
584,820
584,184
584,587
584,660
584,392
584,377
584,736
584,418
584,875
584,613
584,532
584,51
584,851
584,63
584,644
584,42
584,301
584,929
584,625
584,975
584,241
584,996
584,823
584,88
584,36
584,215
584,352
584,55
584,476
584,130
584,134
584,66
584,555
584,919
584,719
584,686
584,987
584,494
584,307
584,963
584,427
584,989
584,620
584,118
584,745
584,573
584,130
584,854
584,320
584,948
584,447
584,183
584,313
584,172
584,241
584,832
584,993
584,463
584,314
583,207
583,722
583,777
583,700
583,6
583,435
583,130
583,781
583,534
583,895
583,950
583,898
583,567
583,377
583,344
583,303
583,177
583,476
583,809
583,425
583,438
583,28
583,468
583,856
583,199
583,269
583,877
583,242
583,111
583,570
583,243
583,342
583,622
583,726
583,805
583,209
583,255
583,149
583,532
583,950
583,66
583,621
583,333
583,47
583,778
583,770
583,763
583,646
583,335
583,325
583,144
583,718
583,554
583,795
583,904
583,109
583,940
583,69
583,956
583,329
583,383
583,307
583,931
583,712
583,549
583,690
583,388
583,708
583,871
582,915
582,168
582,991
582,953
582,393
582,249
582,847
582,929
582,372
582,660
582,776
581,922
581,147
581,204
581,896
581,981
581,980
581,817
581,379
581,106
581,578
581,256
581,401
581,544
581,176
581,802
581,105
581,901
581,422
581,306
581,530
581,696
581,850
581,224
581,166
581,728
581,960
581,392
581,353
581,899
581,684
581,428
581,434
581,571
581,252
581,459
581,568
581,513
581,553
581,26
581,856
581,443
581,125
581,406
581,639
581,495
581,452
581,397
581,308
581,100
581,722
581,701
581,810
581,857
581,896
581,513
581,28
581,787
581,159
581,532
581,755
581,684
580,724
580,781
580,427
580,83
580,491
580,409
580,312
580,884
580,572
580,316
580,257
580,748
580,5
580,5
580,472
580,858
580,121
580,604
580,290
580,756
580,24
580,340
580,977
580,823
580,571
580,640
580,290
580,478
580,755
580,902
580,952
580,238
580,68
580,264
580,275
580,323
580,416
580,383
580,579
579,993
579,238
579,635
579,223
579,982
579,89
579,702
579,5
579,637
579,296
579,547
579,813
579,274
579,214
579,865
579,974
579,737
579,871
579,678
579,389
579,769
579,5
579,486
579,799
579,481
579,168
579,364
579,129
579,468
578,557
578,788
578,125
578,462
578,962
578,774
578,660
578,407
578,878
578,400
578,340
578,405
578,557
578,16
578,317
578,258
578,35
578,678
578,711
578,737
578,981
578,305
578,751
578,842
578,622
578,443
578,197
578,277
578,708
578,679
578,309
578,765
578,461
578,464
578,876
578,476
578,42
578,397
578,909
578,115
578,407
578,964
578,183
578,703
578,17
578,990
578,971
578,401
578,136
578,57
578,959
578,16
578,681
578,176
578,282
578,994
578,377
578,100
578,699
578,448
578,941
578,241
578,136
578,127
578,379
578,547
578,13
578,468
578,865
578,849
578,954
578,70
578,364
578,273
578,605
578,930
578,415
578,84
578,87
578,488
578,984
578,459
578,809
578,466
578,73
578,969
578,625
577,453
577,673
577,184
577,38
577,0
577,622
577,404
577,111
577,939
577,737
577,398
577,423
577,950
577,450
577,109
577,795
577,648
577,165
577,19
577,834
577,647
577,547
577,621
577,818
577,871
577,782
577,33
577,967
577,183
577,691
577,629
577,373
577,144
577,24
577,926
577,486
577,556
577,391
577,175
577,101
577,745
577,211
577,399
577,859
577,330
577,337
577,95
577,60
577,672
577,886
577,437
577,92
577,511
577,490
577,773
577,474
577,161
577,757
577,126
577,123
577,435
577,933
577,970
577,695
577,112
577,6
577,357
577,223
577,797
576,106
576,846
576,640
576,128
576,510
576,138
576,503
576,16
576,83
576,688
576,206
576,304
576,298
576,232
576,258
576,303
576,896
576,517
576,562
576,341
576,633
576,88
576,173
576,382
576,356
576,63
576,300
576,297
576,37
576,905
576,989
576,93
576,336
576,986
576,374
576,835
576,954
576,791
576,901
576,427
576,476
576,715
576,755
576,818
576,155
576,663
576,710
576,220
576,8
576,204
576,627
576,918
576,468
576,549
576,991
576,353
576,773
576,159
576,737
576,264
576,827
576,416
576,950
576,958
576,705
576,954
576,530
576,221
576,622
576,349
576,474
575,862
575,733
575,91
575,914
575,755
574,931
574,229
574,739
574,664
574,790
574,485
574,537
574,196
574,13
574,894
574,333
574,342
574,938
574,150
574,680
574,999
574,291
574,524
574,400
574,471
574,956
574,451
574,714
574,423
574,394
574,273
574,343
574,279
574,826
574,478
574,663
574,731
574,10
574,532
574,9
573,483
573,315
573,192
573,795
573,347
573,73
573,705
573,682
572,474
572,879
572,179
572,502
572,700
572,121
572,13
572,406
572,355
572,78
572,464
572,782
572,123
572,145
572,593
572,772
572,380
572,52
572,400
572,573
572,802
572,610
572,771
572,380
572,333
571,246
571,588
571,34
571,846
571,231
571,973
571,255
571,868
571,517
571,320
571,621
571,782
570,678
570,713
570,60
569,961
569,264
569,445
569,254
569,525
569,720
569,529
569,845
569,764
569,826
569,530
569,285
569,38
569,910
569,431
569,357
569,820
569,495
569,423
569,393
569,319
569,775
569,977
569,958
569,225
569,924
569,581
569,992
569,362
569,719
569,53
569,769
569,789
569,424
569,516
569,484
569,229
569,85
569,172
569,987
569,759
569,92
569,864
569,547
569,270
569,208
569,947
569,682
569,169
569,969
569,245
569,143
569,84
569,539
569,566
569,944
569,665
569,592
569,448
569,512
569,205
569,355
569,390
569,747
569,184
569,743
569,383
569,664
569,32
569,241
569,256
569,552
569,184
569,228
569,550
569,697
569,205
568,513
568,130
568,211
568,410
568,699
568,37
568,711
568,406
568,196
568,373
568,218
568,743
568,298
568,141
568,324
568,854
568,436
568,548
568,331
568,651
568,456
568,942
568,43
568,819
568,102
568,616
568,360
568,123
568,732
568,606
568,215
568,270
568,250
568,319
568,159
568,702
568,214
568,362
568,657
568,244
568,110
568,719
568,628
568,306
568,804
567,800
567,949
567,511
567,506
567,933
567,858
567,664
567,724
567,183
567,273
567,123
567,954
567,218
567,972
566,543
565,730
565,186
565,656
565,956
565,371
565,261
565,302
565,237
565,109
565,70
565,682
565,428
565,717
565,345
565,406
565,187
565,844
565,567
565,152
565,125
565,772
565,16
565,444
565,71
565,548
565,986
565,473
565,758
565,189
565,894
565,409
565,607
565,602
565,128
565,560
565,881
565,510
565,38
565,735
565,650
565,422
565,770
565,273
565,260
565,827
565,820
565,993
565,515
565,511
565,437
565,466
565,971
565,515
565,519
565,738
565,126
565,459
565,302
565,958
565,612
565,290
565,816
565,375
565,306
565,757
565,696
565,307
565,788
565,141
565,716
565,559
565,503
565,155
565,776
565,857
565,180
565,461
564,210
564,291
564,996
564,34
564,516
564,350
564,554
564,53
564,353
564,119
564,487
564,527
564,283
564,69
564,343
564,467
564,633
564,269
564,119
564,569
564,788
564,410
564,351
564,655
564,465
564,934
564,338
564,873
564,934
564,16
564,217
564,938
564,269
564,750
564,303
564,139
564,555
564,402
564,657
564,990
564,356
564,217
564,5
564,180
564,88
564,101
564,437
564,932
564,515
564,642
564,988
564,769
564,787
564,242
564,797
564,246
564,553
564,612
564,562
564,94
564,940
564,832
564,95
564,830
564,894
564,85
564,475
564,852
564,496
564,754
564,323
564,768
564,748
564,862
564,303
564,278
564,200
564,73
564,102
564,501
564,220
564,121
564,135
564,354
564,172
564,612
563,483
563,524
563,656
563,148
563,974
563,415
563,294
563,866
563,374
563,484
563,853
563,978
563,690
563,929
563,174
563,576
563,783
563,895
563,245
563,989
563,820
563,856
563,623
563,314
563,656
563,498
563,0
563,499
563,874
563,920
563,214
563,985
563,937
563,235
563,71
563,769
563,656
563,718
563,23
563,125
563,140
563,565
563,658
563,105
563,373
563,594
563,676
563,212
563,835
563,612
563,693
563,183
563,871
563,145
563,382
563,371
562,108
562,492
562,456
562,340
562,734
562,445
562,283
562,539
562,555
562,496
562,460
562,993
562,689
562,766
562,329
562,26
562,173
562,646
562,462
562,599
562,201
562,514
562,369
562,820
562,868
562,754
562,996
562,678
562,814
562,595
562,702
562,829
562,924
562,850
562,948
562,212
562,254
562,642
562,64
562,602
562,476
562,925
562,126
562,702
562,296
562,317
562,706
562,825
562,11
562,538
562,300
562,960
562,414
562,400
562,565
562,149
562,712
562,824
562,395
562,152
562,122
562,559
562,819
562,337
562,932
561,972
561,155
561,99
561,305
561,456
561,460
561,524
561,368
561,22
561,97
561,716
561,702
561,518
561,469
561,652
561,853
561,429
561,140
561,379
561,363
561,557
561,174
561,80
561,925
561,753
561,669
561,897
561,126
561,571
561,994
561,284
561,182
561,361
561,677
561,18
561,92
561,558
561,464
561,752
561,356
561,137
561,921
561,225
561,536
561,215
561,637
560,38
560,208
560,440
560,594
560,684
560,805
560,875
560,472
560,758
560,428
560,108
560,841
560,487
560,229
560,47
560,112
560,341
560,595
560,830
560,636
560,192
559,667
559,546
559,534
559,946
559,864
559,907
559,711
559,109
559,348
559,627
559,160
559,97
559,921
559,374
559,538
559,133
559,657
559,98
559,184
559,422
559,260
559,431
559,50
559,882
559,428
559,109
559,726
559,27
559,954
559,320
559,436
559,386
559,578
559,502
559,148
559,312
559,979
559,798
559,28
559,96
559,795
559,303
559,479
559,830
559,868
559,740
559,842
559,361
559,172
559,802
559,885
559,574
559,284
559,204
559,446
559,187
559,714
559,904
559,642
559,61
559,670
559,114
559,873
559,203
559,785
558,384
558,454
558,490
558,874
558,275
558,905
558,400
558,142
558,61
558,626
558,705
558,285
558,817
558,147
558,21
558,570
558,767
558,920
558,620
558,84
558,221
558,627
558,550
558,581
558,593
558,648
558,174
558,755
558,351
558,875
558,606
558,994
558,597
558,165
558,303
558,630
558,472
558,822
558,482
558,818
558,515
558,651
558,383
558,671
558,879
558,658
558,538
558,420
558,122
558,617
558,696
558,574
558,277
558,94
558,833
558,237
558,437
558,923
558,300
558,525
558,914
558,885
558,835
558,22
558,379
558,740
558,111
558,225
558,787
558,119
558,478
558,310
558,656
558,655
558,943
558,158
558,256
558,938
558,635
558,16
558,727
558,464
558,204
558,828
558,617
558,895
558,686
558,448
558,629
558,503
558,618
558,878
558,256
557,160
557,953
557,200
557,940
557,627
557,598
557,765
557,696
557,363
557,987
557,261
557,669
557,502
557,106
557,856
557,657
557,803
557,811
557,435
557,843
557,989
557,703
557,696
557,231
557,403
557,350
557,660
557,167
557,912
557,970
557,495
557,548
557,485
557,85
557,894
557,682
557,64
557,338
557,275
557,698
557,524
556,912
556,449
556,621
555,583
555,225
555,841
555,851
555,178
555,380
555,903
555,952
555,662
555,328
555,64
555,730
555,917
555,48
555,738
555,588
555,969
555,147
555,407
555,562
555,884
555,353
555,620
555,862
555,140
555,291
555,463
555,303
555,416
555,739
555,467
555,878
555,669
555,745
555,157
555,36
555,298
555,952
555,436
555,541
555,946
555,582
555,340
555,338
555,323
555,725
555,73
555,75
555,187
555,362
555,221
555,268
555,119
555,720
555,225
555,55
555,767
555,41
555,306
555,375
555,501
555,154
555,346
555,393
554,908
554,338
554,22
554,431
554,650
554,560
554,286
554,67
554,136
554,175
554,925
554,434
554,973
554,921
554,282
554,45
554,856
554,844
554,203
554,568
554,291
554,422
554,66
554,936
554,329
554,812
554,456
554,650
554,529
554,425
554,145
554,528
554,160
554,101
554,133
554,73
554,645
554,271
554,277
554,930
554,678
554,638
554,928
554,790
554,137
554,783
554,400
554,410
554,875
554,659
554,512
554,877
554,157
554,770
554,700
554,594
554,169
554,789
554,615
554,434
554,661
554,197
553,643
553,854
553,928
553,663
553,34
553,237
553,253
553,889
553,916
553,704
553,883
553,231
553,287
553,359
553,784
553,572
553,214
553,220
553,619
553,814
553,754
553,126
553,987
553,73
553,684
553,223
553,53
553,271
553,805
553,502
553,833
553,228
553,399
553,628
553,510
553,407
553,965
553,787
553,479
553,641
553,699
553,20
553,971
553,390
553,311
553,904
553,514
553,954
553,162
553,622
553,367
553,143
553,842
553,432
553,366
553,362
553,888
553,591
553,937
553,884
553,826
553,422
553,850
553,966
553,289
553,607
553,184
553,331
553,881
553,27
553,279
553,458
553,555
553,372
553,116
553,822
553,808
553,181
553,453
553,46
553,380
553,130
553,800
553,621
553,848
553,729
553,699
552,646
552,824
552,227
552,599
552,131
552,881
552,780
552,348
552,131
552,552
551,578
551,188
551,586
551,801
551,798
551,496
551,327
551,879
551,668
551,223
550,361
550,227
550,978
550,772
550,503
550,727
550,502
550,89
550,40
550,732
550,333
550,911
550,50
550,712
550,947
550,955
550,92
550,579
550,512
550,785
550,749
550,879
550,845
550,649
550,652
550,392
550,506
550,574
550,467
550,580
550,237
550,267
550,541
550,799
550,25
550,616
550,416
550,618
550,349
550,760
550,389
550,256
550,653
550,759
550,842
550,475
550,28
550,452
550,175
550,434
550,117
550,421
550,543
550,480
550,273
550,760
550,553
550,946
550,632
550,627
550,304
550,384
550,710
550,383
550,617
550,858
550,460
550,634
550,43
550,537
550,854
550,684
550,866
550,801
550,417
550,76
550,86
550,802
550,892
550,85
549,552
549,599
549,694
549,356
549,716
549,98
549,476
549,368
549,269
549,292
549,586
549,847
549,298
549,484
549,422
549,862
549,427
549,789
549,835
549,716
549,530
549,145
549,606
549,698
549,678
549,340
549,721
549,45
549,945
549,288
549,370
549,829
549,260
549,291
549,726
549,179
549,643
549,935
549,180
549,667
549,661
549,743
549,58
549,533
549,530
549,791
549,498
549,719
549,383
549,665
549,310
549,718
549,32
549,280
549,508
549,4
549,126
548,599
548,495
548,204
548,95
548,735
548,336
548,999
548,29
548,727
548,109
548,292
548,240
548,857
548,473
548,357
548,401
548,914
548,685
548,118
548,406
548,315
548,2
548,869
548,174
548,730
548,521
548,680
548,434
548,449
548,155
548,483
548,428
548,234
548,941
548,332
548,774
548,111
548,208
548,83
548,52
548,552
548,175
548,881
548,671
548,191
548,450
548,590
548,780
548,584
548,280
548,115
548,13
548,137
548,614
548,466
548,585
548,937
548,366
548,355
548,834
547,7
547,396
547,124
547,769
547,146
547,44
547,323
547,430
547,322
547,918
547,636
547,501
547,922
547,445
547,274
547,162
547,457
547,563
547,491
547,323
547,972
547,809
547,806
547,880
547,285
547,981
547,577
547,474
547,52
547,31
547,155
547,895
547,520
547,657
547,280
547,518
547,622
547,6
547,90
547,139
546,
545,177
545,713
545,212
545,584
545,560
545,582
545,884
545,823
545,788
545,364
545,953
545,1
545,361
545,772
545,348
545,65
545,339
545,174
545,734
545,322
545,400
545,559
545,718
545,470
545,248
545,272
545,587
545,974
545,404
545,927
545,202
545,360
545,633
545,142
545,166
545,651
545,13
545,558
544,49
544,914
544,336
544,17
544,879
544,437
544,852
544,206
544,852
544,289
544,969
544,648
544,241
544,728
544,153
544,418
544,479
544,611
544,18
544,251
544,645
544,684
544,407
544,696
544,417
544,496
544,862
544,162
544,541
544,894
544,780
544,298
544,583
544,499
544,836
544,235
544,939
544,576
544,64
543,258
543,475
543,283
543,375
543,100
543,888
543,442
543,783
543,41
543,806
543,296
543,661
543,242
543,241
543,479
543,136
543,684
543,994
543,200
543,834
543,144
543,168
543,395
543,970
543,396
543,18
543,629
543,115
543,537
543,68
543,948
543,897
543,133
543,834
543,770
543,44
542,870
542,748
542,324
542,827
542,286
542,778
542,326
542,486
542,159
542,175
542,120
542,736
542,936
542,63
542,920
542,437
542,25
542,858
542,477
542,758
542,837
542,460
542,3
542,83
542,228
542,1
542,645
542,43
542,107
542,783
542,140
542,311
542,251
542,633
542,437
542,427
542,136
542,486
542,181
542,607
542,966
542,681
542,632
542,7
542,48
542,437
542,871
542,205
542,264
542,173
542,853
542,518
542,507
542,907
542,713
542,161
542,652
542,499
542,751
542,498
541,228
541,698
541,707
541,259
541,307
541,643
540,429
540,172
540,222
540,683
540,865
540,512
540,719
540,362
540,223
540,348
540,391
540,221
540,781
540,346
540,742
540,580
540,621
540,739
540,609
540,942
540,521
540,838
540,677
540,547
540,782
540,146
540,820
540,927
540,397
540,884
540,197
540,851
540,941
540,172
540,589
540,830
540,756
540,241
540,693
540,411
540,280
540,673
540,644
540,950
540,249
540,300
540,76
540,795
540,333
540,590
540,65
540,966
540,535
539,100
539,947
539,17
539,50
539,767
539,268
539,12
539,641
539,818
539,741
539,312
539,370
539,384
539,727
539,774
539,778
539,201
539,944
539,725
539,760
539,859
539,567
539,886
539,336
539,230
539,347
539,377
539,381
539,934
539,974
539,427
539,556
539,586
539,885
539,29
539,741
539,27
539,284
539,982
539,999
539,852
539,608
539,117
539,716
539,953
539,413
539,122
539,561
539,579
539,431
539,843
539,278
539,329
539,311
539,476
539,529
539,662
539,198
539,79
539,871
539,531
539,90
539,343
539,875
539,827
539,463
539,882
539,340
539,945
538,280
538,857
538,822
538,195
538,489
538,694
538,346
538,930
538,791
538,95
538,962
538,968
538,75
538,749
538,482
538,739
538,585
538,825
538,954
538,205
538,553
538,999
538,959
538,491
538,142
538,135
538,975
538,163
538,54
538,413
538,379
538,301
538,66
538,824
538,274
538,745
538,224
538,203
538,160
538,61
538,308
538,262
538,626
538,489
538,649
538,486
538,684
538,523
538,484
538,366
538,937
538,992
538,725
538,595
538,26
538,364
538,473
538,241
538,872
538,831
538,807
538,937
538,574
538,288
538,510
538,57
538,5
538,90
538,793
538,160
538,748
538,209
538,260
537,156
537,463
537,324
537,863
537,725
537,77
537,664
537,958
537,60
537,608
537,984
537,196
537,410
537,612
537,53
537,761
537,757
537,403
537,834
537,496
537,597
537,709
537,926
537,900
537,538
537,734
537,911
537,267
537,729
537,678
537,437
536,871
536,389
536,286
536,750
536,664
536,289
536,745
536,156
536,264
536,883
536,187
536,352
536,366
536,857
536,648
536,9
536,538
536,710
536,620
536,243
536,118
536,87
536,170
535,460
535,144
535,296
535,517
535,627
535,169
535,685
535,469
535,282
535,329
535,765
535,694
535,840
535,837
535,732
535,530
535,668
535,292
535,555
535,602
535,4
535,357
535,324
535,711
535,312
535,706
535,906
535,617
535,231
535,93
535,698
535,648
535,793
535,422
535,656
535,783
535,298
535,643
535,438
535,20
535,286
535,346
535,618
535,691
535,402
535,199
535,924
535,103
535,244
535,851
535,374
535,542
535,371
535,577
535,981
535,866
535,709
535,196
535,290
535,54
535,602
535,489
535,433
534,779
534,37
534,162
534,545
534,278
534,102
534,528
534,629
534,292
534,704
534,410
534,77
534,857
534,766
534,590
534,927
534,800
534,537
534,496
534,756
534,135
533,336
533,714
533,13
533,520
533,370
533,837
533,232
533,54
533,467
533,751
533,891
533,178
533,930
533,735
533,294
533,850
533,966
533,875
533,654
533,159
533,758
533,368
533,428
533,160
533,31
533,593
533,832
533,379
533,660
533,266
533,338
533,931
533,223
533,950
533,116
533,541
533,736
533,940
533,142
533,464
533,160
533,476
533,950
533,241
533,206
533,935
533,244
533,691
533,57
533,920
533,623
533,400
532,956
532,603
532,259
532,917
532,77
532,181
532,422
532,228
532,570
532,692
532,739
532,65
531,688
531,928
531,392
531,611
531,143
531,930
531,506
531,485
531,759
531,792
531,596
531,428
531,599
531,559
531,978
531,261
531,244
531,309
531,66
531,112
531,692
531,917
531,740
531,859
531,843
531,588
531,879
531,887
531,633
531,702
531,488
531,174
531,781
531,538
531,299
531,481
531,681
531,140
531,38
531,18
531,169
531,667
531,389
531,828
531,10
531,223
531,961
531,282
531,661
531,151
531,437
531,85
531,463
531,48
531,932
531,129
531,823
531,342
531,967
531,701
531,686
531,497
531,585
531,712
530,405
530,449
530,884
530,266
530,605
530,155
530,436
530,611
530,365
530,544
530,135
530,422
530,633
530,174
530,566
530,406
530,232
530,788
530,68
530,766
530,982
530,868
530,160
530,576
530,851
530,656
530,299
530,457
530,323
530,80
530,497
530,502
530,719
530,721
530,844
530,546
530,811
530,312
530,920
529,636
529,583
529,495
529,779
529,213
529,885
529,597
529,718
529,139
529,257
529,652
529,554
529,791
529,197
529,944
529,879
529,549
529,140
529,563
529,338
529,536
529,20
529,528
529,15
529,654
529,869
529,164
529,380
529,343
529,675
529,660
529,310
529,106
529,255
529,247
529,906
529,199
529,189
528,362
528,902
528,437
528,681
528,793
528,244
528,418
528,67
528,251
528,662
528,93
528,692
528,408
528,945
528,801
528,995
528,344
528,294
528,75
528,702
528,618
528,931
528,728
528,953
528,753
528,519
528,100
528,651
528,128
528,420
528,5
528,9
528,889
528,581
528,682
528,270
528,86
528,294
528,289
528,35
528,648
528,479
528,2
528,951
528,36
528,956
528,20
528,915
528,109
528,670
528,329
528,916
528,161
528,871
528,994
528,986
528,594
528,740
528,178
528,291
528,190
528,745
528,714
528,587
528,581
528,826
528,760
528,732
528,356
528,459
528,870
528,438
528,464
528,675
528,340
528,866
528,844
528,387
528,701
528,253
527,828
527,107
527,201
527,932
527,698
527,789
527,272
527,45
527,627
527,996
526,212
526,766
526,780
526,348
526,547
526,469
526,901
526,294
526,948
526,81
526,183
526,252
526,500
526,321
526,179
526,780
526,8
526,707
526,573
526,676
526,141
526,727
526,327
526,423
526,53
526,606
526,804
526,942
526,968
526,842
526,517
526,39
526,642
526,275
526,569
526,515
526,506
526,951
526,600
526,330
526,342
526,513
526,403
526,284
526,379
526,882
526,157
526,865
526,22
526,903
526,136
526,878
526,624
526,681
526,989
526,723
526,22
526,745
526,840
526,689
526,583
526,64
526,28
526,197
526,403
526,241
526,263
526,572
526,699
526,806
526,360
526,985
526,645
526,803
526,216
526,118
525,373
525,685
525,166
525,816
525,920
525,215
525,965
524,996
524,862
524,234
524,925
524,548
524,187
524,932
524,88
524,905
524,206
524,51
524,388
524,463
524,760
524,137
524,479
524,181
524,751
524,859
524,787
524,293
524,875
524,467
524,17
524,138
524,745
524,315
524,398
524,60
524,816
524,255
524,27
524,466
524,261
524,173
524,132
524,936
524,482
524,453
524,393
524,33
524,84
524,296
524,343
524,427
524,436
524,719
523,313
523,121
523,167
523,110
523,619
523,932
523,393
523,516
523,983
523,871
523,365
523,736
523,245
523,909
523,239
523,288
523,67
523,497
523,175
523,861
523,977
523,920
523,72
523,644
523,263
523,478
523,19
523,459
523,260
523,707
523,949
523,617
523,706
523,9
523,721
523,668
523,736
523,94
523,547
523,452
523,276
523,509
522,529
522,995
522,877
522,801
522,860
522,372
522,541
522,569
522,378
522,216
522,986
522,929
522,253
522,241
522,456
522,937
522,312
522,597
522,146
522,55
522,840
522,819
522,913
522,531
522,706
522,551
522,571
522,19
522,933
522,180
522,653
522,539
522,633
522,254
522,848
522,785
522,78
522,663
522,922
522,988
522,407
522,356
522,513
522,956
522,471
522,845
522,103
522,971
522,14
522,513
522,689
522,17
522,298
522,137
522,272
522,907
522,331
522,678
522,646
522,453
522,824
522,796
522,490
522,457
522,814
521,773
521,480
521,539
521,550
521,38
521,277
521,573
521,923
521,538
521,923
521,796
521,629
521,790
521,620
521,985
521,891
521,993
521,501
521,966
521,476
521,334
521,370
521,8
521,551
521,694
521,309
521,462
521,119
521,522
521,419
521,403
521,929
521,655
521,720
521,565
521,105
521,838
521,684
521,272
521,145
521,876
521,954
521,605
521,408
521,159
521,227
521,484
521,240
521,14
521,330
521,412
521,263
521,952
521,346
521,318
521,935
521,541
521,908
521,356
521,204
520,533
520,10
520,70
520,478
520,692
520,228
520,119
520,865
520,811
520,69
520,847
520,162
520,905
520,748
520,874
520,156
520,747
520,425
520,613
520,854
520,771
520,130
520,344
520,70
520,773
520,311
520,173
520,123
520,365
520,66
520,462
520,646
520,68
520,653
520,914
520,674
520,240
520,180
520,171
520,171
520,854
520,617
520,223
520,996
520,29
519,
518,604
518,2
518,94
518,90
518,456
518,149
518,858
518,795
518,679
518,940
518,377
518,382
518,255
518,391
518,365
518,446
518,361
518,963
518,237
518,740
518,35
518,24
518,913
518,425
518,537
518,986
518,761
518,995
518,470
518,272
518,779
518,215
518,180
518,0
518,690
518,86
518,77
518,816
518,770
518,419
518,321
517,557
517,174
517,734
517,565
517,714
517,948
517,347
517,47
517,68
517,394
517,752
517,728
517,43
517,612
517,384
517,181
517,537
517,132
517,390
517,26
517,517
517,479
517,944
517,180
517,554
517,442
517,912
517,954
517,914
517,191
517,830
517,777
516,833
516,306
516,340
516,223
516,797
516,445
516,136
516,608
516,283
516,125
516,761
515,542
515,240
515,974
515,705
515,499
515,928
515,494
515,522
515,121
515,602
515,872
515,653
515,138
515,700
515,957
515,405
515,432
515,343
515,76
515,291
515,365
515,989
515,16
515,245
515,107
515,777
515,652
515,127
515,782
515,556
515,397
515,348
515,906
515,410
515,988
515,830
515,256
515,114
515,219
515,883
515,711
515,173
515,819
515,52
515,247
515,197
514,866
514,783
514,276
514,145
514,679
514,322
514,973
514,62
514,612
514,12
514,943
514,878
514,930
514,369
514,605
514,887
514,403
514,304
514,265
514,923
514,325
514,421
514,599
514,574
514,510
514,755
514,536
514,57
514,522
514,586
514,392
514,771
514,720
514,28
514,565
514,107
514,806
514,409
514,420
514,8
514,124
514,312
514,350
514,758
514,10
514,932
514,341
514,807
514,412
514,365
514,817
514,99
514,161
514,624
514,939
514,603
514,639
514,28
514,833
514,350
513,249
513,902
513,682
513,941
513,819
513,601
513,932
513,407
513,128
513,368
513,513
513,170
513,794
513,688
513,176
513,456
513,402
513,18
513,269
513,135
513,364
513,741
513,387
513,404
513,950
513,234
513,690
513,578
513,568
513,618
513,250
513,336
513,634
513,974
513,235
513,953
513,756
513,396
513,168
513,755
513,489
513,825
513,338
513,915
513,194
513,324
513,983
513,406
513,41
513,105
513,188
513,140
513,511
513,873
513,615
513,833
513,18
513,722
513,131
513,575
513,661
513,423
513,520
513,833
513,373
513,741
513,553
513,160
513,950
513,560
513,402
513,799
513,610
513,868
513,887
513,435
512,520
512,251
511,791
511,683
511,23
511,344
511,134
511,916
511,484
511,302
511,416
511,298
511,915
511,576
511,446
511,772
511,85
511,184
511,671
511,688
511,711
511,177
511,112
511,524
511,657
511,925
511,179
511,387
511,158
511,90
511,557
511,663
511,377
511,481
511,721
511,274
511,733
511,450
511,916
511,48
511,533
511,190
511,740
511,285
511,324
511,169
511,445
511,286
510,229
510,107
510,175
510,720
510,163
510,105
510,92
510,135
510,386
510,88
510,607
510,137
510,251
510,427
510,122
510,817
510,680
510,440
510,597
510,52
510,578
510,605
510,532
510,179
510,366
510,830
510,482
510,334
510,812
510,772
510,156
510,739
510,930
510,247
510,435
510,836
510,277
510,289
510,719
510,209
510,802
510,802
510,630
510,484
510,726
510,460
510,346
510,880
510,160
510,898
510,928
510,161
510,521
510,199
510,407
510,455
510,139
510,726
510,163
510,152
510,201
510,981
509,163
509,394
509,41
509,599
509,579
509,378
509,941
509,483
509,890
509,425
509,242
509,770
509,828
509,530
509,101
509,227
509,845
509,155
509,704
509,407
509,278
509,847
509,790
509,189
509,252
509,235
509,653
509,594
509,107
509,664
509,480
509,549
509,733
509,732
509,473
509,453
509,679
509,572
508,505
508,940
508,205
508,632
508,633
508,183
508,479
508,926
508,583
508,356
508,571
508,790
508,274
508,623
508,457
508,740
508,795
508,274
508,483
508,22
508,338
508,556
508,817
508,746
508,742
508,517
508,947
508,48
508,114
508,283
508,642
508,78
508,304
508,89
508,705
508,159
508,739
508,886
508,533
508,864
508,199
508,558
508,569
508,842
508,777
508,688
508,310
508,539
508,891
508,416
508,398
508,993
508,519
508,997
508,126
508,165
508,399
508,355
508,594
508,589
508,98
508,655
508,236
508,983
508,415
508,426
508,179
508,766
508,911
508,186
507,195
507,192
507,116
507,680
507,846
507,774
507,790
507,453
507,708
507,755
507,286
507,83
507,103
507,655
507,381
507,314
507,345
507,225
507,149
507,299
507,318
507,846
507,178
507,577
507,744
507,626
507,64
507,827
507,524
507,949
507,232
507,452
507,48
506,339
506,276
506,645
506,227
506,69
506,876
506,994
506,486
506,788
506,917
506,988
506,276
506,685
506,504
506,300
506,365
506,900
506,861
506,576
506,566
506,638
506,36
506,455
506,920
506,98
506,849
505,219
505,899
505,956
505,347
505,787
505,117
505,919
505,41
505,819
505,195
505,653
505,900
505,657
505,776
505,186
505,509
505,150
505,900
505,324
505,932
505,49
505,447
505,599
505,121
505,213
505,252
505,25
505,27
505,549
505,457
505,364
505,310
505,57
505,683
505,128
505,282
505,711
505,107
505,788
505,0
504,494
504,229
504,978
504,542
504,994
504,255
504,1
504,933
504,79
504,682
504,358
504,882
504,299
504,185
504,32
504,493
504,927
504,851
504,975
504,874
504,9
504,263
504,253
503,747
503,561
503,108
503,727
503,896
503,952
503,348
503,732
503,745
503,266
503,567
503,245
503,632
503,2
503,668
503,492
503,852
503,865
503,965
503,267
503,956
503,785
503,191
503,378
503,947
503,331
503,306
503,87
503,210
503,613
503,399
503,424
503,380
503,133
503,612
503,482
503,274
503,61
503,694
503,324
503,916
503,258
503,621
503,275
503,898
503,364
503,241
503,687
503,350
503,353
503,959
503,905
503,523
503,902
503,563
503,462
503,530
503,325
503,860
503,892
503,444
503,608
503,879
503,2
503,748
503,805
503,675
503,67
503,970
503,91
503,861
503,579
503,63
503,349
503,836
503,673
503,377
503,92
503,839
503,960
503,233
503,171
503,11
503,497
503,179
503,779
503,598
503,952
503,292
503,267
503,595
503,142
503,484
502,504
502,207
502,428
502,466
502,44
502,548
502,65
502,995
502,524
502,832
502,777
502,398
502,318
502,610
502,974
502,815
502,502
502,571
502,904
502,181
502,517
502,554
502,929
502,261
502,618
502,163
502,519
502,36
502,315
502,147
502,98
502,335
502,413
502,816
502,599
502,247
502,691
502,349
502,858
502,839
502,86
502,306
502,725
502,741
502,389
502,541
502,412
502,342
502,513
502,125
502,452
502,887
502,50
502,726
502,708
502,878
502,268
502,715
502,39
502,222
502,876
502,23
502,142
502,114
502,669
502,446
502,302
502,859
502,955
502,9
502,606
502,71
502,108
502,717
502,632
502,798
502,785
502,707
502,718
502,446
502,366
502,344
502,400
502,753
502,159
502,512
502,676
502,249
502,677
502,646
502,883
502,906
502,708
501,719
501,13
501,270
501,514
501,614
501,655
501,525
501,425
501,650
501,928
501,750
501,39
501,39
501,21
501,430
501,629
501,149
501,981
501,821
501,103
501,212
501,241
501,332
501,368
501,719
501,490
501,999
501,747
501,572
501,67
501,844
501,5
501,938
501,166
501,111
501,152
501,255
501,867
501,543
501,851
501,627
501,987
501,528
501,715
501,104
501,765
501,895
501,536
501,752
501,107
501,83
501,814
501,660
501,40
501,261
501,906
501,115
501,22
501,30
501,227
501,39
501,426
501,849
501,387
501,432
501,933
501,419
501,578
501,132
501,184
501,484
501,148
501,49
501,317
501,532
500,438
500,637
500,312
500,633
500,745
500,221
500,695
500,5
500,124
500,55
500,45
500,44
500,204
500,944
500,428
500,72
500,846
500,360
500,308
500,530
500,733
500,490
500,806
500,538
500,594
500,138
500,217
500,642
500,823
500,222
500,738
500,281
500,374
500,6
500,615
500,239
500,290
500,579
500,12
500,528
500,916
500,417
500,459
500,625
500,796
500,729
500,103
500,787
500,230
500,988
500,554
500,694
500,414
500,52
500,203
500,332
500,492
500,890
500,544
500,539
500,300
500,303
500,238
500,46
500,209
500,846
500,367
500,323
500,113
500,56
500,763
500,65
500,590
500,165
500,835
500,154
500,37
500,976
500,377
500,24
500,583
500,74
500,886
500,489
500,829
500,219
500,895
500,338
500,583
500,974
500,779
500,865
500,168
499,375
499,196
499,895
499,291
499,393
499,394
499,24
499,553
499,722
499,81
499,538
499,547
499,404
499,856
499,809
499,358
499,835
499,671
499,505
499,30
499,697
499,325
499,881
499,870
499,918
499,491
498,379
498,693
498,111
498,267
498,477
498,801
498,829
498,549
498,741
498,629
498,303
498,657
498,934
498,985
498,582
498,42
498,936
498,598
498,386
498,164
498,274
498,348
498,66
498,257
498,850
498,914
498,876
498,386
498,148
498,500
498,719
498,539
498,504
498,954
498,343
498,201
498,563
498,468
498,584
497,184
497,46
497,387
497,424
497,908
497,405
497,320
497,827
497,787
497,628
497,992
497,685
497,512
497,786
497,703
497,439
497,465
497,153
497,689
497,645
497,904
497,578
497,102
497,711
497,58
497,545
497,752
497,278
497,905
497,869
497,339
497,694
497,98
497,380
497,978
497,325
497,327
497,210
497,137
497,464
497,641
497,990
497,857
497,37
497,312
497,701
497,182
497,333
497,217
497,159
497,580
497,994
497,254
497,584
497,128
497,395
497,17
497,553
496,886
495,108
495,990
495,181
495,553
495,242
495,286
495,751
495,654
495,229
495,654
495,560
495,903
495,730
495,849
495,480
495,988
495,874
495,870
495,822
495,479
495,97
495,578
495,524
495,310
495,812
495,814
495,196
495,27
495,466
495,726
495,894
495,287
495,428
495,604
495,384
495,394
495,329
495,406
495,996
495,185
495,390
495,592
495,692
495,378
495,370
495,508
495,210
495,164
495,71
495,636
495,332
495,299
495,741
495,2
495,389
495,118
495,424
495,353
495,49
495,11
495,191
495,509
495,380
495,10
495,778
495,936
495,419
495,884
495,369
495,12
495,937
495,510
495,439
495,419
495,503
495,971
495,859
495,144
495,384
495,668
495,368
495,432
495,879
495,506
495,332
495,885
495,381
495,741
495,919
495,294
495,802
494,35
494,971
494,387
494,523
493,104
493,681
493,636
493,145
493,164
493,415
493,359
493,904
493,331
493,715
493,943
493,721
493,364
493,503
493,485
493,627
493,116
493,701
493,51
493,69
493,833
493,206
493,776
493,130
493,720
493,915
493,312
493,533
493,943
493,560
493,863
493,73
493,454
493,893
493,800
493,65
493,171
493,51
493,93
493,924
493,94
493,710
493,225
493,998
493,960
493,825
493,181
493,532
493,621
493,189
493,506
493,993
493,961
493,358
493,82
493,463
493,697
493,658
493,161
493,194
493,614
493,385
493,874
493,859
493,207
492,302
492,751
492,649
492,190
492,474
492,368
492,628
492,83
492,744
492,903
492,205
492,397
492,154
492,578
492,844
492,906
492,951
492,641
492,583
492,127
492,49
492,525
492,980
492,205
492,427
492,244
492,865
492,599
492,366
492,946
492,860
492,291
492,746
492,55
492,948
492,355
492,510
492,922
492,655
492,937
492,561
492,893
492,242
492,107
492,281
492,620
492,864
492,732
492,9
492,427
491,820
491,497
491,29
491,663
491,452
491,404
491,431
491,744
491,203
491,190
491,901
491,175
491,2
491,981
491,787
491,890
491,491
491,285
491,992
491,273
491,507
491,305
491,376
491,441
491,510
491,846
491,225
491,574
491,725
491,138
491,915
491,464
491,190
491,156
491,166
491,656
491,168
491,386
491,396
491,578
491,912
491,997
491,981
491,358
491,423
491,767
491,137
491,281
491,688
491,974
491,333
491,115
490,423
490,325
490,790
490,780
490,757
490,981
490,338
490,833
490,884
490,422
490,663
490,18
490,155
490,304
489,738
489,87
489,125
489,44
489,598
489,525
489,942
489,510
489,192
489,94
489,786
489,698
489,296
489,698
489,775
489,806
489,473
489,266
489,866
489,951
489,105
489,858
489,947
489,427
489,922
489,199
489,414
489,105
489,686
489,311
489,79
489,553
489,739
489,852
489,608
489,24
489,367
489,674
489,59
489,810
489,263
489,352
489,122
489,24
489,783
489,573
489,171
489,935
489,274
489,208
489,191
489,429
489,804
489,625
489,355
489,119
489,970
489,734
489,316
489,893
489,166
489,594
489,459
489,415
489,148
488,973
488,782
488,931
488,631
488,280
488,36
488,151
488,786
488,986
488,917
488,269
487,497
487,149
487,412
487,662
487,159
487,518
487,261
487,794
487,441
487,477
487,531
487,85
487,171
487,781
487,116
487,607
487,14
487,523
487,503
487,878
487,712
487,933
487,241
487,873
487,980
487,529
487,146
487,180
487,353
487,656
487,559
487,488
487,507
487,92
487,211
487,119
487,223
487,497
487,670
487,705
487,786
487,304
487,567
487,700
487,803
487,497
487,536
487,209
487,87
487,583
487,247
487,846
487,780
487,585
487,532
487,688
487,390
487,976
487,628
487,366
487,19
487,481
487,527
487,17
487,371
487,749
487,113
487,872
487,98
487,605
487,702
487,442
487,888
487,855
487,355
487,268
487,946
487,7
487,279
487,148
487,451
487,56
487,38
487,879
487,901
487,383
487,752
487,813
487,808
487,256
487,429
487,409
487,685
487,701
487,251
487,949
487,675
486,631
486,309
486,799
486,29
486,23
486,74
486,789
486,66
486,642
486,205
486,410
486,721
486,446
486,482
486,884
486,746
486,780
486,700
486,569
486,113
486,158
486,43
486,517
486,14
486,917
486,541
486,447
486,949
486,141
486,733
486,561
486,195
486,745
486,315
486,740
486,791
486,25
486,487
486,672
486,614
486,385
486,819
486,784
486,78
486,644
486,736
486,8
486,726
486,5
486,64
486,725
486,697
486,269
486,63
486,611
486,190
486,248
486,227
486,928
486,754
486,507
486,215
486,692
486,342
486,924
486,639
486,140
486,138
486,39
486,147
486,715
486,747
485,234
485,733
485,604
485,787
485,20
485,988
485,389
485,172
485,345
485,49
485,844
485,437
485,361
485,725
485,480
485,637
485,691
485,131
485,50
485,859
485,761
485,861
485,627
485,137
485,929
485,71
485,816
485,899
485,795
485,513
485,342
485,926
485,26
485,769
485,27
485,567
485,996
485,63
485,585
484,489
484,935
484,747
484,299
484,751
484,293
484,258
484,966
484,40
484,412
484,664
484,275
484,552
484,143
484,154
484,691
484,539
484,234
484,572
484,441
484,625
484,960
484,874
484,155
484,425
484,544
484,890
484,732
484,200
484,361
484,395
484,307
484,583
484,48
484,764
484,494
484,785
484,610
484,455
484,984
484,396
484,976
484,919
484,149
484,715
484,106
484,95
484,77
484,923
484,420
484,181
484,765
484,462
484,322
484,650
484,420
484,86
484,424
484,955
484,200
483,65
483,57
483,971
483,415
483,418
483,385
483,616
483,84
483,917
483,113
483,388
483,690
483,407
483,726
483,738
483,256
483,515
483,317
483,703
483,723
483,59
483,803
483,459
483,806
483,475
483,382
483,947
483,82
483,472
483,330
483,801
483,785
483,723
483,47
483,611
483,818
483,181
483,435
483,991
483,711
483,999
483,103
483,587
483,998
483,451
483,58
483,273
483,814
483,545
483,321
483,990
483,988
483,231
483,756
483,502
483,886
483,496
483,193
482,624
482,397
482,657
482,426
482,647
482,957
482,895
482,567
482,433
482,463
482,726
481,629
481,137
481,881
481,318
481,951
481,520
481,695
481,212
481,373
481,650
481,297
481,878
481,837
481,590
481,601
481,806
481,629
481,430
481,4
481,338
481,970
481,375
481,102
481,928
481,432
481,417
481,862
481,465
481,261
481,645
481,563
481,622
481,840
481,423
481,655
481,671
481,182
481,984
481,995
481,676
481,548
481,243
481,762
481,839
481,720
481,578
481,306
481,324
481,377
481,626
481,737
481,900
481,223
481,648
481,11
481,953
481,263
481,541
481,975
481,821
481,160
481,913
481,397
481,516
481,680
481,421
481,608
481,712
481,211
481,450
481,582
481,431
481,240
481,831
481,432
481,713
481,575
481,564
481,765
481,595
481,22
481,746
481,582
481,272
481,107
481,525
481,367
481,528
481,835
481,848
481,834
481,438
481,49
480,917
480,830
480,942
480,841
480,661
480,576
480,827
480,640
480,297
480,830
480,35
480,755
480,885
480,415
480,452
480,328
480,240
480,424
480,710
480,719
480,628
480,252
480,996
480,662
480,341
480,941
480,403
480,56
480,150
480,583
480,971
480,246
480,783
480,715
480,174
480,561
480,521
480,992
480,803
480,689
480,674
480,4
480,458
480,48
480,434
480,53
480,19
480,550
480,88
479,636
479,828
478,302
478,983
478,216
478,704
478,100
478,163
477,814
477,19
477,40
477,836
477,650
477,267
477,628
477,439
477,395
477,241
477,257
477,997
477,836
477,329
477,878
477,114
477,91
477,495
477,735
477,308
477,302
477,884
477,852
477,787
477,421
477,411
477,822
477,790
477,543
477,795
477,898
477,53
477,625
477,290
477,592
477,914
477,169
477,934
477,707
477,929
477,583
477,658
477,755
477,755
477,326
476,969
476,137
476,182
476,434
476,10
476,77
476,754
476,235
476,238
476,564
476,180
476,433
476,727
476,105
476,732
476,77
476,342
476,503
476,750
476,482
476,874
476,355
476,87
476,718
476,919
476,880
476,37
476,286
476,174
476,223
476,931
476,683
476,647
476,530
476,799
476,134
476,335
476,99
476,441
476,997
476,383
476,822
476,272
476,246
476,701
476,171
476,193
476,934
476,713
476,889
476,67
476,471
476,581
476,320
476,838
476,322
476,199
476,631
476,791
476,752
476,352
476,100
476,575
476,122
476,807
476,582
476,776
476,82
476,248
476,134
476,32
476,239
476,819
476,127
476,14
476,362
476,287
476,483
476,729
476,243
476,908
476,408
476,52
476,445
476,306
476,78
476,393
476,662
476,332
476,37
476,97
476,452
476,382
475,879
475,300
475,222
475,882
475,583
475,674
475,700
475,9
475,998
475,13
475,549
475,118
475,949
475,445
475,853
475,915
475,122
475,720
475,235
475,267
475,89
475,135
475,354
475,178
475,538
474,682
474,561
474,773
474,222
474,206
474,524
474,291
474,713
474,314
474,432
474,619
474,235
474,791
474,701
474,461
474,460
474,593
474,584
474,20
474,209
474,100
474,985
474,817
474,373
474,938
474,266
474,547
474,577
474,521
474,174
474,838
474,270
474,711
474,854
474,217
474,133
474,583
474,730
474,492
474,513
474,199
474,165
474,292
474,650
474,258
473,496
473,248
473,262
473,877
473,381
473,39
473,52
473,496
473,195
473,502
473,215
473,322
473,823
473,773
473,723
473,261
473,499
473,843
473,668
473,86
473,918
473,761
473,414
473,232
473,421
473,630
473,998
473,878
473,15
473,280
473,922
473,357
473,929
473,917
473,306
473,582
473,19
473,265
473,108
473,212
473,139
473,283
473,152
473,106
473,56
473,719
473,800
473,124
473,301
473,367
473,871
473,596
473,802
473,451
473,994
473,994
473,906
473,200
473,453
473,403
473,951
473,706
473,693
473,823
473,904
473,507
473,445
473,59
473,176
473,172
472,655
472,622
472,491
472,412
472,145
472,676
472,16
472,379
472,757
472,434
472,900
472,107
472,204
472,719
472,650
472,543
472,11
472,860
472,154
472,851
472,3
472,101
472,579
472,872
472,846
472,213
472,526
472,424
472,24
472,388
472,201
472,251
472,404
472,23
472,114
472,368
472,685
472,242
472,519
472,280
472,221
472,258
472,372
472,297
472,711
472,50
472,775
472,4
472,31
472,247
472,687
472,667
472,11
472,71
472,1
472,173
472,823
472,854
472,533
472,542
472,117
472,616
472,27
472,156
472,956
472,47
472,596
472,449
472,948
472,479
472,77
472,325
472,433
472,810
472,824
472,266
472,778
472,177
472,440
472,42
472,893
472,424
472,718
472,736
472,307
472,772
472,564
472,858
472,168
472,278
472,902
472,944
472,703
471,788
471,554
471,901
471,175
471,573
471,419
471,463
471,192
471,15
471,198
471,606
471,630
471,118
471,13
471,483
471,8
471,564
471,479
471,228
471,933
471,28
471,717
471,753
471,461
470,362
470,939
470,828
470,578
470,456
470,738
470,124
470,893
470,447
470,223
470,44
470,225
470,11
470,314
470,196
470,825
470,917
470,949
470,262
470,615
470,25
470,803
470,276
470,563
470,631
470,522
470,469
470,541
470,800
470,505
470,482
470,388
470,242
470,596
470,286
470,942
470,14
470,380
470,987
470,822
470,485
470,307
470,461
470,594
470,350
470,124
470,33
470,125
470,719
470,997
470,426
470,53
470,432
470,772
470,958
470,918
470,973
470,455
470,330
470,491
470,304
470,320
470,963
470,855
470,268
470,305
470,672
470,338
470,759
470,824
470,717
470,721
470,25
470,287
470,798
470,280
470,630
470,367
470,509
470,560
470,904
470,724
470,303
470,886
470,1
470,459
470,250
470,865
470,138
470,378
470,803
470,555
470,874
470,391
470,894
470,325
470,270
469,997
469,27
469,705
469,194
469,449
469,641
469,932
469,228
469,418
469,453
469,613
469,739
469,206
469,266
469,116
469,584
469,531
469,534
469,330
469,592
469,989
469,443
469,822
469,632
469,687
469,967
469,669
469,712
469,602
469,734
469,960
469,716
469,453
469,758
469,240
469,598
469,490
469,425
469,354
469,871
469,473
469,314
469,460
469,619
469,82
469,299
469,300
469,467
469,373
469,474
469,598
469,715
469,61
469,765
469,632
469,856
469,903
469,534
469,298
469,332
469,757
469,164
468,632
468,585
468,864
468,965
468,868
468,921
468,42
468,482
468,385
468,251
468,827
468,105
468,334
468,128
468,783
468,969
468,119
468,736
468,397
468,848
468,579
468,102
468,437
468,779
468,749
468,336
468,441
468,462
468,625
467,63
467,215
467,95
467,37
467,274
467,975
467,858
467,889
467,579
467,7
467,181
467,507
467,139
467,481
467,136
467,452
467,44
467,536
467,970
467,540
467,52
467,736
467,526
467,811
467,712
467,777
467,434
467,366
467,995
467,514
467,959
467,106
467,861
466,228
466,97
466,407
466,951
466,714
466,759
466,342
466,157
466,642
466,252
466,995
466,792
466,649
466,738
466,672
466,233
466,689
466,215
466,254
466,927
466,320
466,698
466,453
466,145
466,828
466,767
466,511
466,355
466,878
466,372
466,692
466,898
466,28
466,255
466,178
466,555
466,910
466,80
466,476
466,328
466,815
466,191
466,761
466,199
466,241
466,370
466,476
466,279
466,776
466,972
466,309
466,276
466,634
466,629
466,729
466,670
466,95
466,661
466,158
466,963
466,406
466,653
466,619
466,759
466,450
466,796
466,180
466,93
466,34
466,665
466,341
466,693
466,71
466,514
466,111
466,848
466,272
466,493
466,542
466,35
466,129
466,681
466,90
466,688
466,953
466,376
466,42
466,298
466,398
466,120
466,192
466,941
466,487
466,300
466,693
466,283
466,525
465,236
465,746
465,964
465,872
465,778
465,996
465,694
465,630
465,951
465,436
465,986
465,750
465,715
465,304
465,950
465,288
465,75
465,556
465,895
465,897
465,200
465,326
465,446
465,291
465,589
465,668
465,874
465,217
465,703
465,539
465,722
465,894
465,22
465,874
465,138
465,569
465,151
465,107
465,825
465,286
465,46
465,643
465,262
465,899
465,740
465,208
465,80
465,35
465,889
465,252
465,210
465,298
465,103
465,255
465,361
465,111
465,490
465,602
465,726
465,991
465,638
465,100
465,172
465,910
465,869
465,269
465,190
465,155
465,923
465,503
465,879
465,725
465,433
465,29
465,749
465,946
465,458
465,689
465,298
465,305
464,690
464,925
464,844
464,597
464,238
464,517
464,810
464,644
464,170
464,761
464,280
464,263
464,665
464,935
464,78
464,556
464,145
464,835
464,669
464,54
464,301
464,739
464,865
464,572
464,767
464,852
464,150
464,690
464,302
464,474
464,952
464,642
464,107
464,428
464,302
464,18
464,2
464,769
464,58
464,850
464,192
464,881
464,271
464,782
464,849
464,234
464,818
464,956
464,301
464,266
463,528
463,444
463,549
463,870
463,45
463,373
463,249
463,930
463,748
463,775
463,378
463,479
463,326
463,875
463,585
463,283
463,970
463,263
463,856
463,399
463,764
463,543
463,483
463,227
463,702
463,742
463,345
463,585
463,174
463,679
463,251
463,319
463,30
463,29
463,915
463,161
463,590
463,967
463,613
463,272
463,233
463,126
463,886
463,508
463,75
463,730
463,28
463,134
463,407
463,209
463,732
463,959
463,878
463,168
463,291
463,92
463,563
463,401
462,270
462,27
462,13
462,118
462,690
462,845
462,236
462,794
462,916
462,762
462,910
462,723
462,999
462,218
462,657
462,85
462,928
462,344
462,102
462,711
462,731
462,584
462,558
462,86
462,269
462,621
462,687
462,286
462,898
462,495
462,537
462,872
462,487
462,237
462,884
462,635
462,77
462,478
462,551
462,606
462,685
462,832
462,291
462,46
462,643
462,685
462,845
462,892
462,265
462,23
462,712
462,45
461,559
461,308
461,670
461,75
461,150
461,899
461,989
461,492
461,131
461,945
461,662
461,66
461,549
461,658
461,891
461,184
461,981
461,699
461,835
461,39
461,388
461,844
461,308
461,817
461,864
461,594
461,376
461,187
461,675
461,582
461,860
461,599
461,408
461,603
461,146
461,656
461,377
461,420
461,560
461,745
461,432
461,959
461,385
460,839
460,449
460,725
460,580
460,868
460,716
459,618
459,813
459,260
459,418
459,35
459,560
459,591
459,681
459,488
459,944
459,195
459,371
459,972
459,326
459,892
459,83
459,322
459,384
459,585
459,81
459,533
459,327
459,689
459,395
459,84
459,395
459,463
459,190
459,983
459,831
459,847
459,374
459,531
459,614
459,19
459,545
459,111
459,639
459,660
459,981
459,463
459,109
459,938
459,135
459,802
459,653
459,111
459,111
459,151
459,486
459,603
459,803
459,945
459,582
459,382
459,114
459,216
459,847
459,964
458,479
458,387
458,677
458,101
458,583
458,200
458,241
458,300
458,880
458,260
458,709
458,907
458,659
458,800
458,464
458,553
458,752
458,301
458,710
458,470
458,354
458,321
458,762
458,30
458,815
458,636
458,117
458,353
458,193
458,417
458,234
458,65
458,509
458,942
458,530
458,185
458,717
458,23
458,63
458,528
458,7
458,354
458,362
458,802
458,674
458,772
458,604
458,701
458,552
458,367
458,80
458,122
458,20
458,585
458,827
458,549
458,291
458,253
458,862
458,505
458,293
458,508
458,690
458,37
458,913
458,623
458,690
458,742
458,176
458,441
458,565
458,291
458,561
458,270
458,40
458,133
458,934
458,92
458,90
458,65
458,955
458,742
458,629
458,345
458,724
458,778
458,581
458,62
458,102
458,824
458,65
458,112
457,199
457,366
457,865
457,799
457,354
457,924
457,877
457,766
457,698
457,429
457,848
457,903
457,438
457,474
457,755
457,25
457,87
457,518
457,542
457,139
457,113
457,23
457,468
457,71
457,320
457,238
457,635
457,462
457,330
457,774
457,339
457,579
456,573
456,975
456,697
456,174
456,88
456,531
456,900
456,871
456,0
456,448
456,743
456,235
456,970
456,120
456,605
456,344
456,137
456,139
456,724
456,444
456,577
456,779
456,517
456,986
456,653
456,515
456,224
456,608
456,260
456,492
456,356
456,420
456,449
456,929
456,347
456,824
456,630
456,875
456,375
456,43
456,474
456,21
456,808
456,534
456,355
456,206
456,203
456,852
456,183
456,15
456,194
456,82
456,841
456,222
456,215
456,310
456,945
456,440
456,281
456,391
456,758
456,138
456,87
456,934
456,68
456,52
456,784
456,973
456,510
455,258
455,792
455,555
455,702
455,577
455,157
455,798
455,410
455,389
455,738
455,440
455,969
455,392
455,376
455,618
455,313
455,717
455,382
455,874
455,863
455,432
455,343
455,505
455,424
455,141
455,66
455,214
455,684
455,181
455,761
455,657
454,64
454,69
454,335
454,373
454,343
454,274
454,377
454,117
454,694
454,777
454,662
454,41
454,913
454,912
454,890
454,341
454,811
454,946
454,695
454,801
454,85
454,586
454,689
454,79
454,368
454,664
454,799
454,36
454,20
454,180
454,575
454,637
454,180
454,954
454,611
454,6
454,299
454,339
454,972
453,848
453,766
453,192
453,707
453,295
453,719
453,415
453,64
453,830
453,106
453,360
453,299
453,815
453,165
453,588
453,404
453,426
453,352
453,94
453,185
453,169
453,852
453,972
453,586
453,7
453,587
453,581
453,518
453,617
453,42
453,731
453,876
453,217
453,804
453,324
453,299
453,176
453,644
453,381
453,549
453,837
453,72
453,334
453,598
453,984
453,697
453,971
453,907
453,804
453,246
453,255
453,969
453,815
453,52
452,755
452,888
452,639
452,184
452,176
452,763
452,394
451,36
451,743
451,58
451,105
451,94
451,2
451,35
451,804
451,823
451,659
451,136
451,754
451,23
451,43
451,386
451,135
451,20
451,242
450,116
450,361
450,195
450,619
450,690
450,953
450,847
450,334
450,561
450,299
450,311
450,320
450,749
450,915
450,539
450,759
450,216
450,115
450,240
450,954
450,232
450,296
450,765
450,909
450,788
450,279
450,913
450,887
450,511
450,801
449,10
449,524
449,592
449,611
449,606
449,45
449,896
449,458
449,132
449,384
449,76
449,690
449,949
449,383
449,495
449,203
449,328
449,971
449,160
449,31
449,893
449,783
449,807
449,213
449,238
449,50
449,123
449,653
449,528
449,731
449,718
449,519
449,531
449,806
449,243
449,190
449,819
449,761
449,901
449,89
449,342
449,836
449,542
449,799
449,856
449,134
449,900
449,577
449,585
449,492
449,976
449,452
449,708
449,896
449,22
449,908
449,402
449,611
449,14
449,365
449,813
449,981
449,38
449,9
449,627
449,809
449,688
449,501
449,835
449,525
449,503
449,846
449,567
449,135
449,441
449,793
449,486
449,185
449,15
449,634
449,486
449,256
449,676
449,835
449,502
449,872
449,675
449,714
449,261
449,972
448,157
448,747
448,930
448,609
448,109
448,784
448,485
448,93
448,896
448,515
448,563
448,210
448,651
448,357
448,453
448,608
448,876
448,931
448,379
448,357
448,581
448,808
448,690
448,216
448,74
448,746
448,459
448,371
448,959
448,98
448,500
448,409
448,233
448,165
448,227
448,27
448,709
448,238
448,739
448,843
448,870
448,82
448,955
448,15
447,157
447,767
447,500
447,59
447,905
447,223
447,436
447,53
447,361
447,262
447,616
447,871
447,662
447,626
447,784
447,348
447,527
447,38
447,905
447,668
447,308
447,909
447,327
447,55
447,566
447,43
447,186
447,983
447,875
447,182
447,618
447,881
447,378
447,466
447,123
447,630
447,65
447,479
447,357
447,306
447,90
447,816
446,656
446,856
446,342
446,940
446,842
446,230
446,277
446,761
446,823
446,832
446,198
446,239
446,500
446,58
446,432
446,435
446,732
446,592
446,179
446,189
446,263
446,197
446,641
446,512
446,739
446,965
446,11
446,967
446,112
446,834
446,563
446,831
446,849
446,609
446,508
446,431
446,715
446,567
446,236
446,307
446,847
446,417
446,220
446,564
446,107
446,534
446,629
446,910
446,4
446,351
446,294
446,429
446,353
446,839
446,893
446,740
446,708
446,244
446,358
445,251
445,458
445,817
445,949
445,623
445,176
445,232
445,71
445,74
445,61
445,671
445,207
445,984
445,785
444,268
444,194
444,95
444,680
444,319
444,116
444,571
444,482
444,401
444,72
444,354
444,670
444,456
444,398
444,25
444,525
444,425
444,278
444,356
444,740
444,81
444,708
444,512
444,534
444,420
444,865
444,395
444,892
444,564
444,118
444,644
444,498
444,327
444,706
444,76
444,767
444,143
444,792
444,2
444,97
444,507
444,721
444,112
444,35
443,405
443,995
443,460
443,671
443,352
443,731
443,573
443,717
443,670
443,82
443,331
443,992
443,694
443,370
443,779
443,82
443,369
443,112
443,732
443,491
443,530
443,213
443,451
443,925
443,545
443,941
443,632
443,42
443,221
443,715
443,979
443,56
443,978
443,35
443,173
443,486
443,687
443,770
443,643
443,58
443,899
443,980
443,166
443,272
443,607
443,141
443,495
443,779
443,481
443,733
443,594
443,842
443,109
443,88
443,368
443,916
443,706
443,81
443,330
443,156
443,732
443,755
443,101
443,969
443,132
443,975
443,439
443,732
442,626
442,198
442,819
442,291
442,592
442,479
442,545
442,389
442,700
442,909
442,267
442,363
442,683
442,965
442,458
442,210
442,834
442,702
442,119
442,656
442,256
442,269
442,48
442,918
442,929
442,768
442,490
442,585
442,665
442,104
442,313
442,570
442,450
442,526
442,374
442,826
442,924
442,725
442,962
442,406
442,509
442,200
442,239
442,464
442,291
442,493
442,923
442,866
442,313
442,647
442,925
442,394
442,605
442,71
442,496
442,135
442,833
442,409
442,909
442,205
442,192
442,809
442,684
442,147
442,323
442,889
442,167
442,117
442,321
442,81
442,59
442,246
442,738
442,106
442,261
442,834
442,843
442,63
442,747
442,965
442,458
442,644
442,301
442,383
442,288
442,308
442,944
442,723
442,342
441,816
441,987
441,200
441,676
441,468
441,612
441,666
441,823
441,37
441,178
441,620
441,674
441,10
441,735
441,340
441,783
441,875
441,45
441,889
441,682
441,279
441,444
441,942
441,779
441,917
441,522
441,961
441,579
441,307
441,889
441,292
441,305
441,481
441,892
441,452
441,712
441,323
441,867
441,847
441,820
441,350
441,168
441,895
441,849
441,801
441,530
441,639
441,323
441,533
441,696
441,563
441,500
441,237
441,726
441,464
441,718
441,729
441,525
441,387
441,985
441,762
441,465
441,460
441,29
441,686
441,173
441,217
441,325
441,492
441,520
441,942
441,249
441,176
441,250
441,704
441,66
441,61
441,393
441,11
441,319
441,799
441,918
441,801
441,447
441,943
441,84
441,713
441,854
441,347
441,329
441,147
441,983
441,185
441,951
441,820
441,252
441,984
441,372
440,359
440,499
440,837
440,662
440,468
440,589
440,218
440,927
440,242
440,38
440,901
440,689
440,742
440,137
440,231
440,349
440,876
440,184
440,189
440,648
440,992
440,946
440,656
440,405
440,735
440,107
440,504
440,248
440,938
440,965
440,242
440,131
440,59
440,88
440,478
440,11
440,633
440,748
440,425
440,547
440,247
440,538
440,627
440,176
440,130
440,390
440,305
440,623
440,11
440,42
440,533
440,126
440,789
440,80
440,776
440,215
440,871
440,725
440,960
440,485
440,239
440,523
440,675
440,738
440,346
440,544
440,97
440,107
440,764
440,470
440,403
440,486
440,565
440,744
440,56
440,509
440,701
440,441
440,66
440,604
440,544
440,263
440,253
440,655
440,619
440,863
440,734
440,428
440,469
440,209
440,205
439,237
439,93
439,282
438,978
438,854
438,916
438,382
438,491
438,885
438,302
438,828
438,818
438,450
438,967
438,944
438,914
438,77
438,321
438,307
438,372
438,608
438,451
438,868
438,176
438,541
438,67
438,581
438,667
438,394
438,52
438,238
438,774
438,780
438,321
438,323
438,703
438,8
438,356
438,395
438,465
438,872
438,34
438,259
438,673
438,659
437,427
437,167
437,961
437,348
437,757
437,432
437,574
437,626
437,758
437,478
437,143
437,351
437,412
437,264
437,356
437,876
437,467
437,527
437,82
437,873
437,699
437,320
437,576
437,567
437,689
437,317
437,961
437,330
437,222
437,906
437,419
437,514
437,769
437,457
437,938
437,112
437,884
437,451
437,494
437,363
437,36
437,525
437,163
437,245
437,783
437,690
437,878
437,969
437,871
437,978
437,962
437,941
437,553
437,4
437,764
437,108
437,462
437,911
437,108
437,980
437,473
436,826
436,171
436,357
436,908
436,24
436,241
436,986
436,757
436,15
436,117
436,662
436,483
436,353
436,890
436,592
436,620
436,125
436,247
436,192
436,886
436,196
436,518
436,434
436,377
436,926
436,762
436,723
436,528
436,81
436,413
436,365
436,588
436,330
436,401
436,501
436,694
436,994
436,808
436,472
436,27
436,546
436,442
436,782
436,776
436,52
436,812
436,914
436,475
436,218
436,727
436,455
436,970
436,962
436,21
436,716
436,102
436,395
436,662
436,956
436,679
436,461
436,289
436,984
436,757
436,251
436,695
436,471
436,599
436,220
436,270
436,989
435,239
435,154
435,235
435,729
435,601
435,569
435,190
435,646
435,911
435,570
435,46
435,350
435,903
435,205
435,727
435,236
435,27
435,842
435,954
435,420
435,665
435,334
435,737
435,888
435,425
435,183
435,999
435,870
435,799
435,633
435,339
435,522
435,183
435,409
435,934
435,712
435,166
435,136
435,348
435,564
435,67
435,328
435,348
435,938
435,617
435,190
435,910
435,273
435,145
435,650
435,708
435,895
435,733
435,544
435,870
435,696
435,483
435,77
435,669
435,958
435,211
435,236
435,11
435,677
435,355
435,771
435,578
435,122
435,273
435,193
435,310
435,257
435,947
435,779
435,925
435,130
435,280
435,695
435,412
435,285
435,684
435,196
435,317
435,798
435,792
435,935
435,349
435,532
435,628
435,854
435,919
435,267
435,948
435,605
435,396
435,750
435,161
435,3
434,645
434,829
434,28
434,716
434,176
434,742
434,455
434,723
434,41
434,469
434,168
434,255
434,25
434,832
434,598
434,299
434,38
434,245
434,537
434,383
434,568
434,428
434,476
434,769
434,194
434,438
434,138
434,749
434,877
434,182
434,299
434,269
434,988
434,749
434,1
434,767
434,764
434,501
434,805
434,740
434,870
434,434
434,633
434,482
434,872
434,296
433,581
433,226
433,152
433,793
433,391
433,465
433,984
433,462
433,401
433,820
433,645
433,299
433,929
433,940
433,421
433,660
433,741
433,385
433,524
433,293
433,875
433,208
433,174
433,618
433,228
433,738
433,64
433,419
433,178
433,398
433,601
433,300
432,486
432,839
432,77
432,782
432,795
432,583
432,341
432,372
432,455
432,152
432,303
432,469
432,122
432,473
432,125
432,115
432,805
432,944
432,969
432,826
432,564
432,391
432,513
432,683
432,889
432,131
432,871
432,31
432,20
432,469
432,528
432,332
432,315
432,405
432,70
432,375
432,521
432,294
432,330
432,816
432,798
432,152
432,169
432,50
432,72
432,495
432,807
432,122
432,193
432,971
432,627
432,444
432,731
432,744
432,37
432,161
432,32
432,333
432,644
432,355
432,817
432,797
432,129
432,190
432,565
432,10
432,198
432,602
432,41
432,507
432,798
432,628
432,716
432,645
432,535
432,224
432,447
431,924
431,923
431,951
431,534
431,154
431,885
431,675
431,366
431,86
431,472
431,88
430,448
430,748
430,896
430,951
430,191
430,33
430,647
430,155
430,470
430,90
430,725
430,484
430,820
430,565
430,51
430,89
430,219
430,777
430,569
430,182
430,688
430,413
430,346
430,393
430,688
430,925
430,884
430,683
430,906
430,422
430,698
430,406
430,272
430,980
430,101
430,684
430,411
430,266
430,365
430,167
430,45
430,428
430,937
430,605
430,635
430,133
430,642
430,304
430,530
430,996
430,102
430,607
430,560
430,823
430,445
430,136
430,470
430,934
430,19
430,762
430,87
430,645
430,702
430,284
430,375
430,801
430,705
430,58
430,67
430,945
430,340
430,718
430,134
430,939
430,757
430,875
430,828
430,667
430,146
430,605
430,177
430,897
430,587
430,477
430,438
430,173
430,767
429,177
429,360
429,245
429,182
429,940
429,892
429,146
429,462
429,770
429,650
429,217
429,326
429,156
429,53
429,476
429,400
429,743
429,85
429,86
429,61
429,504
429,722
429,128
429,968
429,369
429,322
429,699
429,9
429,291
429,845
429,362
429,442
429,604
429,428
429,917
429,0
429,723
429,456
429,290
429,954
429,88
429,819
429,330
429,500
429,109
429,908
429,773
429,996
429,681
429,884
429,584
429,194
429,631
429,242
429,728
429,745
429,874
429,666
429,594
429,37
429,42
429,766
429,207
429,145
429,360
429,143
429,241
429,128
429,617
429,992
429,366
429,887
429,726
429,675
429,398
429,125
429,544
429,288
429,717
429,314
429,149
429,150
429,522
429,533
429,375
429,979
429,641
429,937
429,739
429,976
429,456
429,3
429,118
429,725
429,271
429,24
429,413
428,639
428,329
428,376
428,123
428,844
428,977
428,215
428,692
428,55
428,143
428,387
428,351
428,58
428,253
428,303
428,189
428,139
428,416
428,618
428,463
428,921
428,143
428,833
428,605
428,528
428,29
428,312
428,356
428,605
428,448
428,573
428,759
428,295
428,854
428,258
428,357
428,688
428,254
428,787
428,711
428,910
428,482
428,926
428,387
428,586
428,632
428,236
428,534
428,815
428,746
428,822
428,238
428,983
428,944
428,127
428,73
428,545
428,881
428,218
428,136
428,157
428,348
427,915
427,250
427,103
427,453
427,90
427,264
427,569
427,44
427,85
427,145
427,645
427,974
427,352
427,293
427,667
427,990
427,61
427,828
427,188
427,442
427,184
427,966
427,204
427,587
427,155
427,628
427,209
427,722
427,207
427,772
427,528
427,891
427,359
427,584
427,139
427,937
427,42
427,958
427,780
427,125
427,804
427,534
427,890
427,981
427,124
427,683
426,853
426,759
426,746
426,580
426,600
426,343
426,897
426,903
426,554
426,74
426,769
426,790
426,306
426,967
426,649
426,220
426,763
426,812
426,891
425,469
425,634
425,293
425,204
425,78
425,457
425,871
425,283
425,485
425,990
425,787
425,356
425,277
425,6
425,611
425,834
425,757
425,294
425,531
425,772
425,720
425,209
425,678
425,589
425,382
425,747
425,942
425,677
425,281
425,525
425,981
425,444
425,293
425,298
425,361
425,744
425,260
425,602
425,953
425,982
425,334
425,241
425,846
425,42
425,723
425,921
425,862
425,176
425,36
425,907
425,950
425,734
425,570
425,534
425,577
425,875
425,628
425,410
425,976
425,656
425,736
425,208
425,837
425,138
425,971
425,533
425,228
425,419
425,752
425,60
425,726
425,480
425,441
425,480
425,529
425,77
424,343
424,708
424,509
424,833
424,758
424,533
424,947
424,287
424,355
424,134
424,514
424,655
424,699
424,698
424,250
424,551
424,916
424,288
424,216
424,930
424,710
424,827
424,438
424,756
424,744
424,137
424,43
424,525
424,201
424,120
424,852
424,845
424,758
424,141
424,500
423,924
423,296
423,466
423,944
423,564
423,716
423,193
423,141
423,456
423,30
423,719
423,56
423,49
423,997
423,860
423,229
423,608
423,795
423,733
423,857
423,676
423,139
423,82
423,825
423,716
423,213
423,838
423,969
423,485
423,421
423,555
423,256
423,105
423,965
423,346
423,36
423,397
423,14
423,563
423,551
423,572
423,658
423,507
423,377
423,936
423,389
423,766
423,214
423,630
423,776
423,760
423,227
423,782
423,363
423,691
423,969
423,365
423,105
423,956
423,656
423,618
423,786
423,302
423,292
423,349
423,449
423,999
423,469
423,762
423,817
422,986
422,587
422,433
422,981
422,136
422,362
422,429
422,944
422,160
422,410
422,271
422,690
422,208
422,640
422,585
422,616
422,903
422,221
422,483
422,384
422,928
422,992
422,398
422,562
422,71
422,610
422,280
422,802
422,656
422,778
422,566
422,754
422,9
422,395
422,660
422,446
422,531
422,429
422,340
422,992
422,242
422,278
422,983
422,241
422,861
422,855
422,63
422,944
422,454
422,629
422,434
422,183
422,325
422,654
422,75
422,26
422,716
422,806
422,931
422,813
422,933
422,33
422,923
422,299
422,318
422,344
422,555
422,804
422,104
422,557
422,672
422,130
422,258
422,204
422,791
422,597
422,496
422,903
422,610
422,479
422,323
422,954
421,362
421,55
421,991
421,48
421,662
421,86
421,950
421,352
421,897
421,509
421,852
421,660
421,653
421,318
421,966
421,357
421,574
421,176
421,802
421,229
421,486
421,980
421,546
421,307
421,138
421,597
421,350
421,170
421,897
421,518
421,156
421,844
421,944
421,315
421,434
421,191
421,331
421,746
421,692
421,373
421,76
421,751
421,48
421,389
421,302
421,759
421,852
421,527
421,16
421,883
421,492
421,320
421,409
421,359
421,356
421,360
421,191
421,37
421,879
421,797
421,425
421,331
421,937
421,90
421,646
421,726
421,488
421,225
421,364
421,285
420,119
420,823
420,589
420,338
420,473
420,900
420,325
420,414
420,264
420,742
420,642
420,929
420,290
420,847
420,546
420,864
420,515
420,570
420,948
420,234
420,57
420,763
420,451
420,853
420,823
420,804
420,957
420,186
420,582
420,85
420,377
420,782
420,373
420,14
420,721
420,350
420,59
420,467
420,876
420,493
420,610
420,352
420,608
420,477
420,54
420,23
419,469
419,276
419,668
419,847
419,15
419,364
419,524
419,351
419,44
418,614
418,897
418,779
418,946
418,632
418,339
418,468
418,847
418,64
418,237
418,437
418,294
418,344
418,921
418,106
418,115
418,974
418,656
418,866
418,925
418,693
418,344
418,184
418,921
418,254
418,270
418,92
418,83
418,959
418,136
418,126
418,83
418,764
418,160
418,150
418,272
418,41
418,159
418,708
418,20
418,622
418,77
418,62
418,272
418,973
418,218
418,544
418,198
418,381
418,229
418,728
417,414
417,388
417,759
417,868
417,890
416,725
416,325
416,404
416,925
416,993
416,825
416,255
416,562
416,460
416,844
416,102
416,537
416,518
416,162
416,805
416,938
416,753
416,614
416,816
416,438
416,946
416,95
416,710
416,365
416,776
416,955
416,125
416,670
416,678
416,990
416,889
416,925
416,350
416,514
416,126
416,634
416,212
416,441
416,82
416,756
416,311
416,472
416,731
416,544
416,852
416,165
416,501
416,577
416,766
416,166
416,461
416,13
416,470
416,887
416,837
416,481
416,899
416,681
415,850
415,28
415,848
415,49
415,945
415,398
415,619
415,868
415,714
415,871
415,353
415,574
415,89
415,438
415,757
415,987
415,628
415,335
415,939
415,753
415,626
415,248
415,427
415,809
415,414
414,954
414,196
414,682
413,542
413,369
413,397
413,690
412,325
412,808
412,584
412,680
412,142
412,776
412,744
412,624
412,35
412,149
412,643
412,678
412,214
412,197
412,125
412,512
412,48
412,149
412,559
412,608
412,816
412,952
412,903
412,407
411,325
411,820
411,81
411,870
411,479
411,115
411,344
411,854
411,953
411,785
411,635
411,190
411,836
411,107
411,977
411,173
411,182
411,703
411,489
411,838
411,187
411,725
411,390
411,812
411,798
411,564
411,406
411,496
411,790
411,938
411,53
411,305
411,90
411,424
411,845
411,776
411,303
411,509
411,908
411,984
411,495
411,663
411,626
411,805
411,9
411,289
411,604
411,481
411,650
411,898
411,219
411,142
411,858
411,771
411,531
411,447
411,716
411,567
411,218
411,842
411,818
411,920
411,996
411,696
411,883
411,938
411,997
411,388
411,515
411,964
411,521
411,105
411,975
411,163
411,618
411,380
411,643
411,966
411,78
410,306
410,648
410,100
410,163
410,565
410,463
410,17
410,886
410,469
410,571
410,322
410,987
410,583
410,410
410,0
410,608
410,264
410,319
410,954
410,71
410,442
410,92
410,879
410,283
410,333
410,404
410,703
410,357
410,145
410,880
410,88
410,980
410,68
410,524
410,11
410,522
410,568
410,845
410,58
410,523
410,672
410,220
410,316
410,971
410,423
410,965
410,241
410,627
410,417
410,740
410,189
410,353
410,161
410,518
410,158
410,486
410,859
410,398
410,97
410,986
410,995
410,855
410,468
410,707
410,982
410,325
410,781
410,159
409,775
409,185
409,818
409,185
409,673
409,777
409,257
409,968
409,389
409,110
409,556
409,667
409,150
409,771
409,827
409,760
409,979
409,175
409,824
409,459
409,51
408,994
408,882
408,400
408,316
408,782
408,161
408,821
408,404
408,336
408,54
408,94
408,810
408,142
408,882
407,367
407,604
407,971
407,722
407,832
407,422
407,234
407,45
407,292
407,513
407,40
407,364
407,95
407,875
407,625
407,352
407,408
407,192
407,157
407,958
407,503
407,108
407,226
407,495
407,684
407,322
407,530
407,717
407,501
407,200
407,516
407,275
407,905
407,93
407,576
407,294
407,534
407,921
407,539
407,657
407,701
407,698
407,246
407,345
407,118
407,118
407,107
407,971
407,454
407,324
407,670
407,648
407,828
407,655
407,531
407,144
407,480
407,860
407,266
407,698
407,157
407,717
407,679
407,995
407,369
407,115
407,299
407,442
407,646
407,106
407,518
407,947
407,476
407,41
407,717
407,740
407,678
407,753
407,660
407,113
407,795
407,981
407,99
406,55
406,247
406,612
406,380
406,222
406,880
406,722
406,640
406,3
406,190
406,98
406,796
406,511
406,767
406,906
406,593
406,584
406,957
406,917
406,431
406,603
406,78
406,408
406,850
406,802
406,887
405,952
405,470
405,513
405,510
405,767
405,399
405,415
405,126
405,322
405,717
405,512
405,768
405,10
405,784
405,760
405,523
405,444
405,985
405,278
405,255
405,575
405,837
405,323
405,622
405,252
405,275
405,582
405,307
405,401
405,311
405,400
405,921
405,508
405,482
405,182
405,169
405,977
405,876
405,408
405,266
405,626
404,332
404,421
404,851
404,582
404,90
404,566
404,67
404,666
404,898
404,297
404,580
404,747
404,842
404,627
404,867
404,543
404,712
404,294
404,787
404,656
404,339
404,99
404,783
404,320
404,751
404,444
404,582
404,270
404,166
404,786
404,308
404,478
404,793
404,347
404,169
404,876
404,314
404,294
404,635
404,176
404,983
404,41
404,488
404,438
404,724
404,331
404,731
404,853
404,385
404,905
404,86
404,242
404,396
404,225
404,176
404,693
404,750
404,837
404,568
404,955
404,604
404,797
404,130
404,381
404,30
404,290
404,570
404,241
404,332
404,597
404,972
404,80
404,599
404,714
404,848
404,85
404,89
404,19
404,482
404,919
404,144
404,364
404,672
404,577
404,346
404,525
404,286
404,163
404,300
404,543
403,332
403,852
403,418
403,813
403,655
403,17
403,972
403,314
403,23
403,77
403,355
403,463
403,289
403,313
403,73
403,199
403,693
403,500
403,289
403,800
403,15
403,771
403,283
403,165
403,878
403,985
403,305
403,47
403,121
403,219
403,497
403,729
403,235
403,258
403,950
403,523
403,882
403,236
403,780
403,202
403,107
403,207
403,832
403,715
403,11
403,527
403,935
403,82
403,950
403,573
403,312
403,112
403,364
403,239
403,432
403,242
403,762
403,799
403,576
403,248
403,547
403,458
403,849
403,734
403,291
403,46
403,90
402,855
402,578
402,65
402,448
402,248
402,950
402,620
402,703
402,740
402,281
402,925
402,865
402,218
402,55
402,202
402,918
402,245
402,195
402,484
402,499
402,424
402,744
402,751
402,318
402,538
402,694
402,692
402,127
402,81
402,892
402,745
402,679
402,443
402,937
402,525
402,698
402,188
402,969
402,821
402,901
402,859
402,94
402,601
402,99
402,447
402,185
402,624
402,674
402,967
402,367
402,925
402,815
402,684
402,490
402,412
402,513
402,762
402,128
402,945
402,776
402,457
402,299
402,932
402,732
402,221
402,288
402,368
402,631
402,640
402,59
402,969
402,42
402,0
402,302
402,288
402,253
402,987
402,165
402,618
402,124
402,869
402,919
402,488
402,276
402,136
402,681
402,398
402,448
402,592
402,976
402,435
402,271
402,395
402,432
402,907
402,835
402,354
402,568
402,630
401,95
401,27
401,550
401,305
401,723
401,922
401,140
401,341
401,825
401,919
401,425
401,673
401,156
401,940
401,726
401,75
401,3
401,750
401,386
401,691
401,859
401,742
401,490
401,250
400,663
400,873
400,833
400,702
400,543
400,896
400,556
400,694
400,67
400,321
400,246
400,360
400,509
400,296
400,635
399,549
399,807
399,108
399,115
399,478
399,369
399,896
399,689
399,640
399,357
399,497
399,188
399,107
399,538
399,740
399,105
399,960
399,559
399,564
399,36
399,215
399,233
399,57
399,99
399,410
399,55
399,825
399,466
399,661
399,878
399,765
399,382
399,453
399,611
399,54
399,84
399,149
399,596
399,627
399,424
399,375
399,526
399,69
399,744
399,658
399,674
399,536
399,970
399,782
399,202
398,628
398,475
398,335
398,471
398,915
398,195
398,873
398,408
398,361
398,118
398,978
398,38
398,364
398,395
398,128
398,49
398,365
398,113
398,800
398,478
398,901
398,125
398,242
398,509
398,182
398,0
398,186
398,27
398,563
398,490
398,890
398,958
398,622
398,829
398,363
398,606
398,588
398,955
398,550
398,430
398,287
398,758
397,68
397,134
397,938
397,507
397,152
397,312
397,308
397,559
397,816
397,887
397,159
397,536
397,212
397,751
397,493
397,102
397,438
397,132
397,422
397,442
397,315
397,413
397,122
397,62
397,612
397,387
397,898
397,897
397,178
397,398
397,230
397,157
397,997
397,741
397,445
397,664
397,663
397,472
397,808
397,900
397,910
397,320
397,795
397,130
396,476
396,84
396,168
396,773
396,100
396,451
396,535
396,157
396,884
396,861
396,290
396,727
396,189
396,38
396,435
396,491
396,567
396,608
396,327
396,80
396,360
396,793
396,430
396,305
396,176
396,910
396,68
396,958
396,132
396,155
396,253
395,804
395,364
395,739
395,884
395,670
395,184
395,248
395,512
395,925
395,763
395,371
395,617
395,353
395,523
395,817
395,554
395,261
395,393
395,411
395,686
395,171
395,527
395,447
395,931
395,10
395,903
395,526
395,592
395,163
395,138
395,492
395,134
395,539
395,753
395,239
395,758
395,918
395,223
395,50
395,140
395,127
395,441
395,290
395,856
395,298
395,462
395,496
395,720
395,622
395,689
395,660
395,665
395,784
395,242
395,998
395,174
395,704
395,497
395,853
395,360
395,412
395,453
395,352
395,844
395,476
395,202
395,248
395,970
395,251
395,314
395,922
395,439
395,132
395,763
395,709
395,84
395,196
395,530
395,412
395,104
395,955
395,860
395,321
395,514
395,605
395,175
395,362
395,320
395,327
395,369
395,197
395,411
395,962
395,960
395,388
395,843
395,682
394,894
394,968
394,203
394,93
394,668
394,692
394,128
394,961
394,81
394,12
394,44
394,991
394,691
394,739
394,873
394,266
394,761
394,700
394,617
394,172
394,659
394,61
394,434
394,442
394,629
394,828
394,890
394,108
394,403
394,742
394,201
394,781
394,590
394,837
394,243
394,493
394,243
394,241
394,186
394,628
394,723
394,683
394,124
393,847
393,889
393,497
393,200
393,487
393,151
393,419
393,310
393,247
393,435
393,946
393,280
393,282
393,540
393,78
393,974
393,123
393,468
393,942
393,806
393,451
393,911
393,279
393,484
393,254
393,189
393,216
393,977
393,862
393,977
393,145
393,314
393,678
393,435
393,80
393,47
393,778
393,389
393,194
393,782
393,741
393,308
393,448
393,541
393,916
393,965
393,259
393,970
393,462
393,261
393,406
393,67
393,780
393,876
393,512
393,160
393,38
393,636
393,196
393,984
393,734
393,884
393,296
393,126
393,68
393,906
393,732
393,797
393,656
393,468
393,16
393,459
393,852
393,137
393,661
393,638
393,82
393,78
393,375
393,951
393,27
393,639
393,425
393,499
393,457
393,291
393,959
393,503
393,83
393,826
393,10
393,565
393,704
393,662
392,828
392,989
392,463
392,478
392,718
392,71
392,337
392,134
392,744
392,990
392,0
392,253
392,234
392,759
392,474
392,779
392,824
392,520
392,732
392,638
392,819
392,247
392,593
392,165
392,36
392,294
392,740
392,579
392,192
392,261
392,917
392,308
392,954
392,844
392,723
392,170
392,390
392,0
392,88
392,12
392,55
392,986
392,319
392,571
392,372
392,714
392,546
392,86
392,690
392,313
392,590
392,800
392,219
392,959
392,792
392,799
392,76
392,323
392,858
392,48
392,343
392,826
392,448
392,778
392,285
392,673
392,487
392,923
392,533
391,571
391,403
391,384
391,897
391,751
391,213
391,547
391,855
391,236
391,366
391,729
391,702
391,796
391,470
391,397
391,772
391,813
391,602
391,872
391,543
391,603
391,43
391,50
391,140
391,937
391,986
391,206
391,954
391,444
391,255
391,54
391,337
391,594
391,343
391,774
391,316
391,285
391,316
391,868
391,556
391,814
391,18
391,859
391,802
391,615
391,444
391,929
391,386
391,327
391,217
391,704
391,478
391,156
391,786
391,988
391,911
391,89
391,411
391,349
391,667
391,110
391,999
391,765
391,7
391,361
391,682
391,804
391,594
391,801
390,100
390,384
390,171
390,936
390,486
390,956
390,550
390,334
390,233
390,749
390,165
390,307
390,586
390,192
390,734
390,945
390,919
390,726
390,77
390,29
390,669
390,669
390,626
389,291
389,437
389,863
389,864
389,18
389,96
389,449
389,740
389,639
389,564
389,187
389,824
389,657
389,295
389,979
389,799
389,682
389,903
389,862
389,324
389,66
389,827
389,961
389,38
389,128
389,502
389,524
389,379
389,693
389,942
389,289
389,729
389,679
389,746
389,470
389,108
389,269
389,775
389,641
389,418
389,531
389,583
389,662
389,543
389,162
389,39
389,732
389,649
389,94
389,903
389,279
389,615
389,635
389,546
389,550
389,329
389,711
388,251
388,819
388,764
388,389
388,882
388,718
388,868
388,917
388,276
388,901
388,382
388,851
388,782
388,558
388,75
388,46
388,135
388,645
388,914
388,788
388,392
388,273
387,710
387,915
387,44
387,555
387,311
387,414
387,751
387,638
387,518
387,241
387,646
387,400
387,358
387,446
387,179
387,203
387,832
387,253
387,387
387,730
387,525
387,79
387,510
387,30
387,847
387,497
387,524
387,639
387,349
387,554
387,689
387,270
387,387
387,58
387,305
387,138
387,569
387,184
387,762
387,976
387,67
387,13
387,135
387,755
387,978
387,879
387,743
387,528
387,541
387,70
387,481
387,565
387,862
387,43
387,129
387,392
387,921
387,446
387,487
387,227
387,59
387,645
386,118
386,949
386,16
386,186
386,639
386,200
386,188
386,716
386,35
386,933
386,585
386,411
386,705
386,316
386,653
386,286
386,669
386,188
386,790
386,118
386,702
386,831
386,940
386,576
386,744
386,629
386,280
386,807
386,810
386,944
386,234
386,944
386,494
386,610
386,935
386,274
386,478
386,269
386,885
386,637
386,27
386,179
386,664
386,867
386,535
386,370
386,312
386,471
386,230
386,146
386,677
386,785
386,440
386,428
386,505
386,654
386,882
386,635
386,312
386,824
386,744
386,573
386,199
386,867
386,456
386,390
386,38
386,567
386,649
386,683
386,774
386,927
385,276
385,438
385,668
385,429
385,699
385,574
385,997
385,176
385,485
385,835
385,371
385,121
385,757
385,783
385,84
385,7
385,113
385,474
385,974
385,489
385,152
385,242
384,477
384,543
384,322
384,725
384,361
384,98
384,169
384,292
384,417
384,57
384,705
384,50
384,24
384,762
384,827
384,868
384,768
384,451
384,610
384,320
384,646
384,836
384,153
384,30
384,279
384,493
384,337
384,350
384,931
384,826
384,970
384,295
384,126
384,222
383,917
383,709
383,17
383,899
383,803
383,951
383,910
383,371
383,556
383,804
383,4
383,834
383,120
383,107
383,555
383,509
383,70
382,524
382,268
382,938
382,788
382,214
382,423
382,480
382,176
382,804
382,551
382,707
382,54
382,130
382,906
382,149
382,980
382,471
382,805
382,761
382,412
382,670
382,291
382,755
382,532
382,753
382,614
382,751
382,179
382,848
382,728
382,287
382,768
382,16
382,790
382,43
382,990
382,82
382,370
382,894
382,798
382,633
382,833
382,38
382,806
382,83
382,362
382,309
382,667
382,443
382,270
382,210
382,749
382,302
382,756
382,369
382,565
382,125
382,689
382,465
381,719
381,128
381,288
381,512
381,651
381,187
381,472
381,795
381,305
381,435
381,17
381,222
381,851
381,684
381,987
381,373
381,844
381,714
381,969
381,137
381,237
381,124
381,740
381,375
381,379
381,665
381,412
381,211
381,963
381,607
381,598
381,861
381,992
381,864
381,38
381,541
381,50
381,111
381,670
381,617
381,526
381,359
381,37
381,132
381,617
381,571
381,20
381,151
381,784
381,308
381,534
381,518
381,536
381,283
381,343
381,810
381,390
381,669
381,645
381,464
381,109
381,327
381,0
381,698
381,330
381,812
381,894
381,71
381,429
381,419
381,769
381,392
381,283
381,875
381,541
381,485
381,806
381,15
381,43
381,811
380,704
380,845
380,458
380,307
380,279
380,739
380,725
380,106
380,890
380,509
380,384
380,392
380,550
380,123
380,863
380,667
380,224
380,93
380,173
380,115
380,13
380,215
380,665
380,133
380,136
380,530
380,713
380,38
380,498
380,815
380,573
380,315
380,418
380,171
380,20
380,755
380,35
380,42
380,30
380,227
380,725
380,111
380,444
380,251
380,293
380,563
380,279
380,53
380,224
380,929
380,438
380,448
380,116
380,57
380,660
380,979
380,975
380,209
380,186
380,117
380,243
380,345
380,79
380,708
380,136
380,565
380,471
380,642
380,677
380,558
380,857
380,172
380,50
380,165
380,191
380,726
380,726
380,181
380,155
380,643
380,455
380,138
380,337
380,485
380,262
380,551
380,565
380,896
380,899
380,627
380,655
380,894
379,114
379,591
379,651
379,843
379,157
379,659
379,103
379,346
379,10
379,572
379,242
379,737
378,278
378,332
378,144
378,405
378,403
378,133
378,689
378,504
378,275
378,35
378,183
378,531
378,518
378,502
378,339
378,798
378,625
378,491
378,92
378,383
378,903
378,265
378,733
378,829
378,606
378,890
378,634
378,913
378,903
378,307
378,689
378,64
378,854
378,797
378,823
378,483
378,884
378,945
378,693
378,669
378,268
378,600
378,228
378,686
378,304
378,942
378,457
378,222
378,144
378,122
378,632
378,905
378,348
378,478
378,532
378,96
378,527
378,934
377,380
377,652
377,591
377,905
377,932
377,153
377,781
377,689
377,582
377,370
377,613
377,926
377,433
377,19
377,540
377,972
377,635
377,40
377,608
377,249
377,865
377,460
377,823
377,805
377,16
377,722
377,797
377,151
377,948
377,660
377,255
377,855
377,257
377,755
377,683
377,280
377,503
377,157
377,930
377,109
377,882
377,454
377,98
377,203
377,608
377,387
377,626
377,81
377,712
377,812
377,218
377,58
377,202
377,848
377,602
377,815
377,15
377,642
377,666
376,967
376,446
376,446
376,746
376,37
376,856
376,156
376,208
376,690
376,842
376,366
376,981
376,333
376,92
376,294
376,484
376,262
376,200
376,934
376,379
376,231
376,36
376,797
375,27
375,223
375,838
375,935
375,501
375,52
375,389
375,82
375,584
375,870
375,404
375,89
375,98
375,399
375,512
375,466
375,32
375,180
375,707
375,765
375,211
375,118
375,303
375,637
375,788
375,987
375,684
375,240
375,743
375,526
375,612
375,421
375,927
375,647
375,601
375,706
375,248
375,411
375,244
375,840
375,285
375,906
375,897
375,843
375,576
375,295
375,475
375,847
375,526
375,245
375,350
375,9
375,256
375,170
375,119
375,189
375,907
375,916
375,934
375,543
375,399
375,0
375,232
375,930
375,816
374,826
374,15
374,185
374,427
374,381
374,344
374,486
374,268
374,361
374,225
374,648
374,668
374,139
374,672
374,589
374,338
374,589
374,518
374,722
374,716
374,847
374,890
374,661
374,937
374,532
374,730
374,145
374,69
374,988
374,32
374,407
374,46
374,26
374,140
374,396
374,771
374,206
374,462
374,32
374,524
374,545
374,284
374,653
374,636
374,588
374,287
374,975
374,108
374,703
374,599
374,92
374,729
374,298
374,2
374,218
374,473
374,871
374,760
374,878
374,680
374,705
374,947
374,829
374,613
374,695
374,598
374,719
374,199
374,892
374,742
374,699
374,676
374,822
374,599
374,384
374,535
374,707
374,391
374,660
374,760
374,626
374,918
374,114
374,358
374,862
374,539
374,427
373,772
373,546
373,277
373,490
373,179
373,716
373,737
373,948
373,777
373,229
373,787
373,625
373,95
373,68
373,5
373,91
373,102
373,437
373,977
373,846
373,361
373,840
373,209
373,208
373,964
373,237
373,41
373,413
373,176
373,667
373,578
373,356
373,603
373,949
373,687
373,123
373,581
373,750
373,764
373,475
373,501
373,123
373,912
373,178
373,739
373,682
373,640
373,332
373,263
373,602
373,656
373,696
373,96
372,341
372,634
372,991
372,994
372,24
372,356
372,191
372,799
372,505
372,635
372,392
372,849
372,542
372,38
372,764
372,675
372,568
372,669
372,656
372,755
372,435
372,554
372,486
372,671
372,419
372,508
372,462
372,578
372,706
372,322
372,372
372,443
372,104
372,688
372,341
372,418
372,360
372,858
372,859
372,395
372,659
372,946
372,804
372,875
372,367
372,212
372,372
372,800
372,291
372,747
372,885
372,28
372,441
372,433
372,378
372,177
372,810
372,981
372,935
372,692
372,591
372,539
372,802
372,959
372,74
372,591
372,272
372,867
372,543
372,814
372,171
372,69
372,322
372,258
372,915
372,414
372,633
372,805
372,936
372,257
371,584
371,902
371,630
371,720
371,416
371,162
371,778
371,832
371,595
371,300
371,442
371,158
371,482
371,71
371,515
371,712
371,907
371,3
370,419
370,202
370,24
370,162
370,743
370,695
370,849
370,764
370,286
370,756
370,750
370,740
370,187
370,350
370,128
370,656
370,582
370,536
370,350
370,440
370,347
370,611
370,287
370,211
370,610
370,583
370,408
370,855
370,130
370,946
370,925
370,805
370,100
370,832
370,337
369,715
369,362
369,784
369,297
369,973
369,551
369,85
369,239
369,904
369,569
369,141
369,285
369,676
369,478
369,429
369,25
369,782
369,359
369,6
369,484
369,607
369,894
369,296
369,729
369,877
369,111
369,544
369,984
369,161
369,495
369,426
369,281
369,412
369,589
368,906
368,340
368,609
368,579
368,654
368,106
368,964
368,592
368,3
368,758
368,581
368,440
368,4
368,627
368,470
368,540
368,1
368,904
368,230
368,616
368,458
368,228
368,847
368,831
368,188
368,905
368,582
368,599
368,890
368,756
368,92
368,107
368,19
368,404
368,343
368,296
368,461
368,947
368,378
368,947
368,996
368,987
368,103
368,358
368,984
368,498
368,246
368,363
368,602
368,238
368,789
368,78
368,755
368,119
368,505
368,652
368,204
368,156
368,46
367,108
367,265
367,957
367,639
367,53
367,852
367,685
367,792
367,294
367,247
367,547
367,380
367,581
367,934
367,227
367,868
367,581
367,281
367,356
367,376
367,15
367,257
367,254
367,182
367,801
367,711
367,558
367,477
367,90
367,184
367,90
367,395
367,677
367,451
367,153
367,224
367,644
367,64
367,536
367,518
367,132
367,416
367,619
367,344
367,507
367,627
367,852
367,689
366,622
366,683
366,548
366,926
366,384
366,154
366,370
366,863
366,5
366,940
366,675
366,117
366,838
366,722
366,664
366,532
366,459
366,490
366,788
366,812
366,276
366,605
366,117
366,696
366,974
366,64
366,687
366,586
366,382
366,629
366,246
366,434
366,283
366,726
366,297
366,178
366,775
366,200
366,749
366,32
366,545
366,825
366,214
366,25
366,600
366,126
366,595
366,536
366,127
366,363
366,954
366,31
366,832
366,190
366,617
366,323
366,881
366,421
366,509
366,425
366,630
365,79
365,647
365,771
365,879
365,121
365,936
365,164
365,813
365,32
365,590
365,813
365,302
365,165
365,996
365,414
365,651
365,340
365,374
365,937
365,740
365,759
365,920
365,298
365,808
365,11
365,545
365,808
365,685
365,819
365,502
365,20
365,916
365,994
365,332
365,657
365,7
365,69
365,840
365,687
365,803
365,434
364,378
364,746
364,706
364,898
364,905
364,992
364,705
364,237
364,750
364,39
364,65
364,850
364,922
363,200
363,999
363,11
363,599
363,91
363,912
363,968
363,20
363,289
363,537
363,334
363,137
363,921
363,708
363,358
363,97
363,244
363,256
363,296
363,717
363,718
363,715
363,5
363,24
363,251
362,936
362,908
362,460
362,180
362,119
362,524
362,540
362,749
362,82
362,691
362,220
362,171
362,811
362,42
362,123
362,454
362,822
362,985
362,536
362,772
362,862
362,572
362,972
362,782
362,182
362,562
362,655
362,103
362,688
362,140
362,920
362,479
362,465
362,582
362,391
362,905
362,332
362,564
362,785
362,421
362,951
362,729
362,72
362,894
362,533
362,273
362,68
362,925
362,421
361,212
361,601
361,384
361,451
361,256
361,773
361,713
361,445
361,117
361,962
361,84
361,87
361,749
361,561
361,138
361,155
361,826
361,42
361,556
361,253
361,253
361,550
361,652
361,138
361,97
361,288
361,399
361,304
361,47
361,985
361,158
361,534
361,691
360,951
360,547
360,576
360,896
360,973
360,192
360,750
360,60
360,840
360,718
360,776
360,753
360,873
360,897
360,449
360,386
360,271
360,149
360,942
360,258
360,848
360,993
360,720
360,154
360,71
360,752
360,909
360,739
360,132
360,426
360,710
360,682
360,763
360,716
360,353
360,204
360,62
360,371
360,684
360,227
360,461
360,726
360,55
360,535
360,587
360,609
360,937
360,764
360,782
360,281
360,746
360,14
360,108
360,632
360,671
360,604
360,750
360,462
360,114
360,136
360,790
360,124
360,110
360,899
360,515
360,45
360,120
360,213
360,767
360,471
360,679
360,360
360,129
360,964
360,298
360,400
360,784
360,238
359,638
359,792
359,335
359,530
359,270
359,75
359,170
359,751
359,416
359,77
359,910
359,490
359,18
359,286
359,842
359,951
359,633
359,738
359,685
359,227
359,811
359,878
359,85
359,596
359,534
359,463
359,417
359,184
359,987
359,865
359,992
359,859
359,608
359,497
359,476
359,381
359,773
359,532
359,381
359,649
359,613
359,550
359,785
359,262
359,452
359,202
359,94
359,2
359,878
359,402
359,56
359,810
359,543
359,285
359,564
359,50
359,955
359,348
359,356
359,818
359,341
359,60
359,675
359,336
359,745
359,273
359,795
359,723
359,77
359,673
359,729
359,653
359,892
359,5
359,681
359,565
359,600
359,108
359,258
359,713
359,975
359,831
359,771
359,61
359,192
359,44
359,848
359,610
359,670
359,340
359,614
359,177
359,218
359,606
359,598
358,680
358,681
358,763
358,466
358,824
358,406
358,43
358,444
358,782
358,165
358,720
358,96
358,231
358,680
358,417
358,800
358,443
358,863
358,95
358,221
358,284
358,687
358,713
358,702
358,243
358,25
358,87
358,673
358,496
358,162
358,165
358,985
358,401
358,247
358,620
358,114
358,231
358,922
358,332
358,973
358,230
358,348
358,361
358,306
358,945
358,664
358,963
358,664
358,285
358,452
358,969
358,324
358,816
358,360
358,293
358,762
358,706
358,86
358,55
358,200
358,45
358,320
358,59
358,453
358,268
358,955
358,530
358,842
358,795
358,386
358,627
358,270
358,879
358,369
358,992
358,390
358,572
358,132
358,194
358,706
358,557
358,217
358,73
357,398
357,651
357,983
357,257
357,571
357,466
357,839
357,922
357,373
357,716
357,809
357,297
357,688
357,210
357,580
357,835
357,873
357,386
357,534
357,509
357,10
357,684
357,104
357,134
357,117
357,101
357,677
357,655
357,849
357,102
357,999
357,577
357,999
357,261
357,326
357,590
357,154
357,904
357,456
357,77
357,792
357,863
357,304
357,853
357,117
357,107
357,576
357,78
357,732
357,288
357,254
357,315
357,449
357,503
357,758
357,671
357,597
357,714
357,831
357,408
357,655
357,64
357,633
357,407
357,314
357,327
357,358
357,347
356,94
356,649
356,907
356,985
356,87
356,884
356,347
356,286
356,639
356,607
356,845
356,968
356,658
356,656
355,55
355,867
355,423
355,826
355,943
355,172
355,635
355,15
355,87
355,863
355,683
355,466
355,566
355,268
355,240
355,767
355,3
355,872
355,593
355,779
355,358
355,511
355,866
355,316
355,288
355,385
355,63
355,811
355,23
355,513
355,830
355,248
355,567
355,306
355,418
355,35
355,832
355,795
355,220
354,665
354,635
354,73
354,828
354,100
354,71
354,659
354,773
354,774
354,155
354,409
354,752
354,339
354,167
354,506
354,917
354,760
354,486
354,332
354,408
354,223
354,241
354,91
354,122
354,62
354,561
354,819
354,77
354,781
354,576
354,844
354,659
354,695
354,75
354,316
354,201
354,91
354,498
353,762
353,55
353,933
353,687
353,729
353,661
353,941
353,31
353,523
353,653
353,692
353,527
353,20
353,905
353,872
353,144
353,550
353,936
353,46
353,507
353,83
353,376
353,912
353,69
353,786
353,90
353,231
353,608
353,555
353,680
353,569
353,586
353,735
353,838
352,192
352,552
352,744
352,234
352,21
352,373
352,535
352,81
352,669
352,738
352,378
352,490
352,426
352,155
352,678
352,246
352,887
352,521
352,826
352,765
351,91
351,28
350,227
350,911
350,529
350,108
350,459
350,892
350,801
350,405
350,24
350,334
350,465
350,228
350,669
350,927
350,493
350,618
350,965
350,485
350,898
350,820
350,285
350,630
350,799
350,482
350,67
350,630
350,652
350,227
350,660
350,550
350,817
350,374
350,812
350,796
350,648
350,210
350,138
350,81
350,929
350,745
350,344
350,57
350,566
350,140
350,205
349,5
349,654
349,966
349,78
349,390
349,586
349,145
349,109
349,215
349,194
349,726
349,828
349,146
349,208
349,119
349,48
349,322
349,840
349,213
349,611
349,907
349,809
349,591
349,179
349,916
349,116
349,86
349,997
349,345
349,839
349,728
349,876
349,299
349,527
349,239
349,331
349,535
349,682
349,89
349,96
349,885
349,983
349,231
349,494
349,146
349,493
349,429
349,419
349,929
349,305
349,812
349,203
349,445
349,555
349,290
349,539
349,910
349,899
349,840
349,961
349,264
349,847
349,77
349,566
349,301
349,962
349,52
349,968
349,637
349,744
349,698
349,211
349,396
349,632
349,402
349,254
349,304
349,859
349,475
349,21
349,144
349,678
349,196
349,863
349,791
348,473
348,758
348,37
348,316
348,742
348,628
348,279
348,633
348,369
348,439
348,333
348,370
348,160
348,532
348,892
348,284
348,625
348,421
348,966
348,755
348,576
348,485
348,849
348,510
348,592
348,725
348,329
348,116
348,619
348,322
348,641
348,129
348,871
348,726
348,404
348,126
348,330
348,905
348,644
348,557
348,311
348,599
348,63
348,624
348,328
348,887
348,912
348,290
348,813
348,926
348,904
348,163
348,186
348,700
348,988
348,182
348,535
348,901
348,867
348,632
348,92
348,972
348,548
348,90
348,660
348,483
348,215
348,253
348,834
348,714
348,900
348,125
348,241
348,483
348,291
348,563
348,274
348,274
348,794
348,255
348,570
348,490
348,801
348,167
348,851
348,851
348,516
348,910
348,203
347,199
347,739
347,165
347,38
347,650
347,546
347,340
347,782
347,542
347,54
347,601
347,166
347,736
347,443
347,865
347,440
347,275
347,851
347,413
347,229
347,894
347,897
347,254
347,565
347,200
347,644
347,165
347,435
347,870
346,651
346,803
346,945
346,868
346,981
346,381
346,399
346,179
346,986
346,284
346,738
346,914
346,606
346,92
346,408
346,837
346,87
346,346
346,276
346,967
346,578
346,16
346,755
346,347
346,565
345,786
345,932
345,849
345,118
345,889
345,19
345,456
345,190
345,281
344,893
344,830
344,484
344,680
344,986
344,734
344,807
344,955
344,0
344,161
344,180
344,728
344,720
344,264
344,96
344,705
344,272
344,407
344,861
344,263
344,605
344,165
344,641
344,688
344,312
344,681
344,622
344,871
344,16
344,810
344,697
344,637
344,676
344,794
344,288
344,20
344,682
344,701
343,382
343,782
343,957
343,354
343,281
343,908
343,452
343,105
343,442
343,653
343,698
343,683
343,672
343,82
343,334
342,752
342,899
342,987
342,831
342,540
342,16
342,412
342,53
342,627
342,661
342,602
342,105
342,953
342,452
342,171
342,191
342,844
342,436
342,62
342,983
342,85
342,162
342,646
342,340
342,438
342,568
342,805
341,687
341,13
341,954
341,446
341,487
341,142
341,730
341,936
341,188
341,150
341,494
341,960
341,110
340,726
340,184
340,918
340,293
340,975
340,276
340,762
340,951
340,304
340,943
340,748
340,297
340,74
340,228
340,739
340,170
340,14
340,286
340,175
340,987
340,192
340,866
340,5
340,826
340,691
340,718
340,736
340,256
340,67
340,76
340,601
340,159
340,259
340,747
340,327
340,860
340,436
339,380
339,758
339,625
339,993
339,139
339,970
339,504
339,498
339,305
339,396
339,834
339,773
339,143
339,535
339,381
339,306
339,924
339,270
339,234
339,437
339,319
339,660
339,104
339,254
339,389
339,51
339,532
339,484
339,222
339,828
339,51
339,833
338,991
337,636
337,287
337,654
336,881
336,146
336,522
336,477
336,767
336,346
336,971
336,538
336,925
336,464
336,840
336,8
336,674
336,860
336,678
336,127
336,360
336,896
336,356
336,509
336,538
336,142
336,378
336,827
336,482
336,672
336,51
336,231
336,612
336,724
336,697
336,510
335,425
335,142
335,898
335,340
335,92
335,176
335,741
335,874
335,838
335,748
335,972
335,628
335,966
335,623
335,843
335,278
335,22
335,22
335,625
335,354
335,655
335,253
335,668
335,664
335,822
335,435
335,843
335,429
335,809
335,970
335,775
335,549
335,466
335,469
335,348
335,263
335,693
335,416
335,381
335,640
335,418
335,370
335,747
335,357
335,732
335,638
335,157
335,966
335,580
335,9
335,135
335,338
335,364
335,606
335,845
335,621
335,767
335,473
335,359
335,34
335,111
335,617
335,173
335,404
335,747
335,728
335,143
335,847
335,853
335,427
335,55
335,966
335,414
335,662
334,409
334,173
334,144
334,988
334,59
334,915
334,581
334,524
334,770
334,683
334,561
334,610
334,63
334,248
334,982
334,674
334,389
334,287
334,567
334,936
334,83
334,806
334,504
334,698
334,824
334,932
334,575
334,87
334,472
334,935
334,585
334,574
334,150
334,850
334,815
334,817
334,314
334,865
334,119
334,750
334,849
334,348
334,61
334,397
334,717
334,665
334,34
334,525
334,218
334,545
334,894
334,849
334,696
334,241
334,473
334,373
334,181
334,752
334,943
334,564
334,362
334,100
334,477
334,838
334,488
334,720
334,157
334,451
334,654
334,403
334,988
334,366
334,895
334,291
334,931
334,225
334,447
334,9
334,933
334,93
334,834
334,78
334,135
334,769
334,746
333,165
333,181
333,485
333,52
333,661
333,149
333,684
333,374
333,811
333,675
333,872
333,28
333,493
333,970
333,88
333,410
333,132
333,65
333,281
333,24
333,443
333,430
333,676
333,486
333,850
333,298
333,15
333,40
333,871
333,0
333,140
333,769
333,560
333,188
333,417
333,203
333,125
333,935
333,587
333,235
333,706
333,411
333,724
333,384
333,665
333,292
333,993
333,256
333,226
333,336
333,856
333,696
333,535
332,425
332,774
332,808
332,17
332,933
332,130
332,956
332,377
332,106
332,707
332,252
332,428
332,637
332,554
332,972
332,216
332,636
332,505
332,878
332,845
332,515
332,937
332,82
332,500
332,341
332,231
332,613
332,187
332,475
332,909
332,279
332,372
332,846
332,81
332,600
332,866
332,14
332,644
332,120
332,542
332,92
332,181
332,738
332,849
332,289
332,970
332,34
332,958
332,697
332,661
332,593
332,964
332,526
332,864
332,996
332,747
332,24
332,352
332,970
332,958
332,255
332,766
332,772
332,366
332,256
332,80
332,290
332,337
332,99
332,121
332,584
332,93
332,909
332,539
332,585
332,945
331,43
331,294
331,600
331,644
331,586
331,478
331,217
331,636
331,309
331,175
331,928
331,27
331,89
331,27
331,642
331,318
331,445
331,398
331,875
331,961
331,513
331,776
331,890
331,359
331,568
331,310
331,923
331,60
331,825
331,392
331,21
331,129
331,61
331,516
331,273
331,131
331,286
331,172
331,306
331,87
331,592
331,127
331,345
331,603
331,15
331,536
331,769
331,692
331,266
331,329
331,941
331,841
331,641
331,586
331,553
331,106
331,541
331,978
331,588
331,509
331,192
331,443
331,861
331,66
331,581
331,528
331,14
331,10
331,132
331,508
331,446
331,6
331,620
331,151
331,85
331,772
331,55
331,104
331,769
331,463
331,717
331,683
331,553
331,432
331,350
331,104
331,483
331,589
331,347
331,39
330,323
330,282
330,907
330,42
330,715
330,121
330,147
330,883
330,341
330,899
330,100
330,52
330,382
330,917
330,378
330,745
330,241
330,236
330,743
330,474
330,621
330,733
330,849
330,525
330,190
330,321
330,630
330,789
330,587
330,340
330,201
330,892
330,779
330,647
330,668
330,655
330,357
330,859
330,149
330,281
330,728
330,486
330,201
330,73
330,251
330,929
330,460
330,129
330,860
330,120
330,743
330,292
330,220
330,931
330,43
330,195
330,412
330,9
330,163
330,518
330,399
330,886
330,471
330,465
330,742
330,985
330,390
330,593
330,999
330,85
330,637
330,203
330,409
330,808
330,263
330,27
330,493
330,906
330,297
330,460
330,831
330,858
330,714
330,740
330,805
330,608
330,5
330,764
330,953
330,313
330,713
329,198
329,532
329,20
329,189
329,358
329,901
329,49
329,325
329,373
329,848
329,972
329,918
329,756
329,690
329,207
329,295
329,964
329,935
329,273
329,432
329,351
329,26
329,29
329,651
329,383
329,742
329,321
329,378
329,925
329,814
329,253
329,747
329,48
329,119
329,230
329,563
329,895
329,3
329,849
329,318
329,465
329,4
329,978
329,81
329,738
329,707
329,925
329,561
329,113
329,659
329,814
329,338
329,807
329,330
329,637
329,221
329,712
329,638
329,424
329,984
329,98
329,366
329,187
329,213
329,750
329,5
329,68
329,548
329,636
329,551
329,118
329,597
329,761
329,676
329,174
329,716
329,717
329,195
329,173
329,552
329,931
329,617
329,487
329,696
329,286
329,426
329,849
328,208
328,762
328,906
328,64
328,989
328,648
328,104
328,973
328,948
328,260
328,515
328,322
328,258
328,261
328,818
328,693
328,553
328,649
328,880
328,266
328,451
328,283
328,615
328,987
328,407
328,673
328,511
328,84
328,519
328,218
328,890
328,598
328,7
328,623
328,226
328,814
328,751
328,110
328,780
328,787
328,887
328,339
328,492
328,364
328,22
328,450
328,334
328,836
328,206
328,478
328,222
328,277
328,373
328,720
328,658
328,352
328,369
328,593
328,970
328,265
328,442
328,606
328,260
328,684
328,161
328,993
328,655
328,254
328,706
328,445
328,680
328,656
328,77
328,149
328,893
328,331
328,505
328,593
328,623
328,569
328,998
328,549
328,714
328,361
328,770
327,682
327,532
327,107
326,632
326,787
326,83
326,788
326,233
326,833
326,286
326,948
326,351
326,679
326,923
326,416
326,597
326,109
326,548
326,641
325,871
325,262
325,201
324,768
324,911
324,640
324,226
324,999
324,282
324,225
324,753
324,129
324,572
324,223
324,410
324,637
324,419
324,170
324,91
324,724
324,956
324,275
324,723
324,393
324,124
324,965
324,815
324,958
324,386
324,991
324,907
324,881
324,273
324,196
324,463
324,953
324,385
324,384
324,515
324,56
324,322
324,198
324,704
324,322
324,974
324,118
324,546
324,351
324,888
324,828
324,127
324,30
324,477
324,894
324,273
324,324
324,192
324,252
324,707
324,951
324,699
324,101
324,215
323,555
323,421
323,453
323,814
323,196
323,41
323,910
323,528
323,216
323,181
323,794
323,57
323,777
323,560
323,84
323,90
323,0
323,205
323,131
323,322
323,10
323,720
323,699
323,514
323,966
323,444
323,316
323,863
323,156
323,501
323,184
323,852
323,262
323,17
323,947
323,788
323,347
323,658
323,498
323,197
323,723
323,561
323,513
323,143
323,336
323,397
323,840
323,810
323,613
323,755
323,260
323,542
323,934
323,632
323,966
323,883
323,945
323,427
323,857
323,638
323,928
323,223
323,298
323,317
323,117
323,321
323,987
323,448
322,450
322,917
322,506
322,195
322,947
322,731
322,606
322,31
322,627
322,481
322,615
322,361
322,829
322,375
322,437
322,672
322,656
322,949
322,327
322,857
322,435
322,882
322,889
322,265
322,904
322,167
322,82
322,522
322,909
322,671
322,556
322,352
322,607
322,454
322,322
322,680
322,445
322,238
322,731
322,469
322,756
322,940
322,603
322,992
322,767
322,552
322,138
322,180
322,709
322,394
322,90
322,886
322,917
322,676
322,690
322,751
322,276
322,440
322,383
322,101
322,696
322,441
322,658
322,402
322,540
322,898
322,561
322,303
322,179
322,483
322,758
322,720
322,113
322,462
322,398
322,776
322,958
322,773
321,101
321,758
321,955
321,789
321,263
321,234
321,341
321,19
321,595
321,67
321,369
321,204
321,79
321,198
321,518
320,439
320,669
320,892
320,225
320,45
319,626
319,846
319,549
319,74
319,355
319,417
319,486
319,597
319,767
319,824
319,334
319,122
319,362
319,759
319,654
319,818
319,630
319,226
319,23
319,731
319,615
319,144
319,831
319,739
319,209
319,93
319,680
318,114
318,583
318,431
318,287
318,660
318,361
318,304
318,260
318,514
318,224
318,875
318,669
318,984
318,485
318,394
318,921
318,508
318,131
318,64
318,969
318,57
318,580
318,504
318,472
318,900
318,353
318,480
318,11
318,285
318,226
318,703
318,48
318,611
318,545
318,508
318,379
318,539
318,544
318,908
318,524
318,771
318,995
318,118
318,693
318,901
318,903
318,96
318,228
318,598
318,978
318,91
318,159
318,717
318,582
318,922
318,519
318,221
318,99
318,285
318,253
318,278
318,684
318,304
318,738
318,225
318,868
318,942
318,303
318,474
318,631
318,975
318,563
318,213
318,648
318,115
318,40
318,979
318,162
318,633
318,422
317,799
317,792
317,351
317,168
317,6
317,891
317,833
317,753
317,389
317,691
317,433
317,515
317,247
317,537
317,5
317,738
317,382
317,800
317,750
317,779
317,844
317,215
317,965
317,646
317,847
317,185
317,315
317,498
317,967
317,682
317,647
317,56
317,262
317,413
317,174
317,267
317,611
317,257
317,44
317,190
317,274
317,687
317,998
317,780
317,866
317,566
317,441
317,448
317,283
317,826
317,391
317,682
317,995
316,348
316,665
316,973
316,859
316,29
316,7
316,474
316,2
316,458
316,388
316,957
316,377
316,730
316,435
316,706
316,540
316,440
316,714
316,340
316,708
316,184
316,506
316,526
316,966
316,349
316,87
316,66
316,182
316,798
316,323
316,605
316,20
316,182
316,335
316,922
316,446
316,57
316,248
316,347
316,472
316,709
316,973
316,653
316,193
316,249
316,742
316,13
316,58
316,680
316,968
316,484
316,123
316,391
316,151
316,331
316,580
316,689
316,578
316,728
316,700
316,445
316,479
316,816
316,814
316,632
316,576
316,733
316,617
316,989
316,843
316,25
316,719
316,471
316,777
316,195
316,427
316,327
316,124
316,990
316,266
316,656
316,194
316,218
316,802
316,307
316,52
316,989
316,829
316,809
316,267
316,158
316,180
316,692
316,68
316,799
316,932
316,406
315,278
315,250
315,110
315,3
315,892
315,808
315,8
315,746
315,149
315,956
315,686
315,582
315,334
315,276
315,230
315,944
315,753
315,210
315,76
315,445
315,659
315,226
315,855
315,440
315,230
315,907
315,50
315,626
315,233
315,815
315,11
315,741
315,304
315,434
315,849
315,171
315,280
315,269
315,115
315,824
315,655
315,687
315,147
315,882
315,294
315,379
315,447
315,48
315,340
315,918
315,40
315,293
315,40
315,720
315,684
315,182
315,94
315,392
315,375
315,446
315,208
315,174
315,797
315,841
315,260
315,644
315,32
315,263
315,140
315,110
315,726
315,390
315,20
315,925
315,209
315,324
315,365
315,381
315,937
315,756
315,895
315,162
315,977
315,387
315,318
315,844
315,943
315,479
315,904
315,302
315,668
315,620
315,13
315,500
314,275
314,110
314,576
314,587
314,25
314,783
314,676
314,720
314,621
314,363
314,986
314,937
314,894
314,33
314,590
314,262
314,739
314,164
314,726
314,666
314,27
314,59
314,843
314,415
314,259
314,227
314,781
314,479
314,526
314,831
314,118
314,555
314,658
314,394
314,379
314,826
314,550
314,447
314,320
314,32
314,993
314,949
314,705
314,751
314,78
314,701
314,991
314,242
314,835
314,149
314,131
314,728
314,266
314,836
314,199
314,270
314,955
314,930
314,619
314,71
314,558
314,232
314,356
314,147
314,266
314,473
314,741
314,707
314,535
314,849
313,32
313,78
313,745
313,728
313,178
313,10
313,427
313,8
313,696
313,140
313,498
313,186
313,538
313,5
313,508
313,819
313,962
313,665
313,91
313,548
313,875
313,627
313,55
313,116
313,185
313,245
313,437
313,162
313,749
313,111
313,893
313,30
313,633
313,511
313,746
313,76
313,192
313,915
313,578
313,844
313,542
313,23
313,705
313,838
313,13
313,408
313,785
313,309
313,49
313,807
313,947
313,914
313,626
313,540
313,77
313,987
313,502
313,172
313,778
313,355
313,834
313,319
313,203
313,728
313,296
313,242
313,381
313,147
313,375
313,148
313,96
313,687
313,124
313,223
313,128
313,302
313,102
313,970
313,268
313,207
313,831
313,494
313,109
313,749
313,974
312,625
312,510
312,309
312,961
312,359
312,85
312,566
312,685
312,604
312,455
311,78
311,322
311,735
311,852
311,6
311,74
311,300
311,114
311,888
311,900
311,835
311,748
311,252
311,623
311,195
311,92
311,336
311,335
311,635
311,915
311,583
311,586
311,826
311,451
311,123
311,36
311,272
311,890
311,753
311,972
311,541
311,364
311,677
311,176
311,478
311,862
311,362
311,457
311,462
311,783
311,199
311,870
311,214
311,426
311,786
311,23
311,208
311,948
311,702
311,824
311,262
311,682
311,689
311,108
311,696
311,701
311,187
311,633
311,598
311,414
311,798
311,171
310,40
310,616
310,429
310,906
310,760
310,664
310,146
310,289
310,297
310,774
310,995
310,697
310,511
310,749
310,450
310,374
310,623
310,336
310,670
310,253
310,626
310,572
310,110
310,754
310,319
310,337
310,287
310,699
310,504
310,661
310,736
310,445
310,87
310,497
310,189
310,635
310,924
310,731
310,779
310,841
310,899
310,720
310,947
310,841
310,915
310,67
310,800
310,368
310,73
310,106
310,744
310,782
310,57
310,229
310,303
310,827
310,216
310,660
310,353
310,852
310,728
310,998
310,519
310,460
310,510
310,138
310,456
310,499
310,513
310,988
310,754
310,92
310,38
310,464
310,156
310,878
310,69
310,801
310,324
310,550
310,636
310,875
310,558
310,778
310,255
310,415
310,660
310,747
310,476
310,775
310,796
310,790
310,906
310,133
309,365
309,551
309,910
309,133
309,531
309,366
309,375
309,744
309,194
309,753
309,682
309,973
309,408
309,544
309,614
309,325
309,811
309,951
309,27
309,618
309,0
309,273
309,122
309,872
309,358
309,591
309,410
309,590
309,408
309,706
309,89
309,776
309,950
309,190
309,460
309,603
309,528
309,882
309,531
309,54
309,184
309,890
309,632
309,880
309,379
309,232
309,190
309,137
309,140
309,949
309,974
309,959
309,849
309,240
309,772
309,407
309,359
309,58
309,417
309,773
309,91
309,525
309,316
309,981
309,684
309,547
309,78
309,18
309,941
309,56
309,887
309,55
309,335
309,445
309,746
309,943
309,62
309,528
309,362
309,804
309,220
309,694
309,320
308,898
308,983
308,573
308,435
308,839
308,451
307,434
307,678
307,186
307,333
307,637
307,535
307,73
307,483
307,828
307,301
307,685
307,913
307,714
307,89
307,368
307,582
307,889
307,249
307,366
307,640
307,303
307,737
307,472
307,997
307,863
307,879
307,296
307,101
307,560
307,451
307,752
307,295
307,68
307,39
307,774
307,50
307,100
307,943
307,857
307,523
307,135
307,29
307,951
307,942
307,13
307,195
307,103
307,19
307,657
307,936
307,137
307,712
307,720
307,844
307,984
307,73
307,872
307,901
307,253
307,889
307,319
307,499
307,548
307,46
307,472
307,631
307,659
307,319
307,83
307,247
307,441
307,519
307,483
307,295
307,451
307,592
307,741
307,394
307,208
307,474
307,806
307,843
307,82
307,739
307,216
307,177
307,370
307,596
307,463
307,265
306,417
306,94
306,929
305,949
305,187
305,296
305,49
305,77
305,602
305,412
305,450
305,580
305,332
305,720
305,300
305,591
305,737
305,99
305,767
305,590
305,658
305,277
305,161
305,412
305,9
305,273
305,776
305,622
305,340
305,537
305,295
305,855
305,773
305,634
305,56
305,838
305,801
305,682
305,738
305,102
305,284
305,138
305,169
305,877
305,996
305,604
305,774
305,307
305,13
305,398
305,69
305,944
305,850
305,546
305,300
305,122
305,282
305,561
304,991
304,328
304,944
304,710
304,718
304,386
304,277
304,193
304,147
304,602
304,151
304,877
304,887
304,327
304,537
304,153
304,904
304,825
304,204
304,345
304,223
304,262
304,244
304,98
304,935
304,203
304,411
304,172
304,368
304,55
304,627
304,153
304,803
304,943
304,242
304,25
304,751
304,938
303,987
303,575
303,541
303,749
303,320
303,583
303,442
303,303
303,66
303,554
303,84
303,350
303,259
303,998
303,79
303,83
303,589
303,929
303,744
303,28
303,957
303,662
303,452
303,982
303,641
303,432
303,238
303,418
303,705
303,850
303,994
303,559
303,501
303,101
303,530
303,674
303,373
303,819
303,37
303,325
303,817
303,453
303,196
303,432
303,555
303,769
303,778
303,787
303,584
303,794
303,817
303,363
303,866
303,195
303,906
303,375
303,898
303,18
303,799
303,547
303,476
303,560
303,813
303,358
303,5
303,69
303,315
303,478
303,241
302,150
302,656
302,116
302,245
302,297
302,718
302,369
302,353
302,547
302,972
302,632
302,160
302,837
302,421
302,657
302,968
302,126
302,693
302,83
302,825
302,381
302,520
302,653
302,309
302,520
302,354
302,685
302,453
302,401
302,511
302,914
302,65
302,262
302,218
302,376
302,267
302,762
302,169
302,252
302,716
302,994
302,392
302,93
302,253
302,90
302,318
302,787
302,263
302,188
302,721
302,591
302,326
302,353
302,290
302,552
302,769
302,78
302,664
302,99
301,557
301,650
301,607
301,134
301,491
301,115
301,361
301,774
301,741
301,363
301,357
301,431
301,729
301,914
301,271
301,753
301,220
301,239
301,773
301,647
301,396
301,187
301,996
301,688
301,275
301,103
301,928
301,309
301,580
301,509
301,690
301,554
301,317
301,309
301,967
301,692
301,642
301,746
301,791
301,613
301,140
301,108
301,288
301,617
301,352
301,963
301,21
301,667
301,346
301,829
301,771
301,757
301,118
301,298
301,485
301,462
301,476
301,469
301,821
301,353
301,918
301,556
301,916
301,903
301,284
301,202
301,714
301,81
301,12
301,481
301,926
301,558
301,981
301,242
301,718
301,806
301,833
301,445
301,886
301,451
301,294
301,31
301,859
300,369
300,408
300,49
300,951
300,15
300,139
300,302
300,536
300,594
300,216
300,343
300,610
300,517
300,334
300,31
300,111
300,953
300,295
300,383
300,498
300,888
300,742
300,438
300,244
300,593
300,830
300,354
300,424
300,384
300,787
300,614
300,667
300,604
300,133
300,921
300,707
300,262
300,532
300,522
300,769
300,39
300,377
300,533
300,717
300,677
300,267
300,694
300,281
300,757
300,580
300,745
300,128
300,734
300,244
300,357
300,732
300,9
300,127
300,209
300,702
300,783
300,309
300,307
300,885
300,423
300,592
300,235
300,280
300,762
300,678
300,998
300,683
300,17
300,300
300,437
300,532
300,9
300,415
300,135
300,90
300,55
300,342
300,480
300,772
300,530
299,280
299,492
299,588
299,639
299,614
299,366
299,523
299,909
299,256
299,63
299,527
299,574
299,624
299,872
299,507
299,601
299,417
299,361
299,346
299,107
299,395
299,349
299,311
299,202
299,277
299,344
299,461
299,545
299,236
299,521
299,429
299,675
299,354
299,293
299,215
299,106
299,363
299,957
299,629
299,107
299,706
299,294
299,747
299,686
299,385
299,234
299,349
299,570
299,223
299,580
299,430
299,601
299,119
299,621
299,809
299,376
299,775
299,492
299,67
299,122
299,167
299,391
299,788
299,856
299,920
299,289
299,434
299,720
299,635
299,841
299,28
299,846
299,414
299,429
299,714
299,993
299,924
299,959
299,573
299,966
299,168
299,454
298,370
298,217
298,916
298,960
298,439
298,10
298,158
298,753
298,715
298,888
298,284
298,908
298,373
298,818
298,776
298,517
298,581
298,549
298,497
298,458
298,815
298,320
298,756
298,111
298,403
298,756
298,947
298,26
298,653
298,920
298,618
298,786
298,73
298,316
298,652
298,27
298,205
298,776
298,438
298,375
298,738
298,579
298,6
298,206
298,337
298,585
298,785
298,724
298,873
298,455
298,14
298,853
298,224
298,994
298,305
298,882
298,131
298,228
298,605
298,377
298,790
298,527
298,232
298,865
298,101
298,593
298,78
298,387
298,480
298,313
298,400
298,229
298,196
298,376
298,691
298,880
298,479
298,24
298,637
298,268
298,535
298,949
298,397
298,300
298,918
298,695
298,599
298,983
298,854
297,291
297,936
297,842
297,672
297,947
297,662
297,149
297,312
297,682
297,73
297,882
297,976
297,746
297,683
297,855
297,885
297,475
297,822
297,762
297,727
297,382
297,109
297,697
297,334
297,174
297,800
297,232
297,905
297,480
297,790
297,55
297,356
297,493
297,629
297,431
297,798
297,509
297,8
297,481
297,622
297,12
297,737
297,216
297,680
297,36
297,803
297,111
297,134
297,431
297,281
297,238
297,434
297,261
297,167
297,425
297,572
297,633
297,191
297,171
297,921
297,433
297,97
297,58
297,759
297,589
297,883
297,180
297,557
297,7
297,207
297,403
297,249
297,508
297,307
297,691
297,674
297,863
297,666
297,747
297,181
297,836
297,825
296,747
296,543
296,478
296,672
296,553
296,120
296,796
296,580
296,490
296,833
296,255
296,354
296,482
296,918
296,240
296,237
296,454
296,873
296,601
296,364
296,467
296,905
296,994
296,86
296,870
296,681
296,315
296,440
296,181
296,156
296,919
296,260
296,381
296,87
296,103
296,529
296,62
296,136
296,713
296,756
296,504
296,705
296,892
296,479
296,399
296,465
296,325
296,647
296,109
296,706
296,155
296,866
296,198
296,664
296,356
296,365
296,524
296,949
296,525
296,349
296,413
296,977
296,330
296,680
296,283
296,30
296,610
296,152
296,450
296,826
296,393
296,575
296,997
296,262
296,364
296,773
296,939
296,371
296,102
296,774
296,631
296,314
296,545
296,266
296,398
296,242
296,600
296,905
296,278
296,936
296,642
296,243
295,135
295,151
295,351
295,494
295,21
295,103
295,142
295,317
295,921
295,850
295,836
295,495
295,735
295,609
295,191
295,326
295,289
295,406
295,764
295,876
295,201
295,791
295,855
295,95
295,999
295,495
295,14
295,425
295,393
295,228
295,24
295,883
295,835
295,5
295,831
295,586
295,870
295,412
295,607
295,22
295,617
295,502
295,200
295,254
295,458
295,341
295,670
295,978
295,57
295,990
294,89
294,424
294,46
294,702
294,29
294,313
294,230
294,356
294,55
294,483
294,733
294,148
294,54
294,376
294,722
294,891
294,320
294,257
294,662
294,233
294,687
294,786
294,114
294,763
294,8
294,175
294,624
294,533
294,942
294,466
294,204
294,399
294,733
294,762
294,719
293,226
293,473
293,936
293,371
293,224
293,950
293,733
293,196
293,437
293,167
293,56
293,110
293,329
293,323
293,202
293,895
293,150
293,284
293,344
293,854
293,516
293,852
293,596
293,702
293,93
293,111
293,436
293,142
293,452
293,87
293,750
293,515
293,441
293,946
293,983
293,646
293,586
293,884
293,462
293,780
293,146
293,447
293,88
293,840
293,284
293,634
293,406
293,184
293,264
293,210
293,760
293,653
293,511
293,242
293,923
293,948
293,690
293,974
293,783
293,905
293,237
293,178
293,95
293,395
293,221
293,841
293,648
293,431
293,641
293,281
293,717
293,822
293,576
293,377
293,864
293,585
293,992
293,178
293,315
293,51
293,217
293,979
293,318
293,227
293,249
293,960
292,389
292,172
292,598
292,501
292,548
292,814
292,781
292,113
292,143
292,368
292,456
292,31
292,985
292,45
292,21
292,592
292,162
292,649
292,393
292,349
292,798
292,266
292,998
292,931
292,376
292,952
292,558
292,94
292,155
292,437
292,580
292,209
292,697
292,301
292,884
292,266
292,684
292,151
292,490
292,81
292,807
292,760
292,189
292,438
292,359
292,922
292,117
292,697
292,857
292,946
292,102
292,219
292,762
292,23
292,545
292,798
292,808
292,420
292,987
292,377
292,336
292,211
292,494
292,376
292,382
292,565
292,153
292,392
292,29
292,825
292,335
292,623
292,64
292,760
292,691
292,444
292,245
292,55
292,139
292,498
291,734
291,961
291,777
291,621
291,827
291,750
291,385
291,280
291,421
291,888
291,536
291,60
291,977
291,231
291,741
291,454
291,235
291,462
291,216
291,488
291,983
291,549
291,540
291,130
291,724
291,440
291,463
291,797
291,719
291,8
291,274
291,863
291,712
291,699
291,222
291,687
291,127
290,368
290,792
290,187
290,691
290,593
290,85
290,314
290,256
290,594
290,977
290,540
290,15
290,612
290,484
290,300
290,351
290,705
290,270
290,32
290,48
290,386
290,107
290,916
290,648
290,913
290,54
290,83
290,626
290,674
290,584
290,599
290,86
290,89
290,361
290,831
290,717
290,376
290,943
290,270
290,696
290,680
290,694
290,592
290,806
290,25
290,441
290,216
290,337
290,63
289,47
289,944
289,204
289,431
289,799
289,271
289,465
289,267
289,809
289,513
289,790
289,102
289,55
289,773
289,875
289,963
289,273
288,269
288,326
288,94
288,325
288,342
288,929
288,836
288,782
288,190
288,686
288,677
288,460
288,43
288,454
288,552
288,411
288,299
288,899
287,289
287,839
287,179
287,307
287,302
287,628
287,350
287,853
287,558
287,963
287,232
287,665
287,753
287,809
287,342
287,705
287,611
287,576
287,35
287,588
287,278
287,829
287,445
287,916
287,103
287,558
287,560
287,92
287,77
287,901
286,25
286,587
286,359
286,121
286,396
286,726
286,340
286,416
286,57
286,566
286,1
286,565
286,787
286,590
286,765
286,43
286,83
286,201
286,945
286,932
286,34
286,390
286,763
286,890
286,21
286,933
286,978
286,848
286,198
286,463
286,111
286,934
286,617
286,77
286,953
286,788
286,769
286,432
286,430
286,309
285,126
285,474
285,677
285,265
285,991
285,127
285,693
285,593
285,985
285,18
285,482
285,840
285,970
285,640
285,161
285,93
285,971
285,866
285,977
285,331
285,975
285,485
285,503
285,337
285,837
285,267
285,770
285,889
285,922
284,472
284,273
284,802
284,831
284,826
284,533
284,597
284,248
284,279
284,109
284,330
284,655
284,741
284,421
284,94
284,646
284,478
284,742
284,929
284,840
284,759
284,459
284,671
284,362
283,74
283,88
283,186
283,213
283,713
283,934
283,330
283,201
283,293
283,587
283,531
283,484
283,815
283,821
283,572
283,242
283,430
283,506
283,157
283,28
283,935
283,710
283,386
283,521
283,227
283,8
283,520
283,259
283,208
283,456
283,201
283,27
283,758
283,279
283,765
283,244
283,283
283,58
283,794
283,155
283,64
283,833
283,918
283,799
283,658
283,884
283,537
283,580
283,432
283,588
283,764
283,946
283,640
283,428
283,633
283,979
283,629
283,891
283,54
283,415
283,772
283,103
283,105
283,729
283,557
283,348
283,789
283,678
283,919
283,439
283,286
283,740
283,736
283,427
283,996
283,143
283,540
283,247
283,649
283,934
283,493
283,589
283,794
283,125
283,451
283,363
283,807
283,611
283,24
283,483
283,281
283,356
283,841
282,103
282,374
282,417
282,635
282,29
282,904
282,419
282,646
282,328
282,255
282,365
282,162
282,202
282,446
282,954
282,244
282,818
282,614
282,792
282,573
282,921
282,222
282,585
282,692
282,670
282,299
282,482
282,155
282,255
282,775
282,409
282,976
282,692
282,820
282,364
282,962
282,438
282,414
282,772
282,584
282,880
282,788
282,431
282,225
282,701
282,838
282,503
282,797
282,454
282,249
282,676
282,474
282,545
282,468
282,975
282,824
282,523
282,527
282,633
282,746
282,405
282,91
282,43
282,850
282,650
282,268
282,688
282,758
282,374
282,626
282,2
282,459
282,390
282,865
282,215
282,885
282,233
282,222
282,189
282,703
282,666
282,248
282,42
282,728
282,899
282,84
282,343
282,383
282,843
282,516
282,949
282,683
282,754
282,326
281,596
281,873
281,219
281,148
281,357
281,367
281,468
281,594
281,19
281,330
281,71
281,426
281,447
281,617
281,479
281,462
281,349
281,691
281,115
281,31
281,929
280,569
280,633
280,204
280,129
280,775
280,807
280,930
280,876
280,351
280,728
280,590
280,696
280,51
280,882
280,479
280,374
280,789
280,979
280,543
280,471
280,560
280,561
280,956
280,829
280,227
280,50
280,32
280,320
280,357
280,276
280,968
280,381
280,683
280,453
280,424
280,368
280,380
280,921
280,119
280,966
280,765
280,274
280,471
280,69
280,970
280,867
280,821
280,306
280,276
280,508
280,64
280,429
280,607
280,7
280,592
280,611
280,613
280,337
280,958
280,183
280,848
280,916
280,632
280,291
280,163
280,23
280,472
280,825
280,138
279,170
279,636
279,206
279,652
279,458
279,711
279,406
279,55
279,463
279,948
279,323
279,975
279,107
279,480
279,386
279,878
279,665
279,621
279,827
279,774
279,909
279,366
279,716
279,754
279,121
279,633
279,606
279,985
279,302
279,641
279,823
279,79
279,435
279,456
279,620
279,219
279,64
279,43
279,36
279,315
279,92
279,298
279,427
279,234
279,211
279,802
279,837
279,98
279,290
279,961
279,224
279,768
279,575
279,869
279,130
278,538
278,271
278,415
278,11
278,2
277,666
277,311
277,446
277,994
277,693
277,328
277,170
277,455
277,13
277,392
277,538
277,83
277,687
277,371
277,697
277,414
277,203
277,694
277,627
277,440
277,49
277,995
277,659
277,150
277,612
277,915
277,884
277,943
277,434
277,482
277,73
277,299
277,18
277,564
277,108
276,140
276,587
276,206
276,275
276,162
276,786
276,614
276,956
276,449
276,543
276,581
276,307
276,231
276,240
276,904
276,416
276,122
276,262
276,929
276,512
276,634
276,131
276,63
276,507
276,425
276,181
276,815
276,570
276,965
276,44
276,635
276,98
276,385
276,103
276,651
276,754
276,909
276,524
276,76
276,17
276,443
276,425
276,308
276,345
275,84
275,561
275,11
275,472
275,124
275,434
275,410
275,781
274,440
274,169
274,600
274,576
274,738
274,45
274,429
274,271
274,551
274,770
274,810
274,267
274,879
274,964
274,863
274,494
274,710
274,700
274,450
274,57
274,714
274,484
274,170
274,685
274,721
274,110
274,460
274,232
274,785
274,943
274,693
274,391
274,843
274,410
274,278
274,228
274,625
274,475
274,636
274,76
274,199
274,978
274,831
274,593
274,566
274,135
274,182
274,199
273,33
273,45
273,51
273,752
273,728
273,327
273,725
273,797
273,746
273,231
273,358
273,983
273,66
273,170
273,37
273,883
273,753
273,326
273,916
273,49
273,740
273,550
273,725
273,681
273,381
273,337
273,380
273,160
273,47
273,594
273,795
273,843
273,725
273,328
273,574
273,855
273,680
273,211
273,660
273,731
273,253
273,902
273,937
273,92
273,112
273,331
273,6
273,336
273,671
273,941
273,967
273,420
273,25
273,541
273,502
273,126
273,639
273,430
273,581
273,185
273,191
273,584
273,324
273,289
273,421
273,897
273,663
273,49
273,524
273,1
273,583
273,348
273,648
273,174
273,932
272,277
272,888
272,244
272,716
272,493
272,683
272,393
272,251
271,893
271,889
271,611
271,427
271,622
271,249
271,231
271,751
271,241
271,564
271,730
271,45
271,484
271,463
271,914
271,771
271,988
271,319
271,186
271,447
271,423
271,478
271,389
271,431
271,662
271,619
271,51
271,561
271,585
271,908
271,416
271,335
271,800
271,803
271,498
271,764
271,510
271,572
271,830
271,495
271,348
271,383
271,474
271,739
271,594
271,428
271,234
271,435
271,568
271,476
271,264
271,945
271,560
271,183
271,662
271,574
271,479
271,825
271,725
271,290
271,951
271,809
271,704
271,299
271,11
271,136
271,919
271,568
271,981
271,568
271,240
271,311
271,878
271,93
270,511
270,170
270,155
270,792
270,69
270,195
270,925
270,670
270,95
270,802
270,26
270,963
270,496
270,23
270,200
270,490
270,920
270,390
269,870
269,236
269,78
269,783
269,647
269,967
269,330
269,446
269,852
269,161
269,503
268,705
268,725
268,405
268,102
268,479
268,722
268,31
268,737
268,902
268,924
268,728
268,980
268,284
268,17
268,39
268,144
268,58
268,1
268,873
268,309
268,837
268,311
268,824
268,99
268,420
268,505
268,671
268,616
268,893
268,577
268,360
268,735
268,224
268,658
268,232
268,798
268,782
268,725
268,223
268,416
267,820
267,279
267,350
267,173
267,764
267,829
267,246
267,753
267,786
267,283
267,210
267,649
267,453
267,482
267,122
267,23
267,839
267,414
267,359
267,363
267,137
267,466
267,276
267,592
267,243
267,109
267,619
267,982
267,913
267,476
267,476
267,812
267,401
267,553
267,777
267,23
267,205
267,455
267,474
267,410
267,147
267,323
267,696
267,264
267,46
267,251
267,456
267,642
267,891
267,517
267,398
267,161
267,68
267,246
267,737
267,360
267,65
267,819
267,811
267,248
267,878
267,387
267,361
267,52
267,472
267,4
267,538
267,414
267,164
267,686
267,891
267,969
267,519
267,412
267,108
267,270
267,697
267,126
267,415
266,501
266,429
266,519
266,771
266,921
266,705
266,284
266,847
266,880
266,583
266,48
266,255
266,870
266,711
266,353
266,774
266,504
266,338
266,546
266,165
266,869
266,611
266,744
266,785
266,107
266,447
266,406
266,932
266,18
266,585
266,133
266,135
266,534
266,273
266,168
266,81
266,92
266,830
266,216
266,672
266,891
266,688
266,739
266,924
266,409
266,669
266,156
266,215
266,504
266,958
266,585
266,877
266,585
266,202
266,277
266,918
266,636
266,475
266,516
266,822
266,231
266,780
266,193
266,652
266,148
266,141
266,756
266,26
266,705
266,883
266,353
266,517
266,686
266,970
266,291
266,104
266,409
266,47
266,512
266,149
266,647
266,770
266,644
266,696
266,369
266,890
266,34
266,510
266,54
266,22
266,207
266,405
266,386
265,217
265,329
265,783
265,735
265,754
265,444
265,813
265,538
265,911
265,196
265,383
265,236
265,125
265,650
265,852
265,175
265,942
265,885
265,303
265,581
265,558
265,794
264,610
264,694
264,62
264,224
264,402
264,844
264,411
264,559
264,469
264,601
264,938
264,219
264,49
264,127
264,168
264,827
264,518
264,297
264,774
264,229
264,131
264,723
264,854
264,129
264,820
264,598
264,738
264,61
264,182
264,445
264,674
264,978
264,707
264,258
264,235
264,619
264,417
264,384
264,631
264,977
264,740
264,791
264,762
264,833
264,321
264,257
264,503
264,532
264,76
264,202
264,863
264,38
264,453
264,184
264,789
264,858
264,189
264,357
264,840
264,392
264,636
264,924
264,255
264,101
264,910
264,767
264,593
264,434
264,32
264,248
264,567
264,728
264,774
264,255
264,15
264,233
264,356
264,783
264,604
264,729
264,398
264,790
264,706
264,986
264,529
264,492
264,47
264,658
264,88
264,776
264,884
263,510
263,643
263,109
263,459
263,524
263,841
263,139
263,909
263,255
263,933
263,741
263,628
263,148
263,307
263,201
263,933
263,485
263,762
263,537
263,557
263,771
263,531
263,910
263,179
263,374
263,857
263,386
263,74
263,566
263,391
263,708
263,134
263,68
263,552
263,96
263,152
263,911
263,50
263,918
263,867
263,335
263,982
263,494
263,714
263,178
263,164
263,146
263,622
263,693
263,384
263,325
263,893
263,580
263,168
263,172
263,12
263,5
263,521
263,796
263,769
263,123
263,478
263,279
263,208
263,527
263,38
263,450
263,351
262,85
262,379
262,492
262,394
262,728
262,842
262,939
262,489
262,191
262,441
262,620
262,840
262,923
262,304
262,824
262,807
262,490
262,668
262,654
262,116
262,30
262,415
262,382
262,64
262,832
262,139
262,293
262,640
262,631
262,876
262,290
262,891
262,18
262,800
262,422
262,927
262,395
262,893
262,118
262,215
262,210
262,923
262,801
262,777
262,901
261,214
261,429
261,539
261,429
261,585
261,281
261,145
261,826
261,293
261,68
261,275
261,697
261,132
261,574
261,369
261,617
261,144
261,849
261,384
261,432
261,287
261,809
261,927
261,836
261,613
261,924
261,146
261,863
261,639
261,912
261,838
261,116
261,878
261,724
261,546
261,168
261,718
261,601
261,614
261,439
261,535
261,854
261,342
261,575
261,175
261,544
260,947
260,968
260,392
260,27
260,605
260,323
260,549
260,824
260,332
260,2
260,972
260,796
260,883
260,207
260,136
260,158
260,602
260,253
260,30
260,304
260,101
260,40
260,0
260,875
260,912
260,784
260,341
260,453
260,618
260,142
260,203
260,620
260,633
260,7
260,541
260,167
260,200
260,944
260,167
260,399
260,98
260,564
260,465
260,458
260,326
260,615
260,681
260,650
260,847
260,591
260,370
260,237
260,147
260,554
260,941
260,860
260,323
260,361
259,223
259,824
259,624
259,489
259,859
259,329
259,548
259,359
259,679
259,775
259,672
259,782
259,398
259,383
259,867
259,607
259,891
259,524
259,498
259,635
259,522
259,420
259,974
259,517
259,143
259,117
259,626
259,845
259,84
259,744
259,400
259,80
259,689
259,475
259,876
259,26
259,660
259,425
259,938
259,686
259,542
259,929
259,767
258,760
258,506
258,262
258,512
258,456
258,28
258,16
257,438
257,658
257,814
256,542
256,609
256,672
256,711
256,742
256,99
256,408
256,577
256,722
256,822
256,701
256,128
256,53
256,596
256,448
256,53
256,136
256,590
256,294
256,978
256,258
255,587
255,221
255,509
255,105
255,692
255,160
255,814
255,403
255,243
255,373
255,550
255,96
255,229
255,47
255,500
255,303
255,713
255,176
255,412
255,210
255,362
255,244
254,671
254,544
254,330
254,387
254,829
254,856
254,122
254,396
254,538
254,772
254,681
254,177
254,974
254,916
254,699
254,42
254,654
254,310
254,388
254,59
254,306
254,727
254,251
254,372
254,522
254,370
254,267
254,341
254,441
254,962
254,637
254,574
254,651
254,895
254,329
254,182
254,437
254,184
254,414
254,491
254,186
254,936
254,439
254,620
254,223
254,856
254,776
254,976
254,209
254,989
254,221
254,271
254,441
254,889
254,647
254,24
254,202
254,309
254,178
254,584
254,766
254,424
254,586
254,679
254,739
254,918
254,511
254,300
254,944
254,693
254,896
254,233
254,977
254,456
254,115
253,508
252,998
252,656
252,669
252,445
252,978
252,518
252,504
252,55
252,577
252,81
252,640
252,414
252,49
252,318
251,509
251,233
251,910
251,207
251,523
251,708
251,801
251,184
251,760
251,425
251,667
251,434
251,607
251,145
251,399
251,422
251,898
251,853
251,675
251,529
251,423
251,734
251,703
251,505
251,120
251,305
251,137
251,25
251,669
251,240
251,450
251,624
251,512
251,433
251,217
251,239
251,773
251,852
251,653
251,805
251,84
251,619
251,798
251,444
251,313
251,507
251,642
251,421
251,436
251,406
251,93
251,852
251,65
251,41
251,376
251,86
251,950
251,455
251,38
251,400
251,948
251,604
251,179
251,237
251,87
251,540
251,174
251,137
251,425
251,667
251,911
251,282
251,975
250,732
250,419
250,920
250,606
250,445
250,309
250,255
250,876
250,87
250,392
250,925
250,350
250,99
250,458
250,878
250,921
250,389
250,493
250,645
250,100
250,670
250,771
250,376
250,11
250,185
250,27
250,640
250,987
250,139
250,164
250,66
250,917
250,969
250,606
250,826
250,254
250,795
250,914
250,117
250,622
250,433
250,890
250,825
250,984
250,552
250,51
250,406
250,626
250,797
250,437
250,680
250,813
250,50
250,949
250,592
250,231
250,523
250,800
250,616
250,825
250,895
250,667
250,908
250,334
250,690
250,956
250,845
250,958
250,436
250,449
250,188
250,159
250,112
250,305
249,606
249,171
249,258
249,379
249,929
249,379
249,411
249,517
249,563
249,461
249,933
249,791
249,143
248,412
248,780
248,785
248,386
248,804
248,970
248,546
248,935
248,10
248,563
248,130
248,193
248,919
248,384
248,380
248,842
248,507
248,68
248,404
248,697
248,261
248,747
248,868
248,761
248,750
248,515
247,280
247,988
247,430
247,239
247,618
247,142
247,149
247,857
247,980
247,183
247,252
247,224
247,596
247,289
247,140
247,97
247,327
247,649
247,856
247,654
247,87
247,357
247,901
247,302
247,233
247,750
247,644
247,268
247,344
247,81
247,462
247,695
247,78
247,849
247,350
247,9
247,677
247,257
247,947
247,448
247,751
247,538
247,395
247,807
247,169
247,468
247,153
247,109
247,801
247,498
247,307
247,758
247,120
247,277
247,637
247,566
247,591
247,353
247,368
247,896
247,779
247,220
247,801
247,266
247,397
247,981
247,10
247,231
247,807
247,800
247,356
247,964
247,163
247,712
247,343
247,87
247,205
247,612
247,594
247,959
247,174
247,738
247,338
247,20
246,895
246,904
246,231
246,945
246,856
246,28
246,57
246,556
246,731
246,875
246,678
246,68
246,602
246,152
246,75
246,300
246,281
246,950
246,52
246,215
246,347
246,304
246,831
246,276
246,531
246,828
246,884
246,651
246,218
246,297
246,41
246,774
246,609
246,141
246,627
246,130
246,813
246,456
246,541
246,341
246,240
246,479
246,310
246,567
246,328
246,434
246,815
246,312
245,212
245,734
245,260
245,53
245,908
245,158
245,302
245,20
245,481
245,570
245,563
245,901
245,60
245,339
245,903
245,430
245,472
245,393
245,49
245,785
245,866
245,910
245,194
245,103
245,393
245,442
245,411
245,971
245,59
245,107
245,559
245,501
245,815
245,726
245,416
245,360
245,489
245,309
245,388
245,541
245,165
245,42
245,226
245,239
245,102
245,789
245,662
245,822
245,318
245,401
245,370
245,3
245,786
245,965
245,41
245,546
245,649
245,114
245,371
245,860
245,800
245,541
245,224
245,351
245,251
245,330
245,137
245,405
245,317
245,570
245,695
245,99
245,889
245,254
245,860
245,905
245,432
245,298
245,348
245,581
245,836
245,529
245,560
245,240
245,192
245,308
245,889
245,772
244,811
244,935
244,481
244,969
244,518
244,600
244,663
244,808
244,517
244,654
244,983
244,656
244,168
244,282
244,526
244,459
244,314
244,719
244,744
244,271
244,700
244,659
244,122
244,338
244,190
244,319
244,379
244,591
244,645
244,327
244,583
244,918
244,560
244,851
244,782
244,770
244,875
244,975
244,916
244,394
244,341
244,362
244,297
244,561
244,953
244,945
244,496
244,413
244,619
244,324
244,676
244,714
244,320
244,146
244,44
244,387
244,560
244,856
244,156
244,802
244,747
244,840
244,122
244,312
244,805
244,234
244,735
244,361
244,882
244,908
244,299
244,294
244,688
244,474
244,772
244,934
244,207
244,667
244,245
244,10
244,106
244,775
244,694
244,728
244,929
244,736
244,313
244,446
243,381
243,127
243,425
243,715
243,138
243,44
243,618
243,6
243,214
243,455
243,524
243,852
243,553
243,605
243,356
243,387
243,376
243,876
243,775
243,461
243,313
243,658
243,444
243,600
243,225
243,98
243,876
243,469
243,35
243,604
243,241
243,383
243,614
243,236
243,795
243,606
243,731
243,833
243,8
243,885
243,857
243,285
243,655
243,259
243,435
243,663
243,863
243,886
243,228
243,21
243,341
243,962
243,371
243,991
243,200
243,709
243,441
243,563
243,524
243,612
243,138
243,185
243,870
243,187
243,306
243,232
243,203
243,42
243,767
243,413
243,357
243,565
243,424
243,428
243,329
243,425
242,189
242,951
242,847
242,893
242,662
242,375
242,269
242,254
242,721
242,43
242,825
242,930
242,782
242,522
242,835
242,328
242,987
242,65
242,871
242,690
242,492
242,658
242,695
242,328
242,0
242,243
241,867
241,884
241,455
241,394
241,493
241,377
241,28
241,803
241,690
241,879
241,689
241,946
241,131
241,329
241,618
241,82
241,639
241,438
241,69
240,879
240,848
240,358
240,726
240,971
240,447
240,236
240,92
240,931
240,460
240,323
240,460
240,952
240,258
240,11
240,200
240,636
240,961
240,147
240,996
240,116
240,926
240,851
239,136
238,749
237,614
237,40
237,634
237,711
237,922
237,914
237,652
237,6
237,225
237,648
237,36
237,985
237,517
237,987
237,280
237,338
237,825
237,763
237,287
237,97
237,691
237,737
237,666
237,351
237,14
237,12
237,382
237,803
237,792
237,584
237,119
237,393
237,180
237,615
237,331
237,972
237,913
237,867
237,864
237,896
237,750
237,267
237,723
237,699
237,600
237,907
237,766
237,883
237,860
237,849
237,644
237,697
237,278
237,598
237,182
236,538
236,643
236,544
236,199
236,547
236,695
236,225
236,629
236,373
236,471
236,688
236,99
236,451
236,422
236,704
236,433
235,759
235,13
235,750
235,917
235,223
235,400
235,820
235,382
235,835
235,301
235,600
235,491
235,293
235,630
235,341
235,725
235,779
235,554
235,252
235,815
235,688
235,13
235,160
235,711
235,203
235,231
235,872
235,962
235,686
235,74
235,945
235,599
235,351
235,550
235,672
235,47
235,94
235,448
235,886
235,821
235,716
235,917
235,651
235,284
235,330
235,279
235,13
235,256
235,525
235,656
235,540
235,533
235,844
235,421
235,81
235,229
235,545
235,302
235,709
235,73
235,855
235,468
235,347
235,93
235,599
235,412
235,290
235,0
235,787
235,552
235,923
235,555
235,866
235,941
235,206
235,666
235,626
234,120
234,470
234,498
234,613
234,225
234,631
234,649
234,878
234,788
234,411
234,483
234,5
234,219
234,438
234,714
234,229
234,933
234,929
234,496
234,791
234,499
234,355
234,49
234,356
234,62
234,456
234,373
234,523
233,482
233,476
233,484
233,662
233,905
233,159
233,878
233,889
233,89
233,258
233,133
233,735
233,157
233,872
233,472
233,501
233,944
233,990
233,340
233,205
233,440
233,482
233,665
233,44
233,901
233,736
233,617
233,388
233,803
233,87
233,490
233,890
233,2
233,338
233,778
233,688
233,816
233,539
232,824
232,170
232,756
232,739
232,731
232,739
232,769
232,633
231,606
231,84
231,990
231,667
231,738
231,605
231,514
231,395
231,987
231,290
231,886
231,891
231,321
231,243
231,73
231,86
231,407
231,344
231,323
231,189
231,609
231,856
231,895
231,155
231,371
231,460
231,103
231,90
231,101
231,628
231,159
231,806
231,571
231,156
231,420
231,979
231,453
231,943
231,647
231,783
231,546
231,141
231,88
231,693
231,759
231,367
231,171
231,467
231,57
231,432
231,395
231,738
231,88
231,661
231,881
231,470
231,952
231,481
231,755
231,39
231,683
231,864
231,402
231,124
231,144
231,5
231,415
231,20
231,283
231,213
231,710
231,791
231,752
231,743
231,695
231,543
231,52
230,312
230,667
230,78
230,340
230,160
230,631
230,152
230,331
230,78
230,14
230,748
230,932
230,392
230,813
230,501
230,217
230,881
230,433
230,87
230,936
230,265
230,819
230,616
230,941
230,473
230,62
230,10
230,500
230,79
230,423
230,934
230,380
230,772
230,767
230,673
230,202
230,889
230,565
230,162
230,322
230,175
230,829
230,452
230,484
230,418
230,34
230,274
230,364
230,517
230,283
230,147
230,117
230,80
230,611
230,809
230,422
230,988
230,651
230,378
230,239
230,313
230,448
230,402
230,293
230,550
230,782
230,715
230,933
230,778
230,727
230,135
230,215
230,88
230,145
230,784
230,120
230,796
230,370
230,439
230,21
230,722
230,523
230,216
230,89
230,346
230,230
230,15
230,890
230,503
230,805
230,609
230,21
229,108
229,976
229,26
229,210
229,996
229,660
229,443
229,490
229,461
229,13
229,14
229,480
229,949
229,139
229,367
229,816
229,186
229,264
229,497
229,492
229,40
229,48
229,162
229,165
229,867
229,621
229,808
229,633
229,522
229,47
229,891
229,535
229,56
229,678
229,132
229,948
229,830
229,687
229,794
229,711
229,244
229,243
229,90
229,25
229,297
229,20
229,159
229,366
229,759
229,182
229,130
229,446
229,823
229,644
229,990
229,540
229,269
229,25
229,861
229,113
229,82
229,534
229,900
229,434
229,375
229,891
229,499
229,109
229,352
229,551
229,657
229,578
228,123
228,42
228,742
228,241
228,332
228,464
228,157
228,855
228,839
228,622
228,836
228,543
228,160
228,899
228,101
228,398
228,322
228,16
228,159
228,126
228,115
228,23
228,729
228,283
228,733
228,279
228,844
228,741
228,808
228,999
228,434
228,268
228,313
228,675
228,704
228,350
228,529
228,55
228,284
228,176
228,841
228,130
228,803
228,778
228,924
228,553
228,386
227,238
227,698
227,463
227,226
227,326
227,557
227,163
227,565
227,392
227,205
227,399
227,719
227,754
227,236
227,509
227,731
227,915
227,448
227,842
227,266
227,949
227,494
227,480
227,900
227,195
227,680
227,905
227,311
227,896
227,803
227,668
227,350
227,697
227,81
227,69
227,737
227,886
227,235
227,813
227,261
227,792
227,751
227,469
227,525
227,511
227,663
227,930
227,349
227,971
227,203
227,981
227,475
227,954
227,510
227,685
227,235
227,194
227,425
227,519
227,655
227,384
227,478
226,886
226,159
226,297
226,212
226,656
226,416
226,475
226,460
226,159
226,47
226,243
226,614
226,548
226,753
226,151
226,914
226,282
226,307
226,560
226,511
226,845
226,117
226,670
226,119
226,372
226,79
226,706
226,843
226,388
226,967
226,465
226,979
226,576
226,156
226,740
226,439
225,222
225,407
225,104
225,790
225,972
225,66
225,473
225,698
225,636
225,144
225,353
225,980
225,691
225,955
225,115
225,590
225,901
225,735
225,47
225,912
225,896
225,559
225,506
225,110
225,22
225,466
225,995
225,28
225,331
225,422
225,73
225,897
225,399
225,611
225,788
225,858
225,635
225,172
225,396
225,239
225,617
225,682
225,79
225,820
225,709
225,725
225,796
225,294
225,391
225,531
225,390
225,588
225,137
225,26
225,148
225,358
224,529
224,352
224,828
224,545
224,435
224,786
224,426
224,609
224,968
224,809
224,972
224,493
224,129
224,989
224,953
224,110
224,76
224,64
224,316
224,929
224,858
224,555
224,167
223,407
223,68
223,840
223,784
223,118
223,769
223,179
223,685
223,592
223,294
223,496
223,506
223,260
223,627
223,794
223,748
223,75
223,773
223,372
223,166
223,491
223,670
223,24
223,971
223,45
223,145
223,485
223,709
223,695
223,318
223,90
223,409
223,781
223,276
223,125
223,516
223,207
223,931
223,314
223,189
223,40
223,898
223,967
223,330
223,347
223,653
223,396
223,867
223,587
223,704
223,420
223,670
223,134
223,765
223,991
223,892
223,112
223,490
223,383
223,502
223,500
223,487
223,897
223,657
223,553
223,610
223,641
223,934
223,336
223,908
223,64
223,948
223,214
223,928
223,976
223,795
223,117
223,930
223,152
223,226
223,642
223,798
223,511
223,286
223,837
223,319
223,507
223,880
223,728
223,902
223,461
223,401
223,549
223,466
223,275
223,322
223,696
222,893
222,962
222,313
222,863
222,538
222,942
222,710
222,205
222,816
222,699
222,186
222,562
222,350
222,102
222,235
222,568
222,509
222,357
222,557
222,816
221,80
221,626
221,63
221,882
221,455
221,599
220,881
220,981
220,438
220,439
220,662
220,271
220,217
220,426
220,545
220,739
220,166
220,885
220,286
220,876
220,297
220,333
220,470
220,675
220,585
220,364
220,987
220,763
220,926
220,268
220,62
220,654
220,482
220,511
220,994
220,716
220,361
220,624
220,353
220,331
220,248
220,699
220,987
220,566
220,726
220,868
220,181
220,823
220,450
220,986
220,66
220,64
220,335
220,570
220,916
220,497
220,811
220,729
220,911
220,664
220,700
220,515
220,904
220,365
220,276
220,835
220,47
220,558
220,762
220,830
220,915
220,736
220,112
220,685
220,443
220,444
220,628
220,698
219,88
219,359
219,556
219,698
219,437
219,849
219,721
219,556
219,161
219,824
219,645
219,430
219,262
219,231
219,988
219,148
219,897
219,721
219,583
219,548
219,917
219,360
219,553
219,169
219,916
219,830
219,714
219,519
219,951
219,829
218,111
218,579
218,759
218,288
218,804
218,457
218,115
218,225
218,291
218,489
218,517
218,222
218,171
218,97
218,965
218,284
218,393
218,101
218,766
218,875
218,829
218,109
218,94
218,479
218,57
218,449
218,146
218,766
218,183
218,963
218,901
218,721
218,166
218,155
218,746
218,263
218,247
218,491
218,747
218,118
218,699
218,872
218,991
218,761
218,246
218,224
218,865
218,745
218,730
218,688
217,490
217,19
217,901
217,99
217,123
217,291
217,929
217,218
217,204
217,666
217,878
217,783
217,424
217,101
217,15
217,931
217,853
217,925
217,150
217,698
217,123
217,941
217,742
217,3
217,601
217,847
217,217
217,707
217,58
217,237
217,916
217,953
217,188
217,748
217,279
217,643
217,855
217,865
217,963
217,649
217,414
217,399
217,640
217,463
217,935
217,282
217,573
217,472
217,431
217,317
217,602
217,626
217,2
217,201
217,377
217,674
217,800
217,460
217,597
217,578
217,700
217,29
217,8
217,84
217,736
217,57
217,156
217,419
217,256
217,949
217,750
217,243
217,714
217,387
217,110
217,321
217,409
217,396
217,572
217,74
217,697
217,496
217,406
217,877
217,733
217,586
217,315
217,56
216,142
216,280
215,752
215,133
215,956
215,575
215,200
215,713
215,401
215,362
215,870
215,111
215,471
215,876
215,451
215,615
215,515
215,747
215,581
215,684
215,506
215,459
215,553
215,958
215,299
215,891
215,996
215,79
215,862
215,384
215,656
215,502
215,161
215,173
215,555
215,583
215,81
215,421
215,169
215,294
215,35
215,305
215,209
215,527
215,54
215,554
215,345
215,328
215,685
215,941
215,143
215,958
215,239
215,122
215,564
215,363
215,740
215,291
215,610
215,108
215,824
215,897
215,739
215,951
215,92
215,539
215,253
215,895
215,169
214,763
214,212
214,562
214,383
214,111
214,615
214,14
214,183
214,709
214,396
214,624
214,441
214,515
214,797
214,801
214,816
214,889
214,677
214,786
214,201
214,164
213,992
213,128
213,174
213,260
213,829
212,505
212,16
212,597
212,301
212,428
212,149
212,431
212,794
212,46
212,370
212,491
212,730
212,260
212,550
212,333
212,585
212,326
212,291
212,12
212,645
212,991
212,56
212,796
212,210
212,958
212,729
212,988
212,227
212,876
212,15
212,351
212,943
212,291
212,507
212,766
212,732
212,607
212,139
212,153
212,530
212,608
212,60
212,483
212,90
212,819
212,890
212,478
212,68
212,939
212,270
211,150
211,744
211,32
211,969
211,360
211,220
211,571
211,303
211,877
211,668
211,650
211,789
211,715
211,377
211,403
211,847
211,137
211,24
211,305
211,818
211,436
211,979
211,270
211,356
211,287
211,966
211,357
211,797
211,228
211,933
211,636
211,173
211,988
211,80
211,570
211,261
211,594
211,689
211,209
211,161
211,474
211,983
210,577
210,950
210,200
210,719
210,664
210,125
210,629
210,8
210,913
210,633
210,295
210,596
210,6
210,228
210,302
210,978
210,666
210,240
210,591
210,7
210,385
210,284
210,272
210,157
210,844
210,353
210,129
210,498
210,669
210,174
210,606
210,977
210,369
210,389
210,405
210,901
210,600
210,399
210,310
210,999
210,872
210,301
210,599
210,559
210,469
209,781
209,445
209,886
209,224
209,655
209,634
209,690
209,53
209,837
209,716
209,170
209,933
209,645
209,820
209,624
209,572
209,827
209,798
209,135
209,212
209,851
209,290
209,538
209,295
209,971
209,594
209,657
209,383
209,704
209,110
209,701
209,566
209,644
209,976
209,56
209,729
209,737
209,412
209,378
209,366
209,226
209,913
209,135
209,171
209,192
209,305
209,456
209,468
209,513
209,741
209,508
209,667
209,171
209,314
209,783
209,948
209,521
209,792
209,968
209,876
209,89
209,754
209,995
209,686
209,475
209,354
208,611
208,658
208,51
208,559
208,889
208,573
208,913
208,834
208,694
208,777
208,682
208,326
208,21
208,433
208,301
208,263
208,469
208,585
208,111
208,729
208,914
208,502
208,444
208,711
208,974
208,260
208,113
208,988
208,211
208,713
208,731
208,660
207,875
207,902
207,636
207,462
207,752
207,229
207,440
207,312
207,685
207,770
207,948
207,841
207,539
207,879
207,861
207,290
207,901
207,312
207,280
207,170
207,557
207,202
207,493
207,524
207,4
207,758
207,737
207,100
207,676
207,93
207,678
207,330
207,554
207,803
207,866
207,570
207,716
207,533
207,582
207,479
207,652
207,298
207,706
207,947
207,151
207,920
207,383
207,842
207,241
207,715
207,54
207,104
207,437
207,964
207,226
207,593
207,580
207,154
207,552
207,775
207,130
207,98
207,97
207,171
207,468
207,285
207,748
207,834
207,462
207,753
207,883
207,202
207,204
207,474
207,814
207,935
207,880
207,309
207,14
207,158
207,963
207,718
207,241
207,917
207,932
207,69
207,424
207,241
207,620
207,144
207,766
207,775
207,980
207,659
207,258
207,316
206,560
206,496
206,553
206,797
206,729
206,979
206,864
206,76
206,561
206,687
206,117
206,550
206,812
206,593
206,383
206,669
206,324
206,918
206,206
206,164
206,177
206,464
206,79
206,415
206,913
206,64
206,527
206,450
206,861
206,871
206,941
206,186
206,802
206,894
206,77
206,434
206,123
206,734
206,963
206,353
206,822
206,116
206,227
206,315
206,636
206,403
206,4
206,203
206,178
206,933
206,590
206,175
206,460
206,870
206,682
206,817
206,540
206,596
205,286
205,502
205,930
205,409
205,850
205,713
205,978
205,660
205,185
205,204
205,783
205,725
205,682
205,678
205,405
205,139
205,242
205,325
205,85
205,118
205,470
205,107
205,474
205,913
205,968
205,785
205,661
205,819
205,258
205,570
204,296
204,756
204,108
204,269
204,90
204,172
204,536
204,354
204,176
204,665
204,700
204,421
204,503
204,31
204,527
204,214
204,481
204,139
204,998
204,998
204,145
204,284
204,299
204,639
204,788
204,364
204,36
204,264
204,303
204,773
204,542
204,700
204,947
204,175
204,819
204,514
204,212
204,856
204,492
204,909
204,702
204,339
204,545
204,806
204,988
204,80
204,275
204,676
204,271
204,677
204,118
204,870
204,266
204,745
204,502
204,307
204,147
204,693
204,425
204,890
204,777
204,973
204,73
204,669
204,65
204,891
204,373
204,311
204,83
204,96
204,418
204,570
204,158
204,949
204,804
204,410
204,680
204,128
204,401
204,826
204,479
204,983
204,32
204,17
204,455
204,263
204,374
204,949
204,656
204,639
204,874
203,29
203,255
203,263
203,602
203,390
203,159
203,443
203,67
203,260
203,769
203,588
203,648
203,831
203,289
203,161
203,375
203,29
203,925
203,726
203,831
203,409
203,93
203,568
203,195
203,362
202,297
202,718
202,566
202,475
202,538
202,674
202,197
202,126
202,7
202,754
202,210
202,248
202,911
202,157
202,511
202,230
202,208
202,829
202,562
202,771
202,689
202,453
202,485
202,602
202,674
202,353
202,216
202,437
202,298
202,674
202,202
202,834
202,577
202,960
202,939
202,505
202,267
202,886
202,839
202,419
202,657
202,872
202,456
202,37
202,288
202,193
202,617
202,516
202,750
202,209
202,476
202,443
202,863
202,209
202,164
202,448
202,237
202,83
201,760
201,81
201,329
201,953
201,890
201,129
201,676
201,0
200,19
200,605
200,374
200,891
200,849
200,70
200,239
200,161
200,205
200,214
200,299
200,768
200,57
200,662
200,238
200,782
200,868
200,504
200,581
200,266
200,67
200,4
200,180
200,60
200,308
200,959
200,734
200,389
200,523
200,60
200,141
200,652
200,903
200,312
200,389
200,825
200,906
200,414
200,387
200,738
200,378
200,317
200,641
200,811
200,400
200,935
200,913
200,564
200,436
200,634
200,880
200,519
200,146
200,405
200,662
200,798
200,324
200,863
200,387
200,689
200,752
200,137
200,137
200,674
200,742
200,247
200,862
200,76
200,432
200,945
200,136
200,895
200,238
200,24
200,164
200,119
200,265
200,6
199,467
199,403
199,313
199,613
199,23
199,588
199,238
199,80
199,865
199,951
199,542
199,91
199,504
199,230
199,387
199,854
199,385
199,526
199,923
199,640
199,747
199,9
199,291
199,846
199,544
199,698
199,666
199,268
199,820
199,953
199,173
198,373
198,874
198,372
198,456
198,617
198,431
198,315
198,365
198,440
198,463
198,19
198,78
198,294
198,37
198,803
198,267
198,870
198,668
198,227
198,810
198,223
198,685
198,209
198,553
198,334
198,552
198,114
198,931
198,190
198,421
198,735
198,567
198,802
197,203
197,219
197,241
197,479
197,680
197,256
197,707
197,322
197,66
197,301
197,209
197,780
197,359
197,489
197,343
197,262
197,86
197,828
197,639
197,51
197,568
197,206
197,941
197,320
197,124
197,916
197,292
197,96
197,740
197,530
197,946
197,931
197,793
197,862
197,479
197,510
197,699
197,527
197,728
197,790
197,834
197,23
196,378
196,774
196,28
196,92
196,477
196,95
196,848
196,305
196,357
196,623
196,615
196,100
196,171
196,31
196,65
196,250
196,920
196,34
196,381
195,950
194,231
194,148
194,639
194,293
194,267
194,658
194,631
194,802
194,54
194,665
194,594
194,362
194,683
194,941
194,944
194,649
194,756
194,539
194,279
193,956
193,204
193,883
193,243
193,703
193,25
193,817
193,529
193,336
193,271
193,793
193,79
193,825
193,936
193,283
193,266
193,264
193,753
193,728
193,510
193,660
193,236
193,719
193,222
193,179
193,857
193,484
193,568
193,766
193,649
193,878
193,863
193,163
193,457
193,393
193,784
193,103
193,781
193,993
193,880
193,552
193,353
193,623
193,437
193,107
193,941
193,915
193,890
193,652
193,9
193,41
193,272
193,35
193,325
193,997
193,929
193,547
193,453
193,474
193,93
193,305
193,288
193,763
193,430
193,332
193,419
193,619
193,813
193,772
193,891
193,490
193,773
193,937
193,345
193,857
193,182
193,53
193,3
193,556
193,539
193,345
193,300
193,433
193,681
193,978
193,970
193,955
193,602
193,84
193,736
193,12
193,337
193,605
193,329
193,965
193,194
193,705
193,696
193,99
192,542
191,929
191,247
191,85
191,101
191,608
191,464
191,17
191,538
191,773
191,939
191,918
191,708
191,312
191,585
191,213
191,811
191,917
191,319
191,952
191,665
191,911
191,929
191,114
191,472
191,197
191,318
191,710
191,695
191,141
191,987
191,268
191,130
191,596
191,62
191,758
191,768
191,19
191,675
191,854
191,531
191,761
190,673
190,936
190,365
190,424
190,723
190,287
190,882
190,598
190,515
190,364
190,512
190,800
190,901
190,232
190,775
190,197
190,143
190,621
190,984
190,746
190,587
190,960
190,250
190,289
190,418
190,544
190,318
190,814
190,184
190,322
190,312
190,31
190,592
190,198
190,522
190,790
190,182
190,142
190,163
190,180
190,579
190,618
190,816
190,435
190,230
190,874
190,570
190,470
190,173
190,557
190,758
190,741
190,889
190,464
190,865
190,660
190,510
190,935
190,610
190,170
190,445
190,822
190,864
190,609
190,497
190,816
190,689
190,991
190,341
190,128
190,534
190,575
190,849
190,960
190,293
190,636
190,557
190,502
190,47
190,8
190,432
189,513
189,702
189,5
189,654
189,137
189,981
189,579
189,30
189,663
189,337
189,138
189,559
189,439
189,688
189,390
189,326
189,21
189,419
189,235
189,283
189,912
189,806
189,164
189,263
189,14
189,549
189,964
189,287
189,584
189,419
189,327
189,87
189,314
189,952
189,579
189,875
189,465
189,872
189,892
189,309
189,923
189,292
188,115
188,544
188,664
188,635
188,9
188,603
188,941
188,922
188,525
188,164
188,298
188,764
188,280
188,816
188,307
188,988
188,496
188,504
188,483
188,159
188,672
188,172
188,602
188,136
188,17
188,623
188,662
188,413
188,768
188,494
188,518
188,207
188,149
188,594
188,963
188,117
188,115
188,535
188,314
188,139
188,54
188,320
188,228
188,24
188,964
188,41
188,290
188,194
188,136
188,931
188,644
188,195
188,420
188,578
188,908
188,831
188,345
188,636
188,792
188,545
188,943
188,432
188,300
188,995
188,824
188,739
188,393
188,175
188,900
188,331
188,360
188,26
188,777
188,857
188,123
188,841
188,412
188,89
188,749
188,324
188,542
188,559
188,417
188,117
188,605
188,733
188,468
188,309
188,760
188,759
188,336
188,863
188,422
188,193
188,321
188,493
188,670
188,809
188,165
187,291
187,500
187,996
187,436
187,223
187,766
187,699
187,420
187,561
187,530
187,437
187,397
187,310
187,246
187,191
187,697
187,47
187,907
187,747
187,242
187,981
187,704
187,894
187,634
187,681
187,657
187,145
187,765
187,417
187,40
187,227
187,419
187,290
187,859
186,715
186,499
186,132
186,486
186,123
186,108
186,206
186,437
186,483
186,504
186,695
186,999
186,426
186,760
186,607
186,555
186,328
186,763
186,918
186,551
186,936
185,343
185,129
185,934
185,750
185,824
185,587
185,664
185,861
185,415
185,661
185,732
185,716
185,732
185,488
185,321
185,607
185,950
185,650
185,732
185,48
185,874
184,192
184,801
184,770
184,457
184,206
184,445
184,807
184,407
184,436
184,197
184,34
184,479
184,898
184,356
184,718
184,795
184,667
184,192
184,341
184,248
184,741
184,785
184,840
184,136
184,813
184,781
184,532
183,323
183,214
183,767
183,792
183,133
183,724
183,765
183,778
183,104
183,188
183,345
183,26
183,665
183,222
183,281
183,581
182,702
182,446
182,974
182,143
182,644
182,363
182,612
182,222
182,96
182,871
182,490
182,597
182,627
182,897
182,690
182,23
182,64
182,270
182,475
182,500
182,205
182,293
182,564
182,354
182,716
182,386
182,114
182,353
182,503
182,206
182,913
182,300
182,711
182,27
182,407
182,99
182,751
182,577
182,71
182,57
182,503
182,843
182,185
182,231
182,266
182,8
182,782
182,989
182,607
182,794
182,819
182,425
182,976
182,41
182,759
182,253
182,813
182,351
182,666
182,757
182,101
182,767
182,965
182,589
182,777
182,277
182,2
182,239
182,416
182,580
182,124
182,936
182,774
182,193
182,309
182,374
182,359
182,52
182,574
182,234
182,831
182,375
182,204
182,826
182,429
182,854
182,588
181,836
181,197
181,472
181,684
181,310
181,928
181,622
181,716
181,439
181,449
181,751
181,268
181,409
181,576
181,325
181,76
181,926
181,680
181,913
181,412
181,500
181,284
181,11
181,605
181,577
181,104
181,384
181,108
181,690
181,762
181,411
181,184
181,79
181,875
181,692
181,272
181,346
181,589
181,537
181,919
181,316
181,967
181,403
181,486
181,577
181,107
181,446
181,168
181,324
181,143
181,21
181,275
181,668
181,737
181,650
181,24
181,153
181,181
181,519
181,404
181,867
180,240
180,211
180,82
180,363
180,689
180,625
180,385
180,647
180,520
180,543
180,636
180,270
180,206
180,404
180,146
180,751
180,163
180,812
180,359
180,671
180,193
180,730
180,249
180,408
180,294
180,41
180,735
180,184
180,587
180,496
180,571
180,803
180,331
180,753
180,559
180,433
180,753
180,370
180,239
180,882
180,365
180,285
180,996
180,818
180,121
180,906
180,554
180,538
180,203
180,697
180,105
180,455
180,893
180,372
180,736
180,219
180,263
180,439
180,212
180,401
180,74
180,988
180,710
180,568
180,412
180,255
180,656
179,476
179,182
179,981
179,851
179,856
179,377
179,687
179,599
179,941
179,62
179,266
179,606
179,96
179,981
179,872
179,54
179,862
179,646
179,921
179,517
179,695
179,735
179,47
179,494
179,411
179,345
179,417
179,731
179,912
179,656
179,335
179,734
179,418
179,443
179,69
179,72
179,656
179,230
179,819
179,487
179,604
179,645
179,0
179,723
179,535
179,508
179,158
179,756
179,622
179,806
179,680
179,738
179,593
179,639
179,911
179,74
179,274
179,488
179,283
179,307
179,892
179,426
179,486
179,718
179,815
179,337
179,252
179,375
179,169
179,236
179,899
179,496
179,117
179,921
179,216
179,876
179,991
179,215
179,335
179,21
179,60
179,29
179,534
179,24
179,67
179,649
179,550
179,832
179,335
179,492
179,142
179,581
179,81
179,698
178,55
178,841
178,305
178,507
178,19
178,214
178,407
178,542
178,956
178,436
178,781
178,498
178,799
178,186
178,252
178,656
178,786
178,897
178,15
178,672
178,78
178,841
178,774
178,755
178,879
178,195
178,70
178,886
178,207
178,733
178,853
178,179
178,842
178,186
178,973
178,859
178,922
178,538
178,745
178,580
178,827
178,925
178,688
178,348
178,317
178,700
178,911
178,878
178,505
178,91
178,424
178,160
178,685
178,113
178,398
178,836
178,345
178,480
178,268
178,684
178,873
178,315
178,426
178,959
178,820
178,397
178,436
178,178
178,120
178,946
178,881
178,965
178,471
178,741
177,862
177,979
177,136
177,653
177,294
177,678
177,258
177,810
177,51
177,68
177,806
177,709
177,571
177,959
177,437
177,62
177,366
177,626
177,417
177,88
177,620
177,220
177,725
177,253
177,172
177,654
177,242
177,372
177,708
177,361
177,81
177,719
177,665
177,959
177,164
177,396
177,550
177,187
177,477
177,542
177,354
177,467
177,851
177,543
177,868
177,233
177,843
177,7
177,69
177,333
177,958
177,482
177,430
177,544
177,32
177,540
177,12
177,93
176,517
176,316
176,670
176,571
176,8
176,191
176,209
176,375
176,598
176,131
176,783
176,614
176,366
176,500
176,862
176,6
176,605
176,22
176,10
176,668
176,903
176,347
176,496
176,83
176,514
176,371
176,327
176,460
176,179
176,275
176,243
176,606
176,798
176,126
176,283
176,783
176,47
176,535
175,150
175,729
175,216
175,364
175,852
175,932
175,245
175,920
175,542
175,652
175,820
175,247
175,746
175,568
175,220
175,754
175,68
175,961
175,69
175,172
175,341
175,762
175,625
175,920
175,136
175,760
175,492
175,122
175,368
175,378
175,414
175,288
175,341
175,963
175,185
175,885
175,852
175,337
175,126
175,145
175,331
175,402
175,889
175,675
175,826
175,597
175,493
175,299
175,447
175,354
175,371
175,97
175,969
175,155
175,983
175,959
175,563
175,571
175,676
175,688
175,225
175,395
175,237
175,584
175,747
175,494
175,861
175,417
175,687
175,142
175,990
175,366
175,671
175,215
175,831
175,683
175,533
175,386
175,666
175,228
175,494
175,9
175,385
175,952
175,835
175,849
175,257
175,112
175,286
175,546
175,993
175,943
175,944
175,10
175,249
175,646
175,517
175,298
175,198
174,302
174,130
174,161
174,476
174,602
174,681
174,257
174,410
174,456
174,339
174,411
173,750
173,308
173,355
173,123
173,560
173,286
173,3
173,10
173,288
173,149
173,937
173,890
173,110
173,353
173,658
173,225
173,179
173,204
173,191
173,564
173,450
173,857
173,490
173,478
173,691
173,348
173,169
173,785
173,910
173,827
173,828
173,13
173,609
173,790
173,244
173,957
173,344
173,414
173,906
173,643
173,159
173,32
173,909
173,177
173,551
173,384
173,750
173,536
173,340
173,555
173,361
173,730
173,219
173,983
173,90
173,457
173,865
173,346
173,425
173,159
173,552
173,223
173,264
173,433
173,676
173,337
173,862
173,385
173,186
173,285
173,245
173,208
173,84
173,648
173,631
173,292
173,861
173,699
173,235
173,108
173,271
173,13
173,665
173,766
173,229
173,720
173,818
172,630
172,84
172,260
172,443
172,39
172,720
172,466
172,750
172,718
171,525
171,979
171,833
171,3
171,140
171,8
171,778
171,893
171,774
171,820
171,415
171,887
171,299
171,991
171,661
171,269
171,327
171,301
171,540
171,338
171,925
171,317
171,410
171,306
171,527
171,942
171,833
171,109
171,691
171,793
171,530
171,551
171,688
171,813
171,918
171,539
171,459
171,44
171,678
171,241
171,0
171,649
171,534
171,837
171,637
171,919
171,838
171,854
171,983
171,833
171,951
171,183
171,922
171,671
171,915
171,957
171,281
171,839
171,523
171,379
171,185
171,567
171,785
171,950
171,104
171,256
171,779
171,548
171,739
171,205
171,764
171,264
171,319
171,998
171,394
171,729
171,745
170,357
170,227
170,835
170,909
170,914
170,337
170,317
170,290
170,610
170,339
170,498
170,452
170,587
170,917
170,131
170,113
170,34
170,211
170,858
170,712
170,489
170,462
170,931
170,716
170,465
170,106
170,983
170,465
170,224
170,177
170,523
170,616
170,322
170,752
170,790
170,196
170,297
170,810
170,911
170,187
170,316
170,337
170,871
170,205
170,607
170,867
170,892
170,881
170,515
170,506
170,941
170,665
170,307
170,924
170,338
170,108
170,735
170,919
170,622
170,266
170,909
169,554
169,150
169,977
169,835
169,147
169,814
169,285
169,758
169,324
169,468
169,365
169,926
169,684
169,463
169,929
169,772
169,979
169,933
169,52
169,320
169,529
169,657
169,423
169,616
169,274
169,389
169,866
169,899
169,314
169,512
169,631
169,547
169,281
169,340
169,605
169,449
169,910
169,556
169,742
169,260
169,710
169,657
169,221
169,445
169,824
169,897
169,272
169,194
169,590
169,362
169,689
169,24
169,837
169,889
169,405
169,520
169,712
169,289
169,69
169,608
169,256
169,811
169,371
169,262
169,398
169,165
169,348
169,464
169,309
169,29
169,978
169,861
169,632
169,122
169,741
169,131
169,74
169,297
169,423
169,96
169,416
169,156
169,270
169,479
169,866
169,830
168,921
168,286
168,417
168,236
168,87
168,788
168,817
168,904
168,320
168,930
168,670
168,870
168,468
168,165
168,790
168,573
168,298
168,304
168,982
168,105
168,20
168,939
168,391
168,705
168,120
168,429
168,542
168,652
168,453
168,824
168,149
168,197
168,16
168,555
168,382
168,535
168,168
168,421
168,367
168,944
168,807
168,616
168,806
168,427
168,688
168,896
168,137
168,764
168,911
168,436
168,748
168,53
168,766
168,388
168,668
168,497
168,35
168,532
168,262
168,553
168,927
168,217
168,848
168,964
168,238
168,397
168,929
168,145
168,111
168,577
168,601
168,559
167,830
167,577
167,218
167,395
167,863
167,816
167,314
167,75
167,129
166,928
166,777
166,187
166,612
166,131
166,745
166,575
166,62
166,392
166,284
166,243
166,13
166,471
166,839
166,382
166,511
166,627
166,396
166,898
166,740
166,109
166,589
166,279
166,894
166,231
166,187
166,249
166,118
166,201
166,231
166,894
166,847
166,11
165,575
165,964
165,71
165,69
165,615
165,660
165,835
165,449
165,201
165,346
165,833
165,168
165,368
165,358
165,942
165,405
165,332
165,70
165,416
165,426
165,852
165,716
165,342
165,20
164,301
164,390
164,274
164,312
164,673
164,520
164,846
164,146
164,489
164,699
164,551
164,664
164,908
164,521
164,496
164,353
164,255
164,433
164,353
164,562
164,728
164,399
164,238
164,167
164,326
164,829
164,401
164,904
164,111
164,449
164,647
164,276
164,680
164,72
164,372
164,128
164,887
164,553
164,898
164,32
164,470
164,380
164,522
164,990
164,904
164,21
164,631
164,569
164,557
164,323
164,197
164,283
164,218
164,396
164,320
164,3
164,957
164,427
164,608
164,552
164,20
164,782
164,536
164,835
164,288
164,329
164,326
164,67
164,826
164,412
164,515
164,463
164,224
164,422
164,620
164,860
164,754
164,709
164,1
164,145
164,190
164,431
164,264
164,329
164,436
164,909
164,880
164,553
163,871
163,407
163,165
163,650
163,905
163,321
163,832
163,515
163,665
163,189
163,616
163,716
163,195
163,738
163,219
163,49
163,513
163,776
163,102
163,97
163,363
163,95
163,669
163,560
163,188
163,764
163,365
163,205
163,974
163,668
163,80
163,739
162,848
162,799
162,648
162,873
162,871
162,671
162,921
162,18
162,979
162,860
162,833
162,441
162,346
162,115
162,414
162,405
162,884
162,843
162,291
162,994
162,637
162,182
162,832
162,761
162,575
162,728
162,174
162,608
162,168
162,570
162,324
162,413
162,51
162,54
162,56
162,850
162,564
162,101
162,487
162,66
162,883
162,545
162,985
162,923
162,877
162,470
162,810
162,881
162,6
162,949
162,605
161,819
161,801
161,853
161,132
161,435
161,729
161,893
161,243
161,71
161,440
161,638
161,804
161,563
161,223
161,61
161,701
161,367
161,706
161,953
161,153
161,908
161,756
161,957
161,889
161,381
161,901
161,675
161,222
161,244
161,692
161,649
161,49
161,465
161,184
161,157
161,203
161,189
161,418
161,248
161,890
161,939
161,801
161,890
161,510
161,156
161,534
161,89
161,987
161,17
161,767
161,33
161,609
161,601
161,468
161,379
161,7
161,192
161,268
161,241
161,327
161,940
161,599
161,550
161,2
161,955
161,585
161,926
161,190
161,306
161,666
161,524
161,914
161,487
161,753
161,413
161,186
161,934
161,759
161,326
161,66
161,636
161,305
161,461
160,548
160,515
160,419
160,967
160,758
160,842
160,84
160,860
160,584
160,8
160,465
160,977
160,380
160,709
160,991
160,221
160,955
160,720
160,441
160,372
160,854
160,739
160,562
160,867
160,592
160,117
160,411
160,608
160,303
160,450
160,11
160,82
160,216
160,536
160,128
160,621
160,444
160,200
160,87
160,513
160,251
160,349
160,47
160,614
160,230
160,236
160,434
160,977
160,211
160,125
160,729
160,638
160,965
160,507
160,750
160,853
160,546
160,481
160,806
160,754
160,895
160,475
160,361
160,997
160,817
160,508
160,900
159,952
159,322
159,788
159,342
159,608
159,903
159,440
159,277
159,596
159,915
159,857
159,175
159,421
159,88
159,851
159,439
159,682
159,525
159,428
159,603
159,342
159,347
159,643
159,441
159,161
159,797
159,341
159,66
159,38
159,408
159,209
159,589
159,457
159,745
159,537
159,37
159,782
159,925
159,367
159,903
159,314
159,923
159,924
159,854
159,68
159,963
159,280
159,231
159,154
159,250
159,649
159,955
159,873
159,244
159,183
159,839
159,596
159,395
159,198
159,348
159,877
159,258
159,167
159,569
159,250
159,923
159,415
159,931
159,140
159,832
159,767
159,663
159,645
159,695
159,192
159,803
159,383
159,10
159,669
159,319
159,977
159,816
159,210
159,571
159,116
159,175
159,957
159,138
159,147
159,741
159,77
159,185
158,87
158,951
158,162
158,741
158,987
158,708
158,642
158,493
158,881
158,793
158,326
158,138
158,531
158,941
158,847
158,84
158,437
158,975
158,182
158,803
158,943
158,711
158,872
158,828
158,548
158,625
158,924
158,428
158,558
158,393
158,356
158,87
158,163
158,92
158,18
158,590
158,743
158,148
158,36
158,840
158,368
158,871
158,525
158,619
158,488
158,277
158,315
158,239
158,189
158,480
158,288
158,30
158,585
158,91
158,445
158,924
158,824
158,791
157,21
157,454
157,76
157,647
157,131
157,504
157,970
157,27
157,697
157,241
157,497
157,344
157,177
157,174
157,713
157,492
157,36
157,520
157,393
157,483
157,385
157,678
157,404
157,45
157,857
157,172
157,601
157,965
157,320
157,103
157,314
157,966
157,326
157,615
157,754
157,529
157,779
157,17
157,805
157,606
157,185
157,881
157,713
157,780
157,913
157,638
157,804
157,672
157,383
157,899
157,505
157,886
157,972
157,117
157,239
157,677
157,500
157,711
157,238
157,701
157,517
157,145
157,274
157,530
157,849
157,545
157,650
157,305
157,521
157,666
157,132
157,872
157,601
157,114
157,229
157,327
157,353
157,785
157,764
157,495
157,487
157,624
157,17
157,870
157,712
156,665
156,693
156,90
156,552
156,169
156,640
156,695
156,59
156,742
156,180
156,155
156,552
155,376
155,308
155,918
155,10
155,44
155,140
155,3
155,278
154,75
154,174
154,789
154,450
154,189
154,57
154,410
154,53
154,368
154,452
154,121
154,918
154,338
154,678
154,449
154,644
154,125
154,231
154,403
154,859
154,391
154,368
154,373
154,477
154,866
154,856
154,825
154,460
154,325
154,556
154,13
154,496
154,422
154,207
154,0
154,113
154,435
154,708
154,45
154,662
154,798
154,509
154,544
154,631
154,607
154,45
154,100
154,899
154,700
154,931
154,19
154,610
154,657
154,236
154,259
154,700
154,456
154,65
154,655
153,999
153,450
153,157
153,888
153,167
153,831
153,662
153,739
153,53
153,704
153,26
153,68
153,501
153,43
153,431
153,137
153,582
153,925
153,5
153,513
153,892
153,598
153,26
153,861
153,645
153,400
153,922
153,300
153,282
153,78
153,856
153,648
153,787
153,989
152,729
152,978
152,435
152,852
152,303
152,825
152,41
152,455
152,226
152,412
152,672
152,497
152,486
152,652
152,600
152,110
152,494
152,199
152,457
152,956
152,295
152,301
152,161
152,94
152,995
152,60
151,587
151,814
151,350
151,110
151,760
151,267
151,966
151,863
151,802
151,297
151,149
151,714
151,91
151,81
151,486
151,825
151,390
151,907
151,189
151,368
151,989
151,461
151,878
151,659
151,249
151,7
151,313
151,656
151,838
151,168
151,975
151,190
151,194
151,522
151,297
151,938
151,424
151,925
151,74
151,330
151,671
151,593
151,867
151,932
151,484
151,61
151,849
151,881
151,469
151,923
151,281
151,943
151,182
151,456
151,993
151,762
151,367
151,457
151,907
151,176
151,604
151,784
151,240
151,962
151,200
151,417
151,635
151,688
151,398
151,680
151,321
151,686
151,223
151,790
151,192
151,716
151,168
151,760
151,511
151,448
151,988
151,159
151,60
151,382
151,284
151,124
151,504
151,697
151,83
151,96
151,106
151,299
151,503
151,580
151,498
151,721
151,93
150,2
150,91
150,716
150,117
150,121
150,633
150,745
150,35
150,640
150,317
150,77
150,511
150,613
150,402
150,931
150,522
150,275
150,748
150,667
150,265
150,624
150,422
150,890
150,780
150,751
150,230
150,497
150,102
150,69
150,342
150,62
150,12
150,578
150,59
150,896
150,497
150,24
150,362
150,733
150,476
150,992
150,132
150,968
150,402
150,813
150,476
150,199
150,584
150,912
150,598
150,874
150,79
150,895
150,276
150,560
150,469
150,599
150,481
150,322
150,560
150,730
150,139
150,152
150,399
150,879
150,665
150,895
150,901
150,534
150,310
150,819
150,162
150,157
150,140
150,300
150,826
150,892
150,276
150,319
150,942
149,981
149,12
148,933
148,703
148,157
148,353
148,253
148,35
148,746
148,208
148,84
148,33
148,643
148,351
148,237
148,100
148,968
148,344
148,702
148,537
148,857
148,293
148,714
148,224
148,707
148,639
148,703
148,725
148,589
148,96
148,618
148,5
148,277
148,168
148,141
148,27
148,546
148,384
148,567
148,761
148,44
148,743
148,176
148,367
148,307
148,827
148,529
148,352
148,504
148,736
148,779
148,426
148,710
148,210
148,801
148,51
148,436
148,837
148,81
148,950
148,266
148,204
148,41
148,465
148,927
148,259
148,744
148,226
148,426
148,862
148,646
148,832
148,4
148,644
148,575
148,748
148,448
148,483
148,342
148,990
148,487
148,925
148,790
148,87
148,305
148,794
148,118
148,824
148,139
147,752
147,252
147,313
147,585
147,508
147,318
147,96
147,917
147,996
147,203
147,675
147,184
147,889
147,428
147,706
147,96
147,92
147,612
147,760
147,586
147,355
147,285
147,189
147,491
147,41
146,41
146,188
146,107
146,687
146,396
146,652
146,301
146,549
146,338
146,457
146,200
146,309
146,552
146,904
146,256
146,288
146,396
146,244
146,20
146,249
146,501
146,370
146,783
146,791
146,446
146,54
146,364
146,977
146,343
146,9
146,621
146,482
146,480
146,873
146,582
146,475
146,675
146,723
146,934
146,321
146,289
146,613
146,353
146,929
146,131
146,854
146,357
146,122
146,690
146,929
146,515
146,333
146,418
146,847
146,939
146,481
146,30
146,937
146,924
146,649
146,779
145,896
145,941
145,892
145,822
145,980
145,732
145,806
145,36
145,414
145,33
145,99
145,105
145,630
145,382
145,538
145,814
145,18
145,728
145,344
145,462
145,220
145,498
145,553
145,275
145,770
145,298
145,561
145,250
145,669
145,449
145,789
145,886
145,721
145,503
145,857
145,78
145,889
145,86
145,207
145,754
145,466
145,395
145,310
145,280
145,837
145,235
145,518
144,658
144,406
144,150
144,469
144,558
144,295
144,568
144,162
144,572
144,610
144,464
144,909
144,540
144,248
144,571
144,13
144,417
144,634
144,666
144,77
144,953
144,125
144,586
144,506
144,599
144,213
144,603
144,493
144,567
144,508
144,85
144,735
144,486
144,466
144,603
144,765
144,474
144,279
144,199
144,909
144,788
144,478
144,291
144,970
144,419
144,709
144,805
144,406
144,673
144,18
144,896
144,287
144,492
144,798
144,173
144,130
144,149
144,786
144,336
144,611
144,780
144,840
144,380
144,986
144,700
144,99
144,905
144,31
144,236
144,49
144,319
144,107
143,343
143,24
143,235
143,397
143,416
143,32
143,242
143,374
143,497
143,793
143,841
143,357
143,364
143,657
143,663
143,291
143,377
143,803
143,674
143,84
143,453
143,788
143,774
143,904
143,768
143,829
143,748
143,601
143,358
143,71
143,457
143,378
143,774
143,221
143,453
143,932
143,669
143,103
143,531
143,559
143,406
143,67
143,135
143,568
143,93
143,212
142,158
142,38
142,331
142,820
142,866
142,503
142,707
142,369
142,490
142,192
142,6
142,545
142,285
142,341
142,14
142,820
142,598
142,91
142,195
142,881
142,862
142,103
141,570
141,974
141,884
141,697
141,658
141,169
141,774
141,228
141,171
141,753
141,928
141,843
141,215
141,635
141,792
141,50
141,392
141,117
141,595
141,258
141,498
141,28
141,38
141,248
141,430
141,811
141,865
141,884
141,13
141,301
141,545
141,778
141,883
141,855
141,893
141,845
141,371
141,494
141,798
141,64
141,363
141,199
141,323
141,638
141,366
141,128
141,863
141,392
141,323
141,523
141,407
141,532
141,769
141,710
141,238
141,324
141,170
141,355
141,124
141,239
140,495
140,347
140,746
140,204
140,287
140,237
140,475
140,954
140,387
140,243
140,596
140,394
140,179
140,73
140,965
140,141
140,316
140,616
140,849
140,442
140,301
140,153
140,899
140,448
140,758
140,718
140,244
140,782
140,215
140,966
140,271
140,517
140,822
140,512
140,743
140,711
140,957
140,337
140,800
140,58
140,541
140,927
140,463
140,715
140,415
140,274
140,107
140,102
140,470
140,327
140,756
140,483
140,702
140,531
140,325
140,689
140,192
140,491
140,385
140,818
140,693
139,896
139,325
139,57
139,486
139,525
139,790
139,763
139,251
139,984
139,317
139,602
139,574
139,645
139,850
139,812
139,366
139,220
139,579
139,23
139,905
139,435
139,517
139,218
139,545
139,129
139,63
139,480
139,84
138,229
138,19
138,439
138,252
138,799
138,966
138,947
138,293
138,651
138,335
138,940
138,309
138,132
138,483
138,242
138,913
138,492
138,537
138,950
138,378
138,588
138,768
138,864
138,966
138,739
138,425
138,360
138,83
138,635
138,99
138,349
138,490
138,727
138,793
138,212
138,891
138,428
138,328
138,38
138,470
138,231
138,306
138,655
138,511
138,900
138,715
138,282
138,75
138,794
138,972
137,772
137,906
137,97
137,86
137,225
137,366
137,210
137,675
137,752
137,596
137,901
137,314
137,611
137,431
137,461
137,488
137,103
137,414
137,395
137,8
137,121
137,26
137,104
137,95
137,986
136,752
136,442
136,954
136,945
136,245
136,275
136,803
136,420
136,636
136,330
136,305
136,658
136,260
136,472
136,975
136,817
136,990
136,269
136,435
136,400
136,439
136,104
136,715
136,61
136,354
136,273
136,710
136,536
136,605
136,221
136,578
136,203
136,46
136,168
136,721
136,167
136,511
136,777
136,363
136,282
136,788
136,953
136,964
136,618
136,322
136,52
136,807
136,851
136,447
136,372
136,647
136,543
136,96
136,196
136,155
136,152
136,823
136,648
136,556
136,821
136,730
136,550
136,155
136,226
136,43
136,972
136,751
136,520
136,680
136,632
136,493
136,288
136,448
136,721
136,716
136,528
136,117
136,760
136,331
136,591
136,220
136,563
136,448
136,878
136,732
136,932
136,60
136,530
136,721
136,153
136,552
135,388
135,713
135,365
135,127
135,90
135,619
135,253
135,264
135,293
135,226
134,462
134,571
133,34
133,95
133,195
133,0
133,667
133,48
133,494
133,726
133,500
133,899
133,764
133,992
133,11
133,624
133,728
133,156
133,296
133,201
132,715
132,342
132,188
132,664
132,613
132,104
132,488
132,180
132,565
132,866
132,942
132,673
132,653
132,481
132,455
132,524
132,201
132,430
132,285
132,268
132,695
132,48
132,246
132,803
132,34
132,58
132,700
132,641
132,657
132,171
132,752
132,439
132,9
132,439
132,761
132,656
132,835
132,681
132,470
132,815
132,724
132,88
132,225
132,507
132,826
132,980
132,213
132,804
132,748
132,268
132,26
132,2
132,762
132,790
132,558
132,851
131,383
131,186
131,762
131,894
131,46
131,639
131,538
131,51
131,160
131,700
131,763
131,814
131,95
131,647
131,689
131,807
131,193
131,261
131,613
131,667
131,934
131,557
131,663
131,268
131,649
131,157
131,157
131,13
131,599
131,792
131,649
131,68
131,421
130,383
130,170
130,724
130,432
130,813
130,271
130,229
130,233
130,117
130,732
130,603
130,183
130,187
130,507
130,493
130,183
130,893
130,673
130,267
130,639
130,987
130,802
130,472
130,269
130,391
130,408
130,705
130,99
130,594
130,366
130,296
130,695
130,577
130,234
130,283
130,911
130,143
130,297
130,973
130,518
130,638
130,250
130,224
130,476
130,824
130,180
130,646
130,334
130,415
130,390
129,356
129,515
129,389
129,734
128,444
128,163
128,355
128,136
128,730
128,568
128,371
128,360
128,173
128,845
128,189
128,729
128,300
128,948
128,526
128,496
128,141
128,570
128,902
128,363
128,252
128,584
128,742
128,51
128,782
128,622
128,796
128,157
128,223
128,94
128,264
128,619
128,450
128,56
128,335
128,440
128,952
128,988
128,866
128,805
128,682
128,102
128,357
128,216
128,261
128,910
128,696
128,226
128,395
128,912
128,671
128,242
128,588
128,186
128,955
128,448
128,957
128,866
128,576
128,632
128,57
128,656
128,895
127,60
127,906
127,718
127,185
127,41
127,581
127,679
127,757
127,883
127,458
127,445
127,346
127,410
127,723
127,174
127,628
127,144
127,641
127,211
127,334
127,521
127,831
126,701
126,723
126,22
126,535
126,85
126,76
125,704
125,647
125,473
125,792
125,193
125,611
125,318
125,94
125,418
125,220
125,226
125,917
125,343
125,913
125,325
125,895
125,771
125,345
125,149
125,699
124,822
124,700
124,423
124,384
124,293
124,548
124,135
124,557
124,511
124,907
124,644
124,710
124,550
124,892
124,808
124,830
124,838
124,976
124,674
124,848
124,736
124,412
124,996
124,928
124,817
124,264
124,789
124,50
124,408
124,400
124,85
124,266
124,160
124,392
124,187
124,485
124,454
124,474
124,106
124,731
124,762
124,45
124,985
124,660
124,468
124,717
124,162
124,260
124,560
124,974
124,536
124,705
124,615
124,811
124,205
124,228
124,481
124,204
124,528
124,57
124,517
124,993
124,379
124,735
124,8
124,33
124,310
124,320
124,416
124,479
124,770
124,490
124,155
124,720
124,87
124,834
124,967
124,741
124,45
123,37
123,594
123,77
123,723
123,834
123,239
123,761
123,168
123,233
123,128
123,166
123,320
123,905
123,830
123,945
123,515
123,133
123,849
123,764
123,274
123,813
123,715
123,576
123,629
123,294
123,108
123,169
123,529
123,684
123,658
123,447
123,390
122,504
122,681
122,641
122,58
122,564
122,896
122,441
122,894
122,526
122,356
122,135
122,816
122,73
122,108
122,561
122,516
122,16
122,144
122,249
122,831
122,912
122,451
122,872
122,182
122,258
122,544
122,697
122,326
122,981
122,668
122,790
122,667
122,889
122,177
122,894
122,772
122,772
122,991
122,962
122,217
122,734
122,331
122,714
122,194
122,331
122,588
122,468
122,649
122,762
122,35
122,435
122,646
122,510
122,543
122,283
122,10
122,688
122,968
122,217
122,613
122,335
122,538
122,837
122,210
122,960
122,932
121,246
121,387
121,570
121,870
121,71
121,57
121,660
121,368
121,472
121,834
121,510
121,60
121,522
121,563
121,866
121,728
121,256
121,70
121,781
121,742
121,25
121,91
121,303
121,325
121,493
121,617
121,23
121,947
121,438
121,280
121,461
121,789
121,525
120,32
120,450
120,406
120,175
120,40
120,239
120,408
120,374
120,654
120,514
120,195
120,545
120,810
120,292
120,128
120,920
120,50
120,294
120,823
120,268
120,637
120,271
120,26
120,919
120,696
120,989
120,784
120,338
120,941
119,784
119,83
119,829
119,378
119,919
119,434
119,633
119,880
119,521
119,810
119,425
119,745
119,999
119,26
119,375
119,630
119,810
119,62
119,779
119,967
119,987
119,160
119,637
119,798
119,854
118,852
118,890
118,700
118,391
118,878
118,23
118,788
118,69
118,263
118,804
118,111
118,649
118,197
118,281
118,545
118,468
118,576
118,161
118,83
118,457
118,258
118,528
118,126
118,87
118,829
118,826
118,626
118,25
118,122
118,938
118,720
118,913
118,40
118,316
118,337
118,506
118,253
118,497
118,741
118,425
118,422
118,204
118,198
118,367
118,280
118,289
118,462
118,197
118,9
118,37
118,358
118,907
117,293
117,643
117,468
117,934
117,734
117,801
117,89
117,169
117,748
117,503
117,22
117,485
117,322
117,569
117,667
117,494
117,243
117,229
117,58
117,120
117,156
117,956
117,227
117,815
117,289
117,921
117,630
117,458
117,231
117,456
117,465
117,217
117,775
117,947
117,285
117,167
117,425
117,788
117,289
117,625
117,120
117,252
117,522
117,588
117,559
117,386
117,736
117,984
117,309
117,325
117,403
117,384
117,401
117,471
117,622
117,980
117,58
117,996
117,676
117,396
117,684
117,740
117,847
117,421
117,118
117,408
117,685
116,826
116,424
116,613
116,659
116,34
116,213
116,996
116,88
116,606
116,705
116,640
116,216
116,365
116,815
116,888
116,516
116,64
116,420
116,572
116,690
116,183
116,468
116,836
116,773
116,701
116,462
116,22
116,975
116,83
116,844
116,317
116,167
116,800
116,697
116,30
116,340
116,404
116,442
116,581
116,458
116,344
116,203
116,917
116,252
116,326
116,705
116,436
116,525
116,847
116,623
116,811
116,981
116,835
116,221
116,9
116,566
116,856
116,695
116,484
116,634
116,823
116,184
116,305
116,276
116,421
116,949
116,829
116,467
116,808
115,242
115,833
115,204
115,340
115,7
115,86
115,812
115,760
115,207
115,32
115,33
115,333
115,641
115,515
115,423
115,248
115,446
115,62
115,612
115,998
115,283
115,954
115,610
115,365
115,230
115,431
115,921
115,336
115,240
115,114
115,511
115,201
115,665
115,448
115,783
115,501
115,80
115,746
115,509
115,612
115,7
115,407
115,241
115,296
115,550
115,877
115,549
115,625
115,613
115,452
115,226
115,854
115,956
115,250
115,305
115,542
115,763
115,737
115,475
115,327
115,717
115,729
115,421
115,927
115,740
115,250
115,945
115,943
115,309
115,615
115,648
115,786
115,980
115,25
115,423
115,989
115,258
115,488
115,690
115,209
115,616
115,615
115,609
115,3
115,26
115,437
115,111
115,984
115,191
115,255
115,369
115,478
115,627
115,441
115,65
115,618
115,850
115,327
115,683
114,776
114,792
114,70
114,331
114,964
114,830
114,245
114,101
114,839
114,503
114,537
114,435
114,810
114,645
114,933
114,900
114,764
114,767
114,958
114,810
114,12
114,784
114,185
114,581
114,13
114,779
114,982
114,362
114,295
114,256
114,408
114,880
114,667
114,887
114,670
114,216
114,988
114,408
114,767
114,894
114,94
114,633
114,948
114,366
114,672
114,958
114,829
114,494
114,995
114,86
114,815
114,648
114,515
114,612
114,692
114,206
114,828
114,740
114,827
114,465
114,955
114,979
114,344
114,88
113,891
113,91
113,972
113,679
113,213
113,793
113,768
113,107
113,930
113,381
113,961
113,880
113,555
113,677
113,107
113,473
113,983
113,810
113,499
113,708
113,692
113,455
113,93
113,1
113,23
113,215
113,344
113,345
113,325
113,918
113,80
113,351
113,240
113,704
113,498
113,963
113,353
113,799
113,454
113,52
112,508
112,78
112,519
112,523
112,703
112,714
112,953
112,314
112,550
112,169
112,982
112,960
112,34
112,209
112,426
112,948
112,70
112,131
111,185
111,529
111,638
111,266
111,299
111,958
111,225
111,961
111,742
111,893
111,787
111,221
111,390
111,5
111,196
111,450
111,759
111,424
111,488
111,976
111,839
111,936
111,792
111,215
111,692
111,378
111,662
111,553
111,774
111,120
111,206
111,563
111,679
111,536
111,31
111,660
111,658
111,803
111,480
111,724
111,88
111,480
111,603
111,812
111,868
111,466
111,150
111,482
111,927
111,690
110,317
110,643
110,403
110,652
110,114
110,300
110,842
110,393
110,703
110,988
110,373
110,686
110,735
110,471
110,909
110,581
110,685
110,135
110,297
110,622
110,400
110,178
110,807
110,35
110,874
110,284
110,629
110,81
110,37
110,513
110,465
110,286
110,34
110,884
110,3
110,417
110,171
110,345
110,513
110,354
110,440
110,817
110,103
110,808
110,82
110,553
110,310
110,981
110,687
110,604
110,895
110,961
110,809
110,806
110,396
110,207
110,924
110,281
110,251
110,242
110,53
110,470
110,703
110,347
110,77
110,673
110,462
110,373
110,904
110,196
110,46
110,630
110,853
110,685
110,476
110,790
110,270
110,256
110,434
110,485
110,182
110,178
110,905
110,801
110,244
110,552
110,680
110,755
110,903
110,922
110,669
109,629
109,311
109,981
109,756
109,580
109,303
109,519
109,248
109,312
109,85
109,86
109,326
109,19
109,683
109,326
109,352
109,507
109,357
109,342
109,361
109,789
109,756
109,139
109,171
109,67
109,736
109,925
109,917
109,209
109,325
109,751
109,475
109,257
109,673
109,424
109,363
109,103
109,761
109,683
109,51
109,997
109,350
109,466
109,438
109,975
109,764
109,307
109,429
109,232
109,349
109,132
109,696
109,432
109,888
109,490
109,404
109,784
109,53
109,981
109,706
109,404
109,952
109,408
109,811
109,340
109,749
109,703
109,15
109,353
109,280
109,344
109,360
108,674
108,298
108,298
108,364
108,202
108,426
108,764
108,744
108,558
108,999
108,463
108,621
108,730
108,617
108,552
108,620
108,368
108,848
108,427
108,860
108,448
108,575
108,44
108,893
108,642
108,534
108,380
108,920
108,940
108,851
108,734
108,973
108,391
108,211
108,227
108,309
108,501
108,318
108,413
108,724
108,520
108,970
108,809
108,930
108,174
108,957
108,715
107,781
107,952
107,30
107,341
107,593
107,663
107,931
107,929
107,902
107,24
107,34
107,616
107,441
107,358
107,457
107,664
107,733
107,517
107,240
107,944
107,921
107,452
107,750
107,38
107,384
107,315
107,206
107,73
107,228
107,495
107,946
107,28
107,399
107,706
107,36
107,647
107,977
107,671
107,171
107,41
107,463
107,796
107,382
107,182
107,820
107,118
107,682
107,760
107,415
107,86
107,569
107,498
107,23
107,124
107,836
107,576
107,913
107,198
107,68
107,203
107,992
107,208
107,898
107,506
107,714
107,423
107,510
107,166
107,438
107,764
107,615
107,247
107,128
107,777
107,587
107,428
107,52
107,209
107,356
107,361
107,687
107,709
107,489
107,560
107,422
107,36
107,388
107,763
107,203
107,39
107,221
107,747
107,190
107,685
107,459
107,810
107,160
107,897
106,811
106,443
106,676
106,672
106,841
106,753
106,767
106,912
106,419
106,759
106,387
106,551
106,421
106,506
106,259
106,424
106,570
106,483
106,641
106,515
106,523
106,387
106,110
106,510
106,699
106,140
106,864
106,935
106,818
106,768
106,566
106,54
106,623
106,855
106,711
106,699
106,321
105,476
105,574
105,907
105,689
105,191
105,884
105,615
105,649
105,24
105,68
105,794
105,820
105,107
105,566
105,469
105,718
105,157
105,897
105,206
105,256
105,527
105,417
105,672
105,765
105,755
105,741
105,197
105,926
105,502
105,105
105,687
105,498
105,570
105,969
105,373
105,903
105,926
105,341
105,30
105,425
105,8
105,65
105,621
105,469
105,264
105,249
105,749
105,49
105,372
105,64
105,603
105,50
105,176
105,473
105,669
105,583
105,538
105,479
105,398
105,889
105,787
105,126
105,136
105,39
105,925
105,279
105,845
105,40
105,129
105,857
105,472
105,798
105,425
105,848
105,380
105,830
105,843
105,871
105,839
105,614
105,469
105,984
104,919
104,953
104,752
104,992
104,845
104,405
104,92
104,23
104,112
104,389
104,957
104,2
104,256
104,777
104,839
104,925
104,149
104,464
104,590
104,979
104,549
104,602
104,76
104,335
104,723
104,146
104,490
104,578
104,784
104,331
104,995
104,521
104,377
104,329
104,798
104,22
104,618
104,276
104,617
104,467
104,324
104,366
104,79
104,417
104,960
104,879
104,911
104,333
104,905
104,49
104,746
104,138
104,369
104,615
104,546
104,935
104,944
104,300
104,748
104,618
104,257
104,968
104,256
104,139
104,922
104,478
104,875
104,938
104,787
104,853
104,879
104,769
104,506
104,956
103,260
103,516
103,53
103,393
103,964
103,673
103,945
102,988
102,771
102,492
102,315
102,614
102,367
102,4
102,0
102,715
102,934
102,134
102,883
102,660
102,504
102,710
102,912
102,832
102,323
102,123
102,69
102,367
102,61
102,295
102,315
102,208
102,473
102,505
102,990
102,283
102,203
102,960
102,289
102,281
102,692
102,910
102,688
102,418
102,628
102,552
102,946
102,702
102,114
102,299
102,631
102,38
102,147
102,810
102,482
102,742
102,149
102,916
102,346
102,419
102,923
102,643
102,985
101,421
101,903
101,579
101,54
101,21
101,149
101,313
101,986
101,322
101,732
101,815
101,32
101,229
101,673
101,227
101,954
101,928
101,615
101,145
101,905
101,611
101,940
101,598
101,261
101,982
101,649
101,118
101,321
101,701
101,235
101,133
101,234
101,196
101,647
101,950
101,19
101,819
101,934
101,759
101,653
101,11
101,855
101,358
101,566
101,181
101,587
101,296
101,607
101,515
101,503
101,701
101,130
101,967
101,258
101,281
101,814
101,389
101,16
101,114
101,136
101,721
101,120
101,370
101,604
101,590
101,440
101,518
101,589
100,573
100,950
100,38
100,725
100,988
100,688
100,418
100,957
100,705
100,182
100,877
100,238
100,145
100,564
100,290
100,939
100,141
100,17
100,799
100,533
100,226
100,621
100,641
100,581
100,943
100,242
100,166
100,831
100,159
100,860
100,102
100,762
100,114
100,240
99,421
99,916
99,781
99,109
99,680
99,434
99,489
99,310
99,126
99,449
99,840
99,58
99,103
99,876
99,73
99,561
99,273
99,305
99,89
99,471
99,953
99,249
99,115
99,714
99,858
99,269
99,287
99,124
99,533
99,865
99,493
99,257
99,480
99,171
99,695
99,838
99,290
99,990
99,558
99,346
99,486
99,996
99,657
99,880
99,268
99,564
99,815
99,372
99,935
99,880
99,944
99,951
99,665
99,832
99,316
99,998
99,158
99,233
99,751
99,100
99,614
99,860
99,490
99,727
99,591
99,422
99,358
99,982
99,816
99,263
99,549
99,242
99,834
99,77
99,276
99,814
99,477
99,288
99,820
99,439
99,403
99,440
99,534
99,86
99,492
99,229
99,572
98,972
98,349
98,676
98,166
98,92
98,625
98,597
97,46
97,173
97,451
97,570
97,643
97,198
97,66
97,997
97,664
97,695
97,443
97,675
97,259
97,583
97,923
97,834
97,510
97,368
97,583
97,10
97,109
97,191
97,379
97,112
97,377
97,5
97,500
97,296
97,982
97,436
97,939
97,449
97,902
97,796
97,389
97,232
97,586
97,647
97,797
97,868
97,338
97,47
97,444
97,319
97,635
97,450
97,297
97,541
97,96
97,561
97,700
97,820
97,537
97,548
97,659
97,864
97,245
97,603
97,154
97,568
97,312
97,796
97,941
97,983
97,466
97,261
97,961
97,597
97,290
97,897
97,605
97,749
97,994
97,270
97,234
97,542
97,905
97,438
97,795
96,870
96,473
96,550
96,285
96,258
96,595
96,332
96,914
96,64
96,425
96,150
96,529
96,682
96,4
96,132
96,402
96,709
96,14
96,10
96,306
96,989
96,723
96,802
96,3
96,8
96,986
96,594
96,580
96,647
96,362
96,349
96,35
95,218
95,380
95,219
95,770
95,188
95,66
95,509
95,535
95,749
95,28
95,249
95,821
95,914
95,879
95,955
95,577
95,68
95,36
95,849
95,24
95,729
95,875
95,332
95,290
95,341
95,824
95,575
95,969
95,292
95,875
95,425
95,262
95,913
95,287
95,506
95,626
95,239
95,518
95,178
95,784
95,798
95,796
95,127
95,459
94,472
94,654
94,906
94,758
94,260
94,596
94,105
94,744
94,564
94,715
94,252
94,821
94,477
94,835
94,244
93,899
93,798
93,781
93,788
93,884
93,331
93,267
93,645
93,880
93,656
93,461
93,190
93,392
93,27
93,902
93,364
93,758
93,554
93,644
93,745
93,399
93,956
93,384
93,167
93,549
93,518
93,755
93,605
93,826
93,879
93,921
93,588
93,64
93,958
93,948
93,50
93,177
93,412
93,967
93,449
93,620
93,752
93,50
93,391
93,794
93,680
93,317
93,688
93,494
93,150
93,782
93,319
93,479
93,853
93,564
93,391
93,36
93,464
93,710
93,234
93,404
93,550
93,388
93,144
93,738
93,111
93,184
93,251
93,879
93,782
92,107
92,822
92,743
92,169
92,310
92,281
92,877
92,390
92,71
92,744
92,959
92,349
92,766
92,965
92,550
92,963
92,263
92,370
92,939
92,919
92,216
92,797
92,307
92,913
92,696
92,299
92,929
92,816
92,718
92,874
92,426
92,720
92,239
92,129
92,362
92,565
92,448
92,755
92,383
92,56
92,143
92,336
92,200
92,361
92,660
92,701
92,191
92,822
92,427
92,409
92,128
92,123
92,305
92,423
92,386
91,316
91,428
91,2
91,990
91,69
91,559
91,204
91,657
91,79
91,696
91,553
91,920
91,725
91,616
91,515
91,700
91,814
91,368
91,159
91,454
91,819
91,97
91,175
91,267
91,871
91,318
91,648
91,190
91,131
90,299
90,643
90,107
90,907
90,947
90,470
90,618
90,746
90,132
89,223
89,879
89,175
89,897
89,928
89,894
89,104
89,369
89,703
89,119
89,301
89,183
89,110
89,886
89,320
89,869
89,469
89,662
89,411
89,5
89,877
89,35
89,877
89,803
89,636
89,616
89,195
89,156
89,603
89,763
88,338
88,765
88,318
88,373
88,419
88,341
88,924
88,955
88,225
88,89
88,458
88,513
88,506
88,405
88,921
88,650
88,632
88,425
88,13
88,691
88,322
88,210
88,212
88,647
88,808
88,312
88,341
88,37
88,430
88,211
88,474
88,695
88,390
88,512
88,392
88,725
88,379
88,239
88,677
88,963
88,686
88,744
88,425
88,860
88,63
88,57
88,612
88,551
88,705
88,435
88,701
88,365
88,709
88,954
88,859
88,351
88,936
88,73
88,693
88,888
88,519
88,355
88,943
88,709
88,681
88,796
88,246
88,890
88,853
88,779
88,515
88,274
88,931
88,46
88,361
88,145
88,111
88,155
88,54
88,623
88,713
88,403
88,199
88,583
88,869
88,427
88,940
88,622
88,686
88,674
88,673
88,74
88,375
88,837
88,476
88,814
88,928
88,211
88,423
87,771
87,126
87,264
87,47
87,555
87,701
87,771
87,300
87,75
87,305
87,50
87,138
87,171
87,719
87,987
87,102
87,574
86,771
86,397
86,894
86,986
86,131
86,230
86,454
86,646
86,404
86,826
86,2
86,981
86,175
86,511
86,692
86,570
86,110
86,594
86,254
86,592
86,313
86,683
86,289
86,490
86,69
86,221
86,79
86,89
86,493
86,280
86,356
86,700
86,889
86,832
86,445
86,77
86,524
86,710
86,113
86,561
86,131
86,928
86,115
86,689
86,739
86,397
86,75
86,17
86,68
86,471
86,303
86,330
86,422
86,628
86,245
86,870
86,432
86,548
86,477
86,793
86,547
86,455
86,960
86,832
86,8
86,963
86,774
86,101
86,391
86,947
86,461
86,82
85,204
85,623
85,714
85,764
85,427
85,693
85,238
85,650
85,755
85,43
85,774
85,711
85,512
85,563
85,674
85,864
85,23
85,448
85,711
85,926
85,786
85,800
85,2
85,678
85,268
85,576
85,894
84,160
84,225
84,422
84,580
84,862
84,260
84,335
84,127
84,277
84,889
84,371
84,102
84,778
84,272
84,2
84,814
84,701
84,174
84,110
84,288
84,231
84,919
84,701
84,385
84,292
84,857
84,264
84,559
84,859
84,0
84,163
84,26
84,190
84,879
84,948
84,662
84,671
84,641
84,861
84,259
84,259
84,354
84,116
84,164
84,426
84,366
84,20
84,233
84,133
84,728
84,83
84,694
84,741
84,259
84,851
84,151
84,48
84,862
84,670
84,217
84,903
84,938
84,652
84,516
84,240
83,508
83,273
82,284
82,999
82,423
82,609
82,105
82,687
82,109
82,928
82,377
82,260
82,438
82,384
82,267
82,179
82,611
82,964
82,794
82,527
82,497
82,732
82,874
82,912
82,884
82,70
82,760
82,95
81,203
81,9
81,905
81,730
81,76
81,704
81,231
81,924
81,758
81,845
81,855
81,954
81,633
81,432
81,411
81,875
81,153
81,980
81,111
81,588
81,536
81,773
81,34
81,76
81,187
81,555
81,975
81,827
81,277
81,484
81,497
81,510
81,364
81,524
81,880
81,98
81,645
81,788
81,636
81,671
81,866
81,279
81,531
81,597
81,815
81,774
81,68
81,201
81,536
81,943
81,928
81,970
81,730
81,475
81,272
81,738
81,150
81,125
81,28
81,284
81,625
81,974
81,869
81,601
81,133
81,578
81,419
81,715
81,947
81,589
81,995
81,696
81,479
81,478
81,261
81,29
81,91
81,949
81,449
81,317
81,488
80,727
80,235
80,24
80,596
80,675
80,890
80,430
80,544
80,802
80,554
80,860
80,37
80,228
80,850
80,55
80,874
80,547
80,999
80,355
80,65
80,349
80,660
80,229
80,355
80,814
80,354
80,91
80,62
80,62
80,497
80,251
80,590
80,874
80,158
80,347
80,51
80,516
80,708
80,902
80,745
80,809
80,259
80,679
80,492
80,100
80,411
80,653
80,300
80,256
80,842
80,733
80,846
80,128
80,256
80,96
80,884
80,779
80,29
80,389
80,69
80,697
80,286
80,786
80,618
80,16
80,887
79,210
79,336
79,781
79,392
79,390
79,411
79,165
79,419
79,552
79,666
79,350
79,972
79,441
79,301
79,848
79,314
79,151
79,766
79,242
79,746
79,968
79,464
79,245
79,893
79,530
79,970
79,911
79,486
79,893
79,856
79,996
79,751
79,832
79,387
79,986
79,916
79,175
79,446
79,353
79,24
79,722
79,808
79,137
79,328
79,199
79,476
79,297
79,787
79,726
79,323
79,974
79,127
79,631
78,976
78,86
78,507
78,165
78,265
78,942
78,652
78,88
78,381
78,373
78,406
78,184
78,590
78,557
78,801
78,702
78,516
78,837
78,637
78,76
78,681
78,396
78,768
78,709
78,150
78,745
78,353
78,689
78,627
78,833
78,394
78,198
78,122
78,16
78,711
78,411
78,294
78,107
78,84
78,425
78,722
78,627
78,454
78,934
78,674
78,113
78,714
78,767
78,359
78,808
78,40
78,923
78,94
78,164
78,98
78,571
78,601
78,923
78,696
78,127
78,954
78,287
78,816
78,126
78,387
78,320
78,549
78,503
78,679
78,12
78,852
78,459
78,332
78,632
78,370
78,987
78,943
78,313
78,149
78,876
78,524
78,657
78,423
78,927
78,623
78,669
78,439
78,449
78,293
78,512
78,791
78,909
78,136
78,468
77,364
77,649
77,54
77,904
77,25
77,161
77,529
77,497
77,431
77,528
77,561
77,62
77,839
76,984
76,778
76,121
76,299
76,613
76,389
76,168
76,244
76,783
76,14
76,469
76,0
76,291
76,609
76,398
76,774
76,600
76,502
76,3
76,324
76,101
76,488
76,863
76,923
76,626
76,579
76,802
76,425
76,781
76,895
76,113
76,401
76,362
76,680
76,493
76,970
76,806
76,554
76,323
76,283
76,956
76,655
76,754
76,930
76,484
76,746
76,615
76,690
76,44
76,340
76,564
76,921
76,715
76,172
76,81
76,645
76,595
76,711
76,255
76,836
76,607
76,349
76,106
76,754
76,603
76,160
76,491
76,937
76,210
76,413
75,946
75,400
75,64
75,794
75,135
75,438
75,850
75,954
75,331
75,313
75,698
75,972
75,269
75,968
75,232
75,786
75,145
75,170
75,300
75,226
75,715
75,855
75,838
75,206
75,558
75,566
75,690
75,43
75,577
75,974
75,357
75,262
75,121
75,175
75,172
75,777
75,515
75,393
75,123
75,756
75,507
75,34
75,478
75,513
75,294
75,206
75,976
75,862
75,434
75,141
75,854
75,46
75,995
75,855
75,805
75,861
75,749
75,746
75,346
75,82
75,982
75,518
75,586
75,427
75,513
75,457
75,474
75,176
75,847
75,401
75,275
75,254
75,147
75,833
75,411
75,740
75,931
75,265
75,745
75,13
75,437
74,700
74,588
74,229
74,669
74,109
74,75
74,492
74,881
74,920
74,827
74,968
74,655
74,438
74,672
74,492
74,254
74,720
74,371
74,620
74,114
74,369
74,11
74,271
74,281
74,789
74,150
74,977
74,988
74,762
74,859
74,108
74,456
74,859
74,476
74,743
74,619
74,103
74,99
74,414
74,756
74,937
74,758
74,393
74,886
74,820
74,299
73,3
73,75
73,746
73,267
73,413
73,78
73,723
73,282
73,363
73,767
73,80
73,163
73,564
73,913
73,592
73,394
73,188
73,969
73,99
73,921
73,639
73,154
73,563
73,335
73,283
73,132
73,358
73,725
73,103
73,241
73,437
73,791
73,998
73,363
73,619
73,534
73,348
73,43
73,6
73,909
73,205
73,145
73,424
73,637
73,478
73,452
73,786
73,752
73,130
73,27
73,392
73,747
73,207
73,563
73,215
73,943
73,831
73,158
73,525
73,860
73,942
73,910
73,754
73,174
73,173
73,609
73,260
73,884
73,650
73,372
73,63
73,274
73,484
73,200
73,119
73,314
73,713
73,750
73,397
73,524
73,669
73,590
73,360
73,77
73,649
72,155
72,602
72,997
72,546
72,838
72,425
72,37
72,6
72,314
71,176
71,700
71,518
71,966
71,631
71,513
71,367
71,191
71,193
71,637
71,277
71,814
71,768
71,726
71,164
71,666
71,660
71,340
71,231
71,546
71,241
71,878
71,61
71,926
71,667
71,740
71,585
71,328
71,564
71,596
71,919
71,318
71,48
71,999
71,443
71,299
71,938
71,653
70,525
70,959
70,731
70,574
70,57
70,293
70,941
70,405
70,107
70,504
70,837
70,817
70,25
70,268
70,564
70,838
70,943
70,765
70,73
70,906
70,584
70,474
70,144
70,351
70,862
69,154
69,238
68,47
68,277
68,993
68,55
68,330
68,108
68,31
68,595
68,66
68,147
68,159
68,882
68,787
68,807
68,935
68,573
68,609
68,940
68,244
68,748
68,438
68,734
68,122
68,487
68,190
68,204
68,912
68,80
68,510
68,134
68,452
68,813
68,980
68,506
68,670
68,588
68,891
68,693
68,417
68,602
68,402
68,134
67,34
67,966
67,390
67,344
67,588
67,17
67,607
67,560
67,805
67,0
67,458
67,625
67,876
67,4
67,607
67,956
67,639
67,522
67,797
67,865
67,873
67,240
67,525
67,275
67,41
67,204
67,428
67,51
67,107
67,144
67,504
67,754
67,933
67,526
67,676
67,114
67,132
67,303
67,896
67,817
67,933
67,254
67,459
67,812
67,581
67,360
67,494
67,784
67,272
67,778
67,517
67,919
67,943
67,579
67,166
67,274
67,94
67,464
67,799
66,379
66,990
66,59
66,186
66,274
66,524
66,897
66,283
66,522
66,963
66,957
66,784
66,283
66,636
66,774
66,512
66,7
66,665
66,67
66,827
66,760
66,372
66,511
66,420
66,428
66,725
66,625
66,758
66,511
66,200
66,623
66,166
66,938
66,993
66,676
66,68
66,91
66,781
66,653
66,937
66,328
66,646
66,350
66,140
66,610
66,899
66,232
66,528
66,261
66,552
66,439
66,925
66,693
66,278
66,357
66,535
66,251
66,890
66,932
65,869
65,8
65,145
65,752
65,236
65,220
65,665
65,350
65,123
64,359
64,331
64,822
64,420
64,82
64,203
64,691
64,162
64,954
64,80
64,540
63,549
63,952
63,894
63,645
63,59
63,976
63,474
63,445
63,799
63,966
63,345
63,203
63,657
63,31
63,671
63,84
63,90
63,39
63,757
63,178
63,586
63,294
63,580
63,379
63,551
63,127
63,207
63,13
63,163
63,486
62,774
62,713
62,120
62,65
62,75
62,855
62,508
62,710
62,808
62,700
62,36
62,908
62,931
62,62
62,453
62,830
62,442
62,588
62,530
62,384
62,1
62,724
62,717
62,602
62,112
62,107
62,149
62,590
62,269
62,67
62,873
62,401
62,261
62,26
62,703
62,411
62,749
62,937
62,525
62,813
62,432
62,568
62,58
62,17
62,214
62,863
62,985
62,220
62,205
62,391
62,282
62,273
62,708
62,555
62,431
62,734
62,125
62,348
62,505
62,840
62,698
62,795
62,6
62,903
62,693
62,887
62,504
62,26
62,635
62,715
62,805
62,93
62,433
62,532
62,477
62,887
62,440
62,957
62,439
62,732
62,151
62,697
62,649
62,640
62,614
62,403
62,455
62,50
62,550
62,963
62,764
61,603
61,623
61,211
61,360
61,90
61,538
61,585
61,946
61,223
61,862
61,785
61,711
61,824
61,803
61,201
61,732
61,815
61,48
61,375
61,967
61,629
61,579
61,635
61,711
61,318
61,968
61,293
61,5
61,609
61,55
61,476
61,430
61,38
61,561
61,264
61,634
61,193
61,322
61,62
61,16
61,189
61,194
61,267
61,415
61,394
61,20
61,100
61,782
61,632
61,52
61,455
61,669
61,901
61,270
61,626
61,750
61,975
61,819
61,32
61,407
61,761
60,935
60,510
60,981
60,157
60,949
60,67
60,568
60,203
60,375
60,79
60,301
60,602
60,79
60,225
60,11
60,503
60,133
60,926
60,186
60,580
60,315
60,544
60,805
60,171
60,637
60,316
60,557
60,285
60,250
60,155
60,743
60,795
60,29
60,126
60,72
60,75
60,97
60,206
60,550
60,267
60,458
60,758
60,857
60,32
60,690
60,40
60,198
60,286
60,662
60,123
60,587
60,291
60,468
60,964
60,575
60,772
60,689
60,884
60,157
60,703
59,950
59,947
59,47
59,772
59,906
59,497
59,254
59,646
59,374
59,428
59,328
59,392
59,200
59,492
59,741
59,18
59,2
59,197
59,221
59,505
59,229
59,612
59,362
59,157
59,155
59,657
59,442
59,395
59,305
59,328
59,344
59,515
59,624
59,11
59,825
59,434
59,655
59,953
59,131
59,886
58,366
58,387
58,821
58,805
58,7
58,376
58,336
58,459
58,651
58,386
58,310
58,517
58,785
58,762
58,893
58,590
58,901
58,846
58,81
58,233
58,110
58,620
58,30
58,866
58,771
58,128
58,861
58,300
58,684
58,236
58,895
58,627
58,957
58,254
58,0
58,785
58,413
58,603
58,930
58,228
58,187
58,21
58,63
58,734
58,504
58,613
58,657
58,38
58,719
58,897
58,143
58,726
58,749
58,529
58,236
58,949
58,406
58,461
58,626
58,175
58,706
58,267
58,905
58,498
57,84
57,277
57,631
57,283
57,922
57,985
56,541
56,139
56,158
56,327
56,570
56,990
56,42
56,981
56,327
56,665
56,492
56,822
56,118
56,339
56,25
56,173
56,377
56,490
56,131
56,884
56,980
56,851
56,249
56,549
56,161
56,444
56,876
56,729
56,519
56,956
56,165
56,596
56,354
56,272
56,685
56,488
56,167
56,545
56,865
56,833
56,201
56,87
56,324
56,280
56,6
56,865
56,370
56,767
56,572
56,216
56,61
56,187
56,503
56,633
56,458
56,797
56,239
56,28
56,152
56,387
56,466
56,661
55,225
55,342
55,250
55,594
55,778
54,815
54,655
54,36
54,961
54,606
54,997
54,810
54,766
54,512
54,979
54,902
54,733
54,67
54,287
54,797
54,16
54,963
54,282
54,262
54,233
54,485
54,267
54,337
54,823
54,893
54,299
54,323
54,532
54,475
54,511
54,631
54,476
54,270
54,270
54,80
54,483
54,447
54,373
54,742
54,43
54,155
54,358
54,727
54,916
54,535
54,290
54,288
54,833
54,278
54,789
54,441
54,580
54,813
54,935
54,792
54,342
54,273
54,948
54,474
54,648
53,957
53,490
53,978
53,28
53,803
53,309
53,794
53,369
53,359
53,554
53,814
53,197
53,540
53,127
53,171
53,83
53,62
53,842
53,202
53,649
53,219
53,739
53,843
53,864
53,166
53,31
53,755
53,918
53,382
53,859
53,825
53,21
53,737
53,829
53,492
53,809
53,371
53,875
53,355
53,169
53,250
53,663
53,253
53,744
53,820
53,279
53,122
53,840
53,553
53,237
52,235
52,514
52,421
52,967
52,87
52,734
52,977
52,515
52,111
52,994
52,848
52,755
52,594
51,372
51,34
51,994
51,810
51,324
51,890
51,830
51,804
51,851
51,172
51,721
51,240
51,367
51,198
51,262
51,432
51,393
51,540
51,77
51,696
51,393
51,469
51,834
51,521
51,110
51,164
51,284
51,500
51,64
51,970
51,892
50,594
50,791
50,83
50,793
50,825
50,197
50,345
50,301
50,367
50,600
50,947
50,315
50,940
50,154
50,632
50,629
50,939
50,633
50,416
50,798
50,654
50,327
50,96
50,701
50,513
50,502
50,431
50,380
50,365
50,118
50,171
50,474
50,15
50,836
50,202
50,85
50,679
50,106
50,491
50,606
50,470
50,256
50,593
50,186
50,12
50,219
50,811
50,950
50,381
50,431
50,790
49,51
49,500
49,937
49,91
49,643
49,272
49,319
49,832
49,781
49,806
49,260
49,515
49,915
49,593
49,144
49,382
49,839
49,664
49,267
49,150
49,572
49,219
49,642
49,904
49,72
49,729
49,294
49,564
49,737
49,344
49,319
49,917
49,516
49,415
49,755
49,203
49,677
49,775
49,662
49,636
49,298
49,187
49,735
49,310
49,969
49,883
48,377
48,75
47,862
47,659
47,234
47,877
47,946
47,577
47,939
47,594
47,462
47,89
47,101
47,376
47,184
47,584
47,690
47,34
47,986
47,523
47,620
47,139
47,360
47,420
47,894
47,177
47,972
47,977
47,223
47,970
47,816
47,586
47,139
47,605
47,546
47,714
47,460
47,753
47,295
47,368
47,522
46,584
46,255
46,641
46,867
46,626
46,241
46,686
46,311
46,522
46,714
46,280
46,511
46,351
46,43
46,987
46,653
46,974
46,55
46,5
46,407
46,42
46,615
46,49
46,357
46,870
46,587
46,885
46,952
46,427
46,152
46,337
46,533
46,990
46,146
46,63
46,345
46,541
46,293
46,945
46,168
46,497
46,362
46,223
46,103
46,267
46,312
46,447
46,142
46,288
46,193
46,121
46,373
46,833
46,36
46,762
46,25
46,972
46,72
46,50
46,524
46,920
46,147
46,707
46,394
46,519
46,948
46,92
46,526
46,456
46,46
46,227
46,35
46,209
46,151
46,61
46,629
46,181
46,524
46,429
46,519
46,506
46,431
45,645
45,96
45,278
45,131
45,392
45,830
45,860
45,169
45,842
45,102
45,604
45,95
45,108
45,907
45,930
45,91
45,817
45,583
45,423
45,870
45,887
45,58
45,5
45,73
45,856
45,140
45,744
45,225
45,827
45,718
45,527
45,4
45,918
45,692
45,66
45,839
45,365
45,328
45,261
45,551
45,335
45,847
45,809
45,985
45,662
45,473
45,217
45,915
45,830
45,797
45,777
45,395
45,893
45,99
45,538
45,871
45,255
44,652
44,318
44,293
44,979
44,159
44,887
44,924
44,315
44,504
44,339
44,808
44,360
44,377
44,601
44,797
44,796
44,52
44,298
44,650
44,724
44,273
44,640
44,679
44,38
44,482
44,193
44,560
44,214
44,45
44,122
44,689
44,534
44,231
44,510
44,348
44,321
44,341
44,834
44,544
44,434
44,326
44,614
44,931
44,484
44,151
44,122
44,82
44,102
44,89
44,750
44,79
44,113
44,155
44,853
44,513
44,265
44,115
44,849
44,395
44,64
44,247
44,835
44,505
44,189
44,54
44,292
44,468
44,126
44,19
44,709
44,724
44,637
44,702
44,196
44,169
44,208
44,656
43,203
43,479
43,219
43,534
43,110
43,811
43,468
43,695
43,765
43,130
43,665
43,637
43,120
43,640
43,351
43,184
43,110
43,710
43,978
43,598
43,190
43,767
43,558
43,763
43,89
42,411
42,334
42,870
42,397
42,516
42,726
42,271
42,29
42,974
42,170
41,177
41,26
41,760
41,644
41,109
41,89
41,26
41,700
41,243
41,623
41,595
41,590
41,658
41,121
41,608
41,347
41,804
41,358
41,404
41,383
41,492
41,387
41,658
41,205
41,51
41,561
41,543
41,481
41,658
41,268
41,623
41,987
41,231
41,866
41,839
41,606
41,813
41,720
41,65
41,88
41,272
41,301
41,383
41,219
41,165
41,434
41,408
41,944
41,204
41,4
41,947
41,174
41,40
41,910
41,241
40,872
40,903
40,965
40,143
40,631
40,308
40,288
40,87
40,974
40,930
40,541
40,51
40,473
40,437
40,772
40,192
40,891
40,154
40,468
40,389
40,378
40,856
40,273
40,964
40,312
40,160
40,241
40,337
40,584
40,73
40,740
40,415
40,350
40,329
40,364
40,176
40,739
40,416
40,270
40,573
40,343
40,416
40,312
40,412
40,171
40,97
40,178
40,814
40,108
40,840
40,421
40,632
40,2
40,785
40,143
40,707
40,341
40,496
40,754
40,93
40,869
40,120
40,662
40,210
40,519
39,992
39,574
39,22
39,225
39,614
39,649
39,773
39,332
39,573
39,170
39,759
39,400
39,315
39,273
39,196
39,316
39,665
39,142
39,877
39,829
39,181
39,81
39,541
39,198
39,28
39,714
39,645
39,484
39,484
39,340
39,951
39,498
39,178
39,598
39,181
39,778
39,555
39,955
39,414
39,827
39,142
39,432
39,632
39,381
39,56
38,911
38,839
38,797
38,419
38,737
38,304
38,945
38,848
38,184
38,319
38,472
38,442
38,901
38,819
38,250
38,573
38,106
38,467
38,273
37,539
37,744
36,606
36,852
36,791
36,655
36,172
36,595
36,119
36,567
36,354
36,411
36,301
36,994
36,337
36,727
36,411
36,589
36,432
36,983
36,862
36,389
36,377
36,231
36,737
36,881
36,994
36,796
36,244
36,65
36,68
36,725
36,456
36,764
36,370
36,929
36,374
36,483
36,560
36,99
36,985
36,581
36,961
36,611
36,71
36,513
36,129
36,199
36,665
36,100
36,589
36,620
36,178
36,411
36,96
36,555
36,787
36,354
36,301
36,100
36,336
36,112
36,234
36,889
36,939
36,451
36,520
36,211
36,942
36,576
36,372
36,916
36,96
36,482
36,875
36,389
36,341
36,280
36,2
36,509
36,455
36,108
36,203
36,243
36,796
36,374
36,863
36,65
36,464
36,370
36,210
36,398
36,533
36,111
36,879
36,197
36,801
36,618
35,775
35,984
35,600
35,239
35,911
35,394
35,147
35,845
35,999
35,824
35,997
35,999
35,914
35,455
35,60
35,24
35,160
35,364
35,295
35,884
35,104
35,382
35,367
35,116
35,996
35,16
35,948
35,218
35,208
35,814
34,435
34,406
34,677
34,803
33,147
33,500
33,762
33,460
33,670
33,551
33,469
33,589
33,945
33,282
33,371
33,140
33,241
33,960
33,257
33,420
33,778
33,874
33,288
33,510
33,284
33,698
33,706
33,732
33,65
33,205
33,339
33,559
33,593
33,420
33,199
33,309
33,710
33,649
33,527
33,786
33,157
33,693
33,956
33,554
33,466
33,642
33,797
33,401
33,35
33,888
33,275
33,912
33,535
33,652
33,355
33,877
33,696
33,706
33,788
33,131
33,81
33,940
33,38
33,42
33,970
33,549
33,362
33,552
33,879
33,795
32,155
32,131
32,33
32,757
32,435
32,886
32,411
32,228
32,56
32,277
32,679
32,746
32,330
32,541
32,241
32,925
32,957
32,570
32,792
32,114
32,272
32,448
32,868
32,994
32,635
32,13
32,769
32,763
32,258
31,573
31,103
31,946
31,580
31,494
31,972
31,697
31,887
31,997
31,132
31,617
31,548
31,336
31,466
31,165
31,734
31,373
31,494
31,291
31,944
31,640
31,561
31,185
31,265
31,50
31,737
31,176
31,524
31,710
31,636
31,499
31,932
31,99
31,358
31,36
31,286
31,626
31,147
31,422
31,428
31,35
31,782
31,29
31,947
31,60
31,337
31,835
30,631
30,283
30,51
30,590
30,955
30,598
30,607
30,8
30,312
30,797
30,668
30,991
30,418
30,186
30,895
30,894
30,977
30,476
30,111
30,656
30,968
30,571
30,247
30,7
30,908
30,288
30,724
30,747
30,75
30,221
30,40
30,0
30,212
30,109
30,604
30,205
30,165
29,266
29,657
29,131
29,999
29,585
29,797
29,195
29,455
29,464
29,226
29,644
29,445
29,858
29,100
29,134
29,32
29,81
28,589
28,510
28,413
28,607
28,110
28,722
28,644
28,540
28,705
28,49
28,945
28,343
28,569
28,720
28,41
28,474
28,752
28,194
28,943
28,273
28,20
28,678
28,320
28,646
28,236
28,662
28,79
28,74
28,162
28,680
28,678
28,661
28,802
28,373
28,160
28,426
28,383
28,300
28,611
28,809
28,761
28,871
28,923
28,763
28,304
28,383
28,650
28,324
28,273
28,771
28,613
28,606
28,471
28,285
28,614
28,635
28,158
28,203
28,450
28,477
28,316
28,647
28,691
28,244
28,585
28,471
28,960
28,401
28,680
28,243
28,533
28,606
28,922
28,143
28,752
27,914
27,78
27,974
27,788
27,583
27,695
27,300
27,235
27,245
27,91
27,44
27,783
27,599
26,844
26,267
26,281
26,359
26,779
26,858
26,749
26,418
26,897
26,656
26,257
26,528
26,545
26,33
26,172
26,486
26,808
26,328
26,205
26,106
26,595
26,754
26,416
26,919
26,324
26,415
26,662
26,64
26,741
26,287
26,79
26,83
26,783
26,819
26,505
26,396
26,685
26,10
26,500
26,617
26,848
26,70
26,21
26,734
26,707
26,336
26,320
26,129
26,818
26,864
26,363
26,466
26,338
26,697
26,406
26,783
26,911
26,540
26,327
26,283
26,216
26,313
26,826
26,216
26,972
25,537
25,97
25,351
25,301
25,774
25,601
25,856
25,493
25,550
25,51
25,16
25,919
25,730
25,771
25,858
25,430
25,634
25,413
25,770
25,645
25,377
25,967
25,783
25,846
25,419
25,180
25,359
25,886
25,263
25,691
25,358
25,761
25,947
25,925
25,695
25,625
25,395
25,451
25,717
25,890
25,311
25,600
25,507
25,252
25,504
25,836
25,117
25,371
25,470
25,185
25,349
25,614
25,907
25,718
25,594
25,985
25,236
25,3
25,165
25,391
25,797
25,78
25,779
25,969
25,523
25,784
25,60
25,635
25,103
25,703
25,699
25,129
25,914
25,693
25,284
25,448
25,853
25,728
25,585
25,904
25,978
25,395
25,476
25,373
25,947
25,849
25,439
25,15
25,131
25,106
25,472
25,213
25,284
25,826
25,725
25,590
25,879
24,682
24,890
24,441
24,145
24,613
24,985
24,244
24,469
24,183
24,612
24,196
24,111
24,226
24,779
24,994
24,97
24,238
24,403
24,880
24,11
23,541
23,225
23,606
23,238
23,677
23,382
23,216
23,272
23,867
23,167
23,669
23,508
23,65
23,791
23,200
23,384
23,87
23,805
23,367
23,447
23,410
23,729
23,345
23,134
23,216
23,503
23,463
23,101
23,297
23,913
23,976
23,880
23,43
23,110
23,453
23,374
23,915
23,751
23,790
23,365
23,907
23,523
23,929
23,903
23,119
23,282
23,560
23,199
23,239
23,694
23,608
23,356
23,850
23,599
23,405
23,510
23,514
23,264
23,266
23,261
23,294
23,934
23,612
23,449
23,629
23,571
23,676
23,901
23,261
23,38
23,675
23,88
23,945
23,719
23,340
23,370
23,265
23,132
23,945
23,24
23,606
23,386
23,851
23,899
23,589
23,267
23,397
23,484
23,81
23,154
23,966
23,687
23,610
23,533
22,30
22,255
22,531
22,772
22,660
22,874
22,586
22,123
22,451
22,214
22,316
22,741
22,250
22,605
22,681
22,552
22,188
22,209
22,691
22,296
22,59
22,490
21,90
21,290
21,566
21,849
21,675
21,71
21,877
21,827
21,624
21,421
21,68
21,437
21,13
21,101
21,787
21,875
21,264
21,864
21,721
21,197
21,380
21,100
21,385
21,765
21,157
21,901
21,976
21,230
21,504
21,936
20,288
20,62
20,394
20,396
20,605
20,832
20,413
20,346
20,999
20,150
20,403
20,389
20,804
20,595
20,127
20,484
20,773
20,348
20,460
20,154
20,753
20,83
20,908
20,998
20,135
20,180
20,592
20,413
20,0
20,727
20,719
20,842
20,764
20,643
20,573
20,323
20,144
20,880
20,457
20,596
20,116
20,741
20,767
20,824
20,318
20,952
20,560
20,145
20,885
20,953
20,521
20,492
20,190
20,79
20,742
20,206
20,417
20,900
20,912
20,228
20,839
20,318
20,791
20,859
20,366
20,7
20,509
20,790
20,866
20,158
20,758
20,592
20,155
20,559
20,495
20,626
20,523
20,983
20,846
20,999
19,225
19,652
19,783
19,118
19,545
19,151
19,908
19,901
19,38
19,769
19,266
19,6
19,893
19,262
19,614
19,934
19,331
19,370
19,341
19,382
19,370
19,690
19,819
19,258
19,332
19,669
19,521
19,627
19,968
19,389
19,628
19,181
19,235
19,193
19,811
19,591
19,62
19,332
19,559
19,588
19,661
19,120
19,786
19,345
19,525
19,222
19,604
19,236
19,105
19,213
19,518
19,612
19,560
19,552
19,922
19,158
19,389
19,143
19,959
19,485
19,37
19,571
19,625
19,95
19,352
19,496
18,658
18,707
18,172
18,723
18,301
18,822
18,0
18,138
18,707
18,902
18,731
18,867
18,441
18,966
18,915
18,162
18,50
18,242
18,870
18,20
18,683
18,630
18,128
18,484
17,146
17,772
17,775
17,643
17,48
17,76
17,293
17,116
17,493
17,560
17,109
17,978
17,179
17,561
17,71
17,858
17,433
17,285
17,515
17,74
17,596
17,490
17,321
17,887
17,532
17,208
17,42
17,498
17,28
17,410
17,855
17,180
17,304
17,962
17,614
17,777
17,258
17,372
17,876
17,745
17,857
17,380
17,885
17,612
17,90
17,68
17,617
17,522
17,12
17,616
17,225
17,421
17,167
17,928
17,378
17,289
17,922
17,99
17,217
17,306
17,344
17,210
17,788
17,734
17,668
17,584
17,274
17,409
17,920
17,551
17,234
17,635
17,284
16,170
16,451
16,138
16,754
16,313
16,475
16,345
16,387
16,125
16,718
16,850
16,197
16,698
16,900
16,17
16,709
16,447
16,350
16,664
16,643
16,325
16,424
16,164
16,570
16,177
16,439
16,664
16,673
16,914
16,865
16,462
16,753
16,135
16,949
16,747
16,46
16,496
16,639
16,929
16,337
16,157
16,524
16,630
16,814
16,886
16,288
16,802
16,115
16,599
16,636
16,409
16,174
16,498
16,875
16,564
16,622
16,576
16,332
16,886
15,125
15,138
15,624
15,730
15,155
15,696
15,120
15,321
15,448
15,709
15,856
15,290
15,975
15,3
15,700
15,238
15,677
15,171
15,723
15,856
15,582
15,660
15,902
15,796
15,627
15,902
15,834
15,604
15,988
15,614
15,869
15,379
15,709
15,109
15,329
15,100
15,694
15,845
15,917
15,507
15,671
15,593
15,35
15,237
15,243
15,250
15,392
15,766
15,281
15,21
15,429
15,229
15,982
15,400
15,153
15,119
15,677
15,895
15,385
15,389
15,710
15,396
15,346
15,586
15,950
15,78
15,830
15,584
15,199
15,813
15,133
15,559
14,720
14,573
14,444
14,815
14,104
14,640
14,394
14,971
14,909
14,327
14,606
14,518
14,685
14,245
14,414
14,527
14,169
14,166
14,309
14,939
14,594
14,391
14,220
14,833
14,681
14,834
14,114
14,860
14,334
14,741
14,219
14,246
14,100
14,415
14,221
14,178
14,508
14,174
14,605
14,626
14,673
14,780
14,736
14,745
14,848
14,66
13,135
13,707
13,213
13,475
13,620
13,323
13,102
13,852
13,327
13,595
13,223
13,256
13,645
13,347
13,107
13,926
13,969
13,979
13,519
13,149
13,997
13,476
13,392
13,683
13,558
13,0
13,360
13,691
13,550
13,89
13,74
13,499
13,738
13,635
13,343
13,96
13,851
13,282
13,718
13,32
13,115
13,454
13,865
13,428
13,827
13,825
13,690
13,173
13,745
13,132
13,441
13,93
13,347
13,401
13,419
13,706
13,404
13,941
13,185
13,975
13,375
13,676
13,873
13,702
13,516
13,497
13,498
13,205
13,414
13,365
13,855
13,738
13,419
13,585
13,218
13,951
13,538
13,374
13,22
13,460
13,719
13,354
13,602
13,51
12,532
12,804
12,324
12,976
12,112
12,943
12,650
12,237
12,360
12,990
12,859
12,555
12,63
12,927
12,916
12,454
12,265
12,444
12,603
12,623
12,419
12,339
12,844
12,274
12,369
12,842
12,226
12,225
12,939
12,643
12,908
12,228
12,826
12,897
12,369
12,128
12,807
12,24
12,698
12,292
12,355
12,837
12,134
12,3
12,226
12,889
12,680
12,444
12,417
12,284
12,836
12,26
12,736
12,248
12,365
12,947
12,201
12,437
12,197
12,929
12,647
12,637
12,606
12,72
12,246
11,411
11,29
11,929
11,371
11,821
11,631
11,947
11,854
11,502
11,7
11,617
11,137
11,694
11,896
11,851
11,376
11,932
11,721
11,148
11,885
11,259
11,126
11,810
10,820
10,433
10,219
10,819
10,739
10,873
10,786
10,373
10,290
10,563
10,670
10,437
10,826
10,939
10,823
10,508
10,786
10,941
10,855
10,449
10,326
10,490
10,53
10,816
10,94
10,59
10,336
10,666
10,636
10,163
10,570
10,945
10,106
10,201
10,300
10,781
10,889
10,838
10,550
10,679
10,648
10,13
10,903
10,720
10,534
10,504
10,847
10,985
10,776
10,739
10,774
10,209
10,455
10,468
10,473
10,962
10,572
10,400
10,56
10,882
10,749
10,663
10,280
10,4
10,612
10,305
10,343
10,542
10,566
10,153
10,788
10,353
10,357
10,697
9,423
9,348
9,941
9,282
8,896
8,982
8,575
8,16
8,106
8,164
8,606
8,536
8,628
8,191
8,195
8,307
8,136
8,952
8,859
8,93
8,891
8,750
8,87
8,160
8,147
8,584
8,455
8,87
8,13
8,314
8,593
8,120
8,884
8,951
8,832
8,715
8,732
8,932
8,281
8,800
8,426
8,782
8,470
8,284
8,276
8,978
8,324
8,534
8,227
8,890
8,595
8,647
8,968
8,573
8,653
8,517
8,256
8,136
8,207
8,463
8,949
8,139
7,414
7,657
7,710
7,967
7,274
7,860
7,43
7,83
7,433
7,809
7,93
7,174
7,405
7,201
7,857
7,498
7,480
7,987
7,329
7,540
7,209
7,617
6,376
6,347
6,168
6,884
6,804
6,176
6,537
6,323
6,871
6,508
6,803
6,114
6,798
6,29
6,753
6,289
6,146
6,273
6,221
6,340
6,509
6,514
6,69
6,357
6,908
6,556
6,885
6,765
6,322
6,623
6,91
6,341
6,423
6,551
6,971
5,209
4,148
4,949
4,541
4,579
4,547
4,807
4,393
4,73
4,297
4,919
4,899
4,814
4,730
4,946
4,876
4,771
4,799
4,777
4,394
4,539
4,429
4,199
4,423
4,61
4,341
4,865
4,44
4,802
4,930
4,88
4,33
4,645
4,232
4,767
4,36
4,768
4,459
4,290
4,197
4,894
4,949
4,254
4,80
4,446
4,136
4,189
3,696
3,528
3,152
3,925
3,149
3,110
3,25
3,464
3,956
3,889
3,886
3,117
3,445
3,595
3,673
3,872
3,928
3,228
3,507
3,763
3,121
3,326
3,469
3,287
3,525
3,839
3,696
3,152
3,591
3,41
3,274
3,552
3,438
3,207
3,779
3,166
3,111
3,349
3,129
3,735
3,886
3,812
3,216
3,381
3,24
3,67
3,978
3,771
3,234
3,716
3,998
3,291
3,726
3,701
3,709
3,727
3,555
3,32
3,11
3,616
3,212
3,138
3,694
3,421
3,637
3,668
3,623
3,488
3,770
3,539
3,979
3,217
3,663
3,821
3,307
2,275
2,174
2,554
2,371
2,184
2,444
2,488
2,589
2,286
2,280
2,637
2,770
2,515
2,94
2,226
2,875
2,269
2,880
2,296
2,328
2,19
2,607
2,840
2,410
2,450
2,248
2,180
2,323
2,829
2,782
2,864
2,260
2,963
2,749
2,139
2,598
2,461
2,889
1,203
1,324
1,774
1,964
1,47
1,639
1,131
1,972
1,868
1,180
1,846
1,143
1,660
1,227
1,954
1,791
1,719
1,909
1,373
1,853
1,560
1,305
1,581
1,169
1,675
1,448
1,95
1,197
1,606
1,256
1,881
1,690
1,292
1,930
1,816
1,861
1,387
1,610
1,554
1,973
1,368
1,999
1,917
1,201
1,383
1,512
1,906
1,370
1,555
1,954
1,383
1,23
1,699
1,130
1,377
1,98
1,574
1,931
1,734
1,123
1,963
1,594
1,942
1,739
1,148
1,209
1,562
1,411
1,782
1,41
1,58
1,705
1,36
1,778
1,86
1,43
1,872
1,11
1,770
1,307
1,80
1,32
1,182
1,128
0,70
0,472
0,600
0,396
0,314
0,705
0,486
0,551
0,87
0,174
0,600
0,849
0,677
0,537
0,845
0,72
0,777
0,916
0,115
0,976
0,755
0,709
0,847
0,431
0,448
0,850
0,99
0,984
0,177
0,755
0,797
0,659
0,147
0,910
0,423
0,288
0,961
0,265
0,697
0,639
0,544
0,543
0,714
0,244
0,151
0,675
0,510
0,459
0,882
0,183
0,28
0,802
0,128
0,128
0,932
0,53
0,901
0,550
0,488
0,756
0,273
0,335
0,388
0,617
0,42
0,442
0,543
0,888
0,257
0,321
0,999
0,937
0,57
0,291
0,870
0,119
0,779
0,430
0,82
0,91
0,896
0,398
0,611
0,565
0,908
0,633
0,938
